transaction_id,transaction_date,amount,currency,vendor_id,account_code,category,description,reconciliation_status
T000001,2023-01-05,₹0.00,INR,V0009,AC006,logistics,Invoice 9415,reconciled
T000002,2023-02-21,₹0.00,INR,V0036,AC009,hardware,Invoice 9072,unreconciled
T000003,2023-03-23,₹0.00,INR,V0043,AC002,marketing,Invoice 1435,unreconciled
T000004,2023-04-04,₹0.00,INR,V0041,AC009,hardware,Invoice 1832,reconciled
T000005,2023-05-07,₹0.00,INR,V0031,AC011,consulting,Invoice 5822,reconciled
T000006,2023-06-30,₹0.00,INR,V0005,AC007,hardware,Invoice 6094,pending
T000007,2023-07-21,₹0.00,INR,V0017,AC011,consulting,Invoice 4226,reconciled
T000008,2023-08-29,₹0.00,INR,V0016,AC002,consulting,Invoice 2965,disputed
T000009,2023-09-23,₹0.00,INR,V0034,AC001,facilities,Invoice 1250,unreconciled
T000010,2023-10-14,₹0.00,INR,V0006,AC007,software,Invoice 9503,pending
T000011,2023-11-19,₹0.00,INR,V0037,AC007,facilities,Invoice 5286,unreconciled
T000012,2023-12-23,₹0.00,INR,V9003,AC006,software,Invoice 4966,unreconciled
T000013,2024-01-31,₹0.00,INR,V0011,AC001,consulting,Invoice 2590,disputed
T000014,2024-02-05,₹0.00,INR,V0044,AC012,marketing,Invoice 6962,disputed
T000015,2024-03-17,₹0.00,INR,V0043,AC003,marketing,Invoice 7155,disputed
T000016,2024-04-20,₹0.00,INR,V9004,AC003,marketing,Invoice 5998,pending
T000017,2024-05-04,₹0.00,INR,V0031,AC002,marketing,Invoice 3675,reconciled
T000018,2024-06-02,₹0.00,INR,V0032,AC003,marketing,Invoice 2721,unreconciled
T000019,2024-07-11,₹0.00,INR,V0029,AC010,software,Invoice 6374,unreconciled
T000020,2024-08-19,₹0.00,INR,V0019,AC009,consulting,Invoice 2766,unreconciled
T000021,2024-09-14,₹0.00,INR,V0006,AC006,logistics,Invoice 2167,unreconciled
T000022,2024-10-23,₹0.00,INR,V0010,AC007,facilities,Invoice 9807,unreconciled
T000023,2024-11-10,₹0.00,INR,V0019,AC002,hardware,Invoice 5165,pending
T000024,2024-12-18,₹0.00,INR,V0041,AC010,marketing,Invoice 7606,pending
T000025,2023-01-31,₹0.00,INR,V0016,AC010,software,Invoice 8774,pending
T000026,2023-02-27,"(₹19,362.50)",INR,V9004,AC012,facilities,Invoice 3849,reconciled
T000027,2023-03-04,"(₹28,542.50)",INR,V0029,AC004,facilities,Invoice 2025,disputed
T000028,2023-04-02,"(₹28,412.50)",INR,V0033,AC008,facilities,Invoice 2184,unreconciled
T000029,2023-05-25,"(₹23,869.50)",INR,V0010,AC006,marketing,Invoice 2242,reconciled
T000030,2023-06-01,"(₹17,077.50)",INR,V0007,AC010,consulting,Invoice 5873,unreconciled
T000031,2023-07-13,"(₹41,416.50)",INR,V0030,AC011,marketing,Invoice 1632,reconciled
T000032,2023-08-27,"(₹20,426.50)",INR,V0012,AC005,facilities,Invoice 3335,reconciled
T000033,2023-09-26,"(₹15,696.50)",INR,V0006,AC005,logistics,Invoice 1353,reconciled
T000034,2023-10-18,"(₹29,622.50)",INR,V0028,AC004,hardware,Invoice 1341,reconciled
T000035,2023-11-29,"(₹29,489.50)",INR,V0035,AC002,software,Invoice 3004,reconciled
T000036,2023-12-22,"(₹26,673.50)",INR,V0028,AC010,logistics,Invoice 6053,reconciled
T000037,2024-01-22,"(₹34,752.50)",INR,V0010,AC004,logistics,Invoice 3882,unreconciled
T000038,2024-02-09,"(₹35,721.50)",INR,V0025,AC012,facilities,Invoice 5133,unreconciled
T000039,2024-03-07,"(₹20,851.50)",INR,V0035,AC011,hardware,Invoice 3676,pending
T000040,2024-04-14,"(₹24,990.50)",INR,V0026,AC010,software,Invoice 8472,reconciled
T000041,2024-05-28,"(₹8,919.50)",INR,V0041,AC001,logistics,Invoice 6895,pending
T000042,2024-06-05,"(₹24,639.50)",INR,V0041,AC005,consulting,Invoice 4162,disputed
T000043,2024-07-19,"(₹38,652.50)",INR,V0038,AC006,consulting,Invoice 9583,pending
T000044,2024-08-22,"(₹7,515.50)",INR,V0024,AC010,facilities,Invoice 1573,reconciled
T000045,2024-09-18,"(₹11,733.50)",INR,V0045,AC007,facilities,Invoice 1205,pending
T000046,2024-10-02,"(₹3,794.50)",INR,V0012,AC002,facilities,Invoice 3601,pending
T000047,2024-11-26,"(₹1,688.50)",INR,V0006,AC011,marketing,Invoice 6775,unreconciled
T000048,2024-12-05,"(₹9,069.50)",INR,V9005,AC001,software,Invoice 3822,unreconciled
T000049,2023-01-26,"(₹25,032.50)",INR,V0036,AC011,facilities,Invoice 2782,pending
T000050,2023-02-21,"(₹31,393.50)",INR,V0040,AC006,marketing,Invoice 5078,disputed
T000051,2023-03-13,"₹313,262.30",INR,V0014,AC005,,Invoice 8858,reconciled
T000052,2023-04-03,"₹273,342.27",INR,V0041,AC008,facilities,,disputed
T000053,2023-05-30,"₹32,687.76",INR,V0011,AC004,,Invoice 7297,reconciled
T000054,2023-06-19,"₹344,794.85",INR,V0008,AC004,marketing,,unreconciled
T000055,2023-07-06,"₹68,869.93",INR,V9005,AC004,,Invoice 4969,pending
T000056,2023-08-30,"₹118,458.04",INR,V0034,AC011,marketing,,disputed
T000057,2023-09-01,"₹57,455.29",INR,V0012,AC007,,Invoice 3463,pending
T000058,2023-10-15,"₹175,548.69",INR,V0032,AC007,logistics,,disputed
T000059,2023-11-06,"₹118,492.84",INR,V0045,AC001,,Invoice 1709,reconciled
T000060,2023-12-08,"₹449,823.75",INR,V9002,AC009,marketing,,pending
T000061,2024-01-27,"₹494,893.53",INR,V0009,AC002,,Invoice 3282,pending
T000062,2024-02-22,"₹237,525.22",INR,V0029,AC012,hardware,,pending
T000063,2024-03-28,"₹183,472.74",INR,V9006,AC011,,Invoice 7772,disputed
T000064,2024-04-29,"₹343,402.79",INR,V0035,AC010,hardware,,disputed
T000065,2024-05-17,"₹119,715.04",INR,V0035,AC008,,Invoice 5032,reconciled
T000066,2024-06-01,"₹156,247.47",INR,V0001,AC008,facilities,,disputed
T000067,2024-07-25,"₹465,712.07",INR,V0039,AC003,,Invoice 8679,disputed
T000068,2024-08-26,"₹22,052.83",INR,V0021,AC009,software,,pending
T000069,2024-09-05,"₹492,204.28",INR,V0005,AC012,,Invoice 1360,disputed
T000070,2024-10-17,"₹322,118.55",INR,V0007,AC004,hardware,,unreconciled
T000071,2024-11-04,"₹92,151.93",INR,V9003,AC010,,Invoice 6149,unreconciled
T000072,2024-12-16,"₹343,610.10",INR,V0020,AC005,facilities,,disputed
T000073,2023-01-30,"₹207,252.36",INR,V0029,AC006,,Invoice 6838,disputed
T000074,2023-02-20,"₹353,288.97",INR,V0024,AC010,marketing,,pending
T000075,2023-03-28,"₹328,902.29",INR,V0003,AC001,,Invoice 9974,unreconciled
T000076,2023-04-24,"₹59,451.41",INR,V0016,AC004,hardware,,disputed
T000077,2023-05-19,"₹460,141.58",INR,V0027,AC006,,Invoice 8049,disputed
T000078,2023-06-07,"₹298,220.95",INR,V9005,AC008,consulting,,unreconciled
T000079,2023-07-17,"₹164,291.83",INR,V0045,AC012,,Invoice 8582,unreconciled
T000080,2023-08-22,"₹164,564.08",INR,V0045,AC003,consulting,,disputed
T000081,2023-09-19,"₹152,439.74",INR,V9006,AC007,,Invoice 9559,reconciled
T000082,2023-10-31,"₹111,091.67",INR,V0006,AC004,consulting,,reconciled
T000083,2023-11-01,"₹247,369.55",INR,V0023,AC004,,Invoice 1026,reconciled
T000084,2023-12-06,"₹465,619.74",INR,V0043,AC011,software,,reconciled
T000085,2024-01-08,"₹436,138.52",INR,V0020,AC007,,Invoice 7004,pending
T000086,2024-02-24,"₹123,680.39",INR,V0009,AC008,logistics,,pending
T000087,2024-03-03,"₹31,260.73",INR,V0020,AC003,,Invoice 1813,unreconciled
T000088,2024-04-12,"₹494,246.23",INR,V0033,AC009,facilities,,unreconciled
T000089,2024-05-17,"₹354,068.68",INR,V0010,AC009,,Invoice 9540,unreconciled
T000090,2024-06-18,"₹140,041.44",INR,V0010,AC005,software,,pending
T000091,2024-07-10,"₹475,772.21",INR,V0044,AC011,,Invoice 2296,pending
T000092,2024-08-14,"₹167,603.28",INR,V0037,AC008,software,,unreconciled
T000093,2024-09-23,"₹115,827.53",INR,V0003,AC002,,Invoice 3569,disputed
T000094,2024-10-15,"₹255,533.56",INR,V9004,AC001,consulting,,reconciled
T000095,2024-11-08,"₹396,595.48",INR,V0027,AC009,,Invoice 8739,pending
T000096,2024-12-09,₹919.10,INR,V0044,AC010,logistics,,reconciled
T000097,2023-01-05,"₹326,802.24",INR,V0035,AC012,,Invoice 9563,disputed
T000098,2023-02-21,"₹190,100.22",INR,V0034,AC004,marketing,,disputed
T000099,2023-03-06,"₹188,533.25",INR,V0035,AC006,,Invoice 1832,reconciled
T000100,2023-04-12,"₹280,557.42",INR,V0009,AC005,logistics,,unreconciled
T000101,2023-05-01,"₹50,062.84",INR,V0045,AC012,,Invoice 7657,unreconciled
T000102,2023-06-24,"₹246,691.55",INR,V9005,AC010,marketing,,pending
T000103,2023-07-30,"₹394,988.81",INR,V9004,AC002,,Invoice 8832,unreconciled
T000104,2023-08-20,"₹381,114.98",INR,V0023,AC002,logistics,,unreconciled
T000105,2023-09-23,"₹220,447.58",INR,V0021,AC005,,Invoice 7173,disputed
T000106,2023-10-14,"₹352,421.65",INR,V9004,AC009,marketing,,disputed
T000107,2023-11-11,"₹376,020.05",INR,V0043,AC011,,Invoice 7467,unreconciled
T000108,2023-12-30,"₹267,062.86",INR,V0039,AC007,hardware,,reconciled
T000109,2024-01-09,"₹151,366.94",INR,V0004,AC007,,Invoice 5447,unreconciled
T000110,2024-02-29,"₹41,705.97",INR,V0032,AC003,software,,disputed
T000111,2024-03-09,"₹495,539.08",INR,V9006,AC003,marketing,Invoice 6539,unreconciled
T000112,2024-04-13,"₹17,530.91",INR,V0027,AC008,software,Invoice 4460,pending
T000113,2024-05-27,"₹480,650.27",INR,V9001,AC008,facilities,Invoice 3316,disputed
T000114,2024-06-24,"₹47,922.25",INR,V0023,AC012,logistics,Invoice 4720,reconciled
T000115,2024-07-29,"₹393,148.14",INR,V0020,AC008,consulting,Invoice 5826,reconciled
T000116,2024-08-16,"₹78,862.11",INR,V0034,AC008,hardware,Invoice 4617,disputed
T000117,2024-09-11,"₹297,442.19",INR,V0042,AC003,consulting,Invoice 9070,unreconciled
T000118,2024-10-03,"₹241,511.22",INR,V0020,AC004,marketing,Invoice 8945,disputed
T000119,2024-11-28,"₹425,371.65",INR,V0015,AC008,logistics,Invoice 9575,unreconciled
T000120,2024-12-09,"₹430,692.08",INR,V0007,AC005,hardware,Invoice 4408,disputed
T000121,2023-01-24,"₹376,835.81",INR,V0041,AC003,software,Invoice 5148,disputed
T000122,2023-02-19,"₹287,577.34",INR,V0043,AC012,software,Invoice 5391,reconciled
T000123,2023-03-06,"₹489,004.85",INR,V0004,AC003,marketing,Invoice 3985,disputed
T000124,2023-04-11,"₹361,063.56",INR,V0019,AC001,logistics,Invoice 3467,reconciled
T000125,2023-05-24,"₹58,131.49",INR,V0007,AC003,consulting,Invoice 6922,reconciled
T000126,2023-06-30,"₹135,889.98",INR,V0005,AC008,facilities,Invoice 3959,pending
T000127,2023-07-28,"₹480,580.49",INR,V0011,AC006,logistics,Invoice 2089,pending
T000128,2023-08-11,"₹299,104.46",INR,V0041,AC002,software,Invoice 6711,pending
T000129,2023-09-25,"₹175,066.38",INR,V9002,AC003,facilities,Invoice 2917,reconciled
T000130,2023-10-12,"₹111,167.28",INR,V0003,AC010,hardware,Invoice 4578,reconciled
T000131,2023-11-04,"₹381,206.36",INR,V0025,AC006,hardware,Invoice 5435,disputed
T000132,2023-12-11,"₹73,172.66",INR,V0002,AC003,marketing,Invoice 3301,pending
T000133,2024-01-07,"₹443,473.50",INR,V0042,AC001,hardware,Invoice 2522,reconciled
T000134,2024-02-29,"₹152,665.51",INR,V0025,AC003,marketing,Invoice 6444,unreconciled
T000135,2024-03-24,"₹498,639.38",INR,V0007,AC009,facilities,Invoice 1921,disputed
T000136,2024-04-07,"₹204,591.59",INR,V0041,AC005,marketing,Invoice 4651,pending
T000137,2024-05-19,"₹351,687.76",INR,V0005,AC005,consulting,Invoice 6178,unreconciled
T000138,2024-06-23,"₹62,720.02",INR,V0009,AC002,software,Invoice 7080,pending
T000139,2024-07-02,"₹218,505.21",INR,V0012,AC009,facilities,Invoice 4348,reconciled
T000140,2024-08-31,"₹313,108.00",INR,V0006,AC002,marketing,Invoice 9274,disputed
T000141,2024-09-18,"₹173,023.01",INR,V9003,AC010,facilities,Invoice 5136,disputed
T000142,2024-10-21,"₹155,999.08",INR,V0036,AC003,software,Invoice 8141,pending
T000143,2024-11-01,"₹191,423.31",INR,V0003,AC009,hardware,Invoice 2988,unreconciled
T000144,2024-12-13,"₹303,811.39",INR,V0016,AC004,marketing,Invoice 3989,unreconciled
T000145,2023-01-17,"₹276,962.96",INR,V0040,AC005,software,Invoice 8622,unreconciled
T000146,2023-02-22,"₹259,261.91",INR,V0013,AC011,marketing,Invoice 1019,disputed
T000147,2023-03-26,"₹43,886.58",INR,V0005,AC005,software,Invoice 6154,pending
T000148,2023-04-28,"₹268,744.05",INR,V0034,AC009,facilities,Invoice 8670,reconciled
T000149,2023-05-21,"₹280,184.59",INR,V9004,AC006,software,Invoice 3668,disputed
T000150,2023-06-05,"₹126,875.23",INR,V0001,AC002,marketing,Invoice 1621,reconciled
T000151,2023-07-07,"₹11,901.69",INR,V0042,AC007,hardware,Invoice 3126,pending
T000152,2023-08-15,"₹141,813.75",INR,V0041,AC005,logistics,Invoice 1183,disputed
T000153,2023-09-04,"₹498,372.58",INR,V0039,AC006,marketing,Invoice 7472,disputed
T000154,2023-10-16,"₹280,327.86",INR,V0018,AC009,hardware,Invoice 1268,disputed
T000155,2023-11-24,"₹326,784.77",INR,V0045,AC005,consulting,Invoice 9020,unreconciled
T000156,2023-12-15,"₹33,683.70",INR,V0042,AC009,consulting,Invoice 3781,disputed
T000157,2024-01-02,"₹151,549.99",INR,V0023,AC003,marketing,Invoice 7767,pending
T000158,2024-02-11,"₹411,759.71",INR,V0010,AC012,software,Invoice 1896,reconciled
T000159,2024-03-29,"₹341,319.50",INR,V0025,AC001,software,Invoice 1243,pending
T000160,2024-04-12,"₹75,482.71",INR,V9004,AC012,consulting,Invoice 4832,disputed
T000161,2024-05-08,"₹351,538.22",INR,V0008,AC007,software,Invoice 5280,unreconciled
T000162,2024-06-19,"₹220,751.80",INR,V0006,AC001,consulting,Invoice 2817,reconciled
T000163,2024-07-19,"₹247,286.06",INR,V0029,AC007,software,Invoice 7153,reconciled
T000164,2024-08-16,"₹232,405.72",INR,V0021,AC005,facilities,Invoice 8957,pending
T000165,2024-09-21,"₹456,353.38",INR,V9004,AC007,marketing,Invoice 8820,pending
T000166,2024-10-12,"₹313,952.97",INR,V0035,AC001,software,Invoice 1009,pending
T000167,2024-11-23,"₹265,793.03",INR,V0023,AC011,consulting,Invoice 8811,disputed
T000168,2024-12-31,"₹304,492.37",INR,V0012,AC007,marketing,Invoice 6809,reconciled
T000169,2023-01-28,"₹214,720.40",INR,V0029,AC006,software,Invoice 5787,disputed
T000170,2023-02-25,"₹42,406.83",INR,V9004,AC002,marketing,Invoice 6719,disputed
T000171,2023-03-27,"₹92,413.44",INR,V9002,AC006,consulting,Invoice 7375,disputed
T000172,2023-04-10,"₹178,837.86",INR,V0019,AC001,logistics,Invoice 9220,disputed
T000173,2023-05-27,"₹394,928.90",INR,V0034,AC010,logistics,Invoice 2020,disputed
T000174,2023-06-27,"₹340,582.80",INR,V0023,AC001,consulting,Invoice 3908,unreconciled
T000175,2023-07-01,"₹400,421.92",INR,V0027,AC005,software,Invoice 1124,disputed
T000176,2023-08-04,"₹176,689.29",INR,V0022,AC009,facilities,Invoice 4766,unreconciled
T000177,2023-09-27,"₹236,058.39",INR,V0025,AC009,marketing,Invoice 3239,pending
T000178,2023-10-03,"₹465,822.67",INR,V0017,AC004,consulting,Invoice 4649,unreconciled
T000179,2023-11-12,"₹375,154.50",INR,V0022,AC004,hardware,Invoice 8960,unreconciled
T000180,2023-12-24,"₹363,094.67",INR,V0013,AC003,marketing,Invoice 8040,disputed
T000181,2024-01-08,"₹178,544.64",INR,V0033,AC012,software,Invoice 6731,unreconciled
T000182,2024-02-21,"₹81,873.64",INR,V0017,AC003,facilities,Invoice 3807,pending
T000183,2024-03-01,"₹471,012.55",INR,V0015,AC010,marketing,Invoice 4985,unreconciled
T000184,2024-04-03,"₹124,424.52",INR,V0022,AC010,facilities,Invoice 4272,reconciled
T000185,2024-05-11,"₹478,580.86",INR,V0020,AC007,facilities,Invoice 2743,pending
T000186,2024-06-10,"₹366,753.92",INR,V0017,AC012,logistics,Invoice 3631,unreconciled
T000187,2024-07-19,"₹280,248.27",INR,V0019,AC008,marketing,Invoice 6508,unreconciled
T000188,2024-08-04,"₹382,970.31",INR,V0004,AC004,consulting,Invoice 4341,disputed
T000189,2024-09-15,"₹296,014.99",INR,V0015,AC008,software,Invoice 1744,reconciled
T000190,2024-10-12,"₹184,457.74",INR,V0038,AC008,software,Invoice 3290,reconciled
T000191,2024-11-13,"₹125,801.96",INR,V0010,AC010,hardware,Invoice 8441,unreconciled
T000192,2024-12-05,"₹262,896.05",INR,V0033,AC008,software,Invoice 1592,reconciled
T000193,2023-01-27,"₹230,449.99",INR,V0033,AC009,marketing,Invoice 3244,reconciled
T000194,2023-02-18,"₹84,686.73",INR,V0006,AC011,hardware,Invoice 9977,reconciled
T000195,2023-03-26,"₹57,527.06",INR,V0022,AC011,logistics,Invoice 6243,pending
T000196,2023-04-07,"₹329,041.00",INR,V0042,AC002,marketing,Invoice 2777,disputed
T000197,2023-05-15,"₹117,229.41",INR,V0019,AC007,facilities,Invoice 6977,reconciled
T000198,2023-06-08,"₹430,045.96",INR,V0018,AC007,logistics,Invoice 2468,reconciled
T000199,2023-07-02,"₹249,452.47",INR,V0015,AC012,consulting,Invoice 5767,disputed
T000200,2023-08-01,"₹44,551.80",INR,V0008,AC010,marketing,Invoice 6354,pending
T000201,2023-09-24,"₹394,811.97",INR,V0030,AC002,marketing,Invoice 8960,pending
T000202,2023-10-21,"₹9,339.73",INR,V0026,AC011,facilities,Invoice 3130,pending
T000203,2023-11-25,"₹354,126.97",INR,V0011,AC003,facilities,Invoice 4927,unreconciled
T000204,2023-12-27,"₹458,375.19",INR,V0014,AC011,consulting,Invoice 5715,unreconciled
T000205,2024-01-18,"₹221,856.61",INR,V0003,AC005,consulting,Invoice 3437,unreconciled
T000206,2024-02-18,"₹358,047.05",INR,V0011,AC009,hardware,Invoice 9401,reconciled
T000207,2024-03-24,"₹88,414.27",INR,V0013,AC005,facilities,Invoice 4247,unreconciled
T000208,2024-04-13,"₹157,825.87",INR,V9001,AC011,facilities,Invoice 2185,pending
T000209,2024-05-08,"₹419,333.47",INR,V0028,AC005,logistics,Invoice 5822,reconciled
T000210,2024-06-09,"₹97,604.01",INR,V0007,AC007,marketing,Invoice 1420,unreconciled
T000211,2024-07-19,"₹296,098.00",INR,V0033,AC010,marketing,Invoice 3368,disputed
T000212,2024-08-18,"₹70,446.13",INR,V0037,AC012,facilities,Invoice 9904,reconciled
T000213,2024-09-15,"₹332,571.32",INR,V0045,AC009,marketing,Invoice 6225,reconciled
T000214,2024-10-12,"₹265,357.87",INR,V0034,AC005,hardware,Invoice 9050,reconciled
T000215,2024-11-19,"₹316,687.06",INR,V0015,AC011,facilities,Invoice 3544,unreconciled
T000216,2024-12-20,"₹358,421.51",INR,V9002,AC006,facilities,Invoice 5010,disputed
T000217,2023-01-09,"₹307,729.73",INR,V9006,AC003,facilities,Invoice 3398,disputed
T000218,2023-02-11,"₹240,721.43",INR,V0038,AC001,software,Invoice 5780,reconciled
T000219,2023-03-17,"₹404,190.58",INR,V0018,AC003,marketing,Invoice 2119,unreconciled
T000220,2023-04-13,"₹376,491.79",INR,V0022,AC011,marketing,Invoice 6012,reconciled
T000221,2023-05-30,"₹108,233.36",INR,V0025,AC004,consulting,Invoice 2571,disputed
T000222,2023-06-23,"₹125,888.56",INR,V0026,AC004,consulting,Invoice 2724,disputed
T000223,2023-07-01,"₹145,133.09",INR,V0003,AC005,hardware,Invoice 2045,disputed
T000224,2023-08-20,"₹288,092.36",INR,V9005,AC008,software,Invoice 3804,pending
T000225,2023-09-13,"₹84,701.84",INR,V0027,AC007,facilities,Invoice 5516,reconciled
T000226,2023-10-09,"₹36,201.95",INR,V0038,AC009,facilities,Invoice 8334,pending
T000227,2023-11-14,"₹299,217.42",INR,V0044,AC009,facilities,Invoice 3435,pending
T000228,2023-12-14,"₹491,906.25",INR,V0034,AC004,software,Invoice 1243,disputed
T000229,2024-01-06,"₹56,879.75",INR,V0032,AC007,hardware,Invoice 2036,unreconciled
T000230,2024-02-26,"₹480,174.81",INR,V0035,AC006,marketing,Invoice 4228,disputed
T000231,2024-03-12,"₹262,537.07",INR,V0042,AC001,hardware,Invoice 5169,unreconciled
T000232,2024-04-11,"₹109,671.87",INR,V0031,AC007,software,Invoice 5650,unreconciled
T000233,2024-05-30,"₹343,592.75",INR,V9005,AC009,software,Invoice 8154,pending
T000234,2024-06-28,"₹66,958.58",INR,V0003,AC008,consulting,Invoice 6702,unreconciled
T000235,2024-07-04,"₹268,229.89",INR,V0042,AC008,facilities,Invoice 2760,unreconciled
T000236,2024-08-06,"₹325,426.55",INR,V9003,AC002,software,Invoice 4226,pending
T000237,2024-09-20,"₹399,176.20",INR,V0039,AC012,logistics,Invoice 2369,reconciled
T000238,2024-10-04,"₹421,959.39",INR,V9001,AC012,software,Invoice 5603,disputed
T000239,2024-11-14,"₹47,557.96",INR,V0019,AC011,facilities,Invoice 1986,pending
T000240,2024-12-18,"₹55,635.03",INR,V0035,AC006,software,Invoice 7386,unreconciled
T000241,2023-01-23,"₹119,265.37",INR,V0028,AC011,consulting,Invoice 5487,reconciled
T000242,2023-02-24,"₹9,466.31",INR,V0039,AC005,facilities,Invoice 7381,reconciled
T000243,2023-03-20,"₹110,378.26",INR,V0010,AC003,facilities,Invoice 8524,reconciled
T000244,2023-04-01,"₹355,682.61",INR,V0010,AC009,logistics,Invoice 8887,pending
T000245,2023-05-06,"₹482,972.66",INR,V0038,AC004,logistics,Invoice 3776,reconciled
T000246,2023-06-11,"₹171,388.81",INR,V0039,AC004,hardware,Invoice 1206,pending
T000247,2023-07-02,"₹383,768.69",INR,V0044,AC008,hardware,Invoice 3195,unreconciled
T000248,2023-08-26,"₹64,931.74",INR,V0007,AC003,facilities,Invoice 1343,reconciled
T000249,2023-09-05,"₹183,099.55",INR,V0038,AC007,facilities,Invoice 9008,disputed
T000250,2023-10-28,"₹287,295.81",INR,V9002,AC002,logistics,Invoice 5773,pending
T000251,2023-11-07,"₹76,603.68",INR,V0029,AC005,facilities,Invoice 3796,reconciled
T000252,2023-12-15,"₹460,027.10",INR,V0006,AC012,facilities,Invoice 8075,reconciled
T000253,2024-01-06,"₹487,561.67",INR,V0037,AC002,marketing,Invoice 8215,unreconciled
T000254,2024-02-11,"₹346,821.41",INR,V0001,AC012,marketing,Invoice 4531,unreconciled
T000255,2024-03-23,"₹483,954.72",INR,V0002,AC001,software,Invoice 9819,unreconciled
T000256,2024-04-26,"₹407,493.50",INR,V0032,AC009,consulting,Invoice 6921,pending
T000257,2024-05-15,"₹68,055.56",INR,V0040,AC009,logistics,Invoice 5050,disputed
T000258,2024-06-30,"₹175,261.62",INR,V0021,AC011,logistics,Invoice 8182,unreconciled
T000259,2024-07-24,"₹263,580.17",INR,V0015,AC012,logistics,Invoice 3737,unreconciled
T000260,2024-08-04,"₹342,677.80",INR,V0010,AC008,software,Invoice 3233,unreconciled
T000261,2024-09-30,"₹124,994.39",INR,V9005,AC008,software,Invoice 1124,unreconciled
T000262,2024-10-13,"₹314,910.64",INR,V0040,AC012,hardware,Invoice 9287,pending
T000263,2024-11-01,"₹220,510.26",INR,V9002,AC011,facilities,Invoice 6673,pending
T000264,2024-12-02,"₹370,682.05",INR,V0005,AC002,software,Invoice 4647,disputed
T000265,2023-01-25,"₹107,430.54",INR,V0025,AC008,marketing,Invoice 8970,pending
T000266,2023-02-16,"₹272,188.66",INR,V0011,AC008,marketing,Invoice 9965,pending
T000267,2023-03-12,"₹63,622.47",INR,V0045,AC012,facilities,Invoice 8348,pending
T000268,2023-04-16,"₹441,080.64",INR,V0022,AC009,logistics,Invoice 7697,pending
T000269,2023-05-26,"₹124,777.78",INR,V9004,AC005,logistics,Invoice 2217,pending
T000270,2023-06-09,"₹123,463.09",INR,V0021,AC011,hardware,Invoice 2301,pending
T000271,2023-07-17,"₹310,051.05",INR,V0013,AC008,hardware,Invoice 2122,pending
T000272,2023-08-26,"₹230,959.79",INR,V0013,AC005,logistics,Invoice 5342,disputed
T000273,2023-09-12,"₹160,506.47",INR,V0040,AC011,logistics,Invoice 6669,pending
T000274,2023-10-06,"₹70,197.82",INR,V0033,AC010,consulting,Invoice 5547,disputed
T000275,2023-11-03,"₹314,549.49",INR,V0033,AC012,logistics,Invoice 5274,disputed
T000276,2023-12-29,"₹37,580.90",INR,V0024,AC006,marketing,Invoice 8850,unreconciled
T000277,2024-01-14,"₹454,154.30",INR,V0024,AC003,logistics,Invoice 5064,unreconciled
T000278,2024-02-11,"₹338,263.08",INR,V0033,AC003,hardware,Invoice 1706,pending
T000279,2024-03-03,"₹130,224.39",INR,V9002,AC010,hardware,Invoice 2836,reconciled
T000280,2024-04-08,"₹418,420.30",INR,V0034,AC007,software,Invoice 3267,disputed
T000281,2024-05-19,"₹407,354.29",INR,V0040,AC005,logistics,Invoice 2917,unreconciled
T000282,2024-06-03,"₹78,493.23",INR,V0037,AC010,consulting,Invoice 8877,disputed
T000283,2024-07-10,"₹113,503.96",INR,V0022,AC001,software,Invoice 2450,reconciled
T000284,2024-08-01,"₹232,143.66",INR,V0045,AC001,consulting,Invoice 3166,reconciled
T000285,2024-09-29,"₹119,165.73",INR,V0027,AC011,logistics,Invoice 2623,unreconciled
T000286,2024-10-20,"₹48,927.53",INR,V0034,AC006,hardware,Invoice 8277,unreconciled
T000287,2024-11-29,"₹395,557.45",INR,V0003,AC012,hardware,Invoice 7316,reconciled
T000288,2024-12-12,"₹357,645.44",INR,V9005,AC012,software,Invoice 9581,disputed
T000289,2023-01-31,"₹109,519.15",INR,V0030,AC011,consulting,Invoice 7084,unreconciled
T000290,2023-02-16,"₹297,383.25",INR,V0038,AC005,logistics,Invoice 4886,reconciled
T000291,2023-03-07,"₹213,309.09",INR,V9001,AC003,facilities,Invoice 5948,disputed
T000292,2023-04-24,"₹456,429.20",INR,V0010,AC012,marketing,Invoice 6074,pending
T000293,2023-05-23,"₹168,941.02",INR,V9006,AC005,logistics,Invoice 2677,unreconciled
T000294,2023-06-02,"₹421,516.86",INR,V0018,AC003,logistics,Invoice 7432,unreconciled
T000295,2023-07-31,"₹367,267.84",INR,V0037,AC004,hardware,Invoice 6125,unreconciled
T000296,2023-08-21,"₹213,261.13",INR,V0008,AC012,hardware,Invoice 8386,disputed
T000297,2023-09-13,"₹53,854.73",INR,V0019,AC006,consulting,Invoice 2935,reconciled
T000298,2023-10-02,"₹485,150.59",INR,V0039,AC006,hardware,Invoice 9795,reconciled
T000299,2023-11-13,"₹240,328.38",INR,V0012,AC007,facilities,Invoice 3747,disputed
T000300,2023-12-03,"₹466,726.85",INR,V9005,AC004,marketing,Invoice 6543,disputed
T000301,2024-01-10,"₹466,293.04",INR,V0020,AC010,logistics,Invoice 1202,disputed
T000302,2024-02-04,"₹55,087.49",INR,V0015,AC006,software,Invoice 7609,unreconciled
T000303,2024-03-09,"₹391,513.71",INR,V0031,AC011,marketing,Invoice 2638,disputed
T000304,2024-04-02,"₹384,102.02",INR,V0034,AC011,logistics,Invoice 7017,pending
T000305,2024-05-04,"₹488,224.86",INR,V0034,AC009,facilities,Invoice 1473,unreconciled
T000306,2024-06-17,"₹8,495.38",INR,V0027,AC012,marketing,Invoice 4510,unreconciled
T000307,2024-07-20,"₹373,588.95",INR,V0003,AC001,software,Invoice 6010,reconciled
T000308,2024-08-10,"₹200,605.04",INR,V0037,AC003,software,Invoice 9343,reconciled
T000309,2024-09-04,"₹45,257.61",INR,V0037,AC010,software,Invoice 3950,unreconciled
T000310,2024-10-19,"₹215,933.88",INR,V0007,AC010,facilities,Invoice 3496,pending
T000311,2024-11-12,"₹373,154.99",INR,V0038,AC001,hardware,Invoice 9755,pending
T000312,2024-12-25,"₹131,416.65",INR,V9001,AC009,consulting,Invoice 5970,unreconciled
T000313,2023-01-18,"₹212,680.92",INR,V0037,AC001,marketing,Invoice 1488,disputed
T000314,2023-02-22,"₹199,204.41",INR,V0003,AC010,marketing,Invoice 6582,reconciled
T000315,2023-03-31,"₹158,982.31",INR,V0018,AC006,marketing,Invoice 7432,unreconciled
T000316,2023-04-07,"₹149,435.07",INR,V9002,AC008,facilities,Invoice 2039,reconciled
T000317,2023-05-14,"₹28,816.75",INR,V0008,AC006,software,Invoice 4151,reconciled
T000318,2023-06-09,"₹351,090.52",INR,V0043,AC004,marketing,Invoice 2938,pending
T000319,2023-07-29,"₹475,675.58",INR,V0009,AC002,marketing,Invoice 3782,disputed
T000320,2023-08-08,"₹38,535.28",INR,V0038,AC011,facilities,Invoice 6457,unreconciled
T000321,2023-09-16,"₹248,302.19",INR,V0041,AC010,logistics,Invoice 5938,disputed
T000322,2023-10-10,"₹455,554.94",INR,V9002,AC004,facilities,Invoice 9507,unreconciled
T000323,2023-11-19,"₹215,945.37",INR,V0005,AC002,hardware,Invoice 4547,reconciled
T000324,2023-12-12,"₹148,475.35",INR,V0026,AC003,logistics,Invoice 1420,pending
T000325,2024-01-17,"₹362,036.87",INR,V0024,AC005,software,Invoice 2437,unreconciled
T000326,2024-02-19,"₹218,596.85",INR,V0044,AC002,hardware,Invoice 4830,unreconciled
T000327,2024-03-28,"₹432,850.29",INR,V0001,AC007,software,Invoice 1785,disputed
T000328,2024-04-15,"₹78,437.99",INR,V0039,AC012,hardware,Invoice 9074,reconciled
T000329,2024-05-14,"₹401,997.30",INR,V0019,AC008,consulting,Invoice 4740,reconciled
T000330,2024-06-02,"₹314,215.75",INR,V0004,AC002,hardware,Invoice 1516,reconciled
T000331,2024-07-31,"₹122,193.25",INR,V0033,AC003,consulting,Invoice 8312,pending
T000332,2024-08-21,"₹189,354.56",INR,V0038,AC010,consulting,Invoice 7740,unreconciled
T000333,2024-09-13,"₹258,167.63",INR,V0030,AC007,hardware,Invoice 1190,unreconciled
T000334,2024-10-19,"₹460,313.61",INR,V0018,AC008,hardware,Invoice 7938,unreconciled
T000335,2024-11-29,"₹205,586.56",INR,V0007,AC012,logistics,Invoice 5156,unreconciled
T000336,2024-12-19,"₹415,002.50",INR,V0017,AC009,marketing,Invoice 9165,reconciled
T000337,2023-01-30,"₹275,883.69",INR,V0013,AC009,software,Invoice 3263,reconciled
T000338,2023-02-05,"₹118,506.89",INR,V0012,AC011,logistics,Invoice 8120,unreconciled
T000339,2023-03-01,"₹349,913.68",INR,V0011,AC001,consulting,Invoice 9472,pending
T000340,2023-04-21,"₹117,481.69",INR,V0018,AC009,software,Invoice 4706,pending
T000341,2023-05-24,"₹41,573.02",INR,V0018,AC012,consulting,Invoice 1846,disputed
T000342,2023-06-23,"₹368,780.09",INR,V9002,AC003,logistics,Invoice 3732,unreconciled
T000343,2023-07-02,"₹221,752.10",INR,V9005,AC003,hardware,Invoice 6857,disputed
T000344,2023-08-08,"₹51,257.58",INR,V0039,AC011,logistics,Invoice 6208,pending
T000345,2023-09-06,"₹175,524.09",INR,V0031,AC002,marketing,Invoice 9902,unreconciled
T000346,2023-10-23,"₹378,990.12",INR,V9002,AC008,facilities,Invoice 8968,disputed
T000347,2023-11-12,"₹153,046.43",INR,V0040,AC009,logistics,Invoice 3205,disputed
T000348,2023-12-22,"₹171,305.80",INR,V9001,AC009,consulting,Invoice 9533,reconciled
T000349,2024-01-27,"₹75,601.17",INR,V0036,AC005,hardware,Invoice 2012,disputed
T000350,2024-02-22,"₹487,753.13",INR,V0011,AC002,facilities,Invoice 8452,disputed
T000351,2024-03-01,"₹104,309.89",INR,V0044,AC010,facilities,Invoice 2284,unreconciled
T000352,2024-04-16,"₹58,257.21",INR,V0033,AC005,consulting,Invoice 7649,disputed
T000353,2024-05-04,"₹342,821.86",INR,V0042,AC002,facilities,Invoice 8657,disputed
T000354,2024-06-01,"₹132,216.78",INR,V0020,AC002,facilities,Invoice 1036,reconciled
T000355,2024-07-27,"₹120,733.25",INR,V0031,AC005,consulting,Invoice 8299,reconciled
T000356,2024-08-26,"₹408,546.57",INR,V0025,AC011,software,Invoice 9177,disputed
T000357,2024-09-30,"₹311,534.84",INR,V0038,AC002,facilities,Invoice 2188,unreconciled
T000358,2024-10-20,"₹188,591.06",INR,V0029,AC007,logistics,Invoice 4263,unreconciled
T000359,2024-11-23,"₹305,229.78",INR,V9005,AC008,hardware,Invoice 4614,pending
T000360,2024-12-24,"₹174,986.86",INR,V0024,AC005,logistics,Invoice 1979,disputed
T000361,2023-01-24,"₹128,360.84",INR,V0031,AC011,marketing,Invoice 2802,unreconciled
T000362,2023-02-26,"₹353,939.63",INR,V0009,AC011,facilities,Invoice 1383,reconciled
T000363,2023-03-30,"₹408,463.73",INR,V0032,AC004,logistics,Invoice 3445,pending
T000364,2023-04-14,"₹61,610.55",INR,V9003,AC012,software,Invoice 7686,reconciled
T000365,2023-05-10,"₹409,025.79",INR,V0026,AC008,facilities,Invoice 5034,unreconciled
T000366,2023-06-29,"₹457,843.67",INR,V0019,AC007,software,Invoice 9669,unreconciled
T000367,2023-07-22,"₹204,637.38",INR,V0009,AC009,hardware,Invoice 4614,pending
T000368,2023-08-21,"₹305,926.69",INR,V0037,AC004,marketing,Invoice 8704,unreconciled
T000369,2023-09-13,"₹392,236.06",INR,V0039,AC002,hardware,Invoice 7285,pending
T000370,2023-10-23,"₹99,198.92",INR,V0005,AC009,marketing,Invoice 2589,unreconciled
T000371,2023-11-20,"₹114,727.47",INR,V9001,AC008,hardware,Invoice 1713,reconciled
T000372,2023-12-28,"₹321,074.17",INR,V0039,AC004,logistics,Invoice 5972,unreconciled
T000373,2024-01-24,"₹415,970.12",INR,V0019,AC002,facilities,Invoice 2067,disputed
T000374,2024-02-22,"₹276,530.78",INR,V0028,AC003,hardware,Invoice 6888,reconciled
T000375,2024-03-15,"₹342,202.35",INR,V0003,AC003,hardware,Invoice 4628,reconciled
T000376,2024-04-10,"₹143,896.47",INR,V0035,AC011,software,Invoice 9507,unreconciled
T000377,2024-05-25,"₹414,243.10",INR,V0017,AC001,logistics,Invoice 6540,disputed
T000378,2024-06-19,"₹190,179.71",INR,V0031,AC009,facilities,Invoice 1174,disputed
T000379,2024-07-07,"₹96,467.49",INR,V9003,AC011,marketing,Invoice 5122,disputed
T000380,2024-08-06,"₹98,553.00",INR,V0001,AC007,consulting,Invoice 4353,reconciled
T000381,2024-09-11,"₹159,445.34",INR,V0025,AC001,consulting,Invoice 7817,unreconciled
T000382,2024-10-14,"₹33,079.09",INR,V0018,AC001,logistics,Invoice 8535,unreconciled
T000383,2024-11-16,"₹66,738.17",INR,V0001,AC007,facilities,Invoice 2146,reconciled
T000384,2024-12-13,"₹179,059.54",INR,V9002,AC011,logistics,Invoice 5009,reconciled
T000385,2023-01-24,"₹432,172.77",INR,V0011,AC003,marketing,Invoice 7395,disputed
T000386,2023-02-16,"₹23,807.71",INR,V0007,AC004,hardware,Invoice 1387,reconciled
T000387,2023-03-22,"₹451,123.92",INR,V9003,AC008,consulting,Invoice 3777,reconciled
T000388,2023-04-23,"₹394,651.84",INR,V9004,AC004,software,Invoice 9681,reconciled
T000389,2023-05-29,"₹480,339.45",INR,V0016,AC007,logistics,Invoice 4201,disputed
T000390,2023-06-08,"₹177,095.52",INR,V0014,AC003,hardware,Invoice 5016,reconciled
T000391,2023-07-01,"₹184,427.33",INR,V0003,AC011,software,Invoice 8965,disputed
T000392,2023-08-26,"₹350,426.70",INR,V9004,AC008,consulting,Invoice 8294,unreconciled
T000393,2023-09-20,"₹438,121.62",INR,V0010,AC012,consulting,Invoice 4488,disputed
T000394,2023-10-12,"₹294,422.40",INR,V0045,AC012,marketing,Invoice 1000,unreconciled
T000395,2023-11-15,"₹332,487.12",INR,V0026,AC004,facilities,Invoice 3700,disputed
T000396,2023-12-28,"₹34,332.99",INR,V0035,AC003,logistics,Invoice 7701,pending
T000397,2024-01-16,"₹307,002.52",INR,V0035,AC004,facilities,Invoice 2267,unreconciled
T000398,2024-02-20,"₹254,876.95",INR,V0018,AC007,hardware,Invoice 4233,pending
T000399,2024-03-02,"₹232,616.67",INR,V0036,AC012,hardware,Invoice 1096,unreconciled
T000400,2024-04-18,"₹168,809.90",INR,V0033,AC009,facilities,Invoice 8505,disputed
T000401,2024-05-01,"₹473,901.92",INR,V0014,AC011,logistics,Invoice 2742,disputed
T000402,2024-06-09,"₹280,605.33",INR,V0016,AC011,facilities,Invoice 9559,reconciled
T000403,2024-07-05,"₹344,118.24",INR,V0017,AC010,logistics,Invoice 3576,unreconciled
T000404,2024-08-16,"₹132,101.56",INR,V0001,AC009,marketing,Invoice 5010,unreconciled
T000405,2024-09-10,"₹169,523.08",INR,V0036,AC005,logistics,Invoice 6035,unreconciled
T000406,2024-10-06,"₹26,750.02",INR,V0007,AC012,marketing,Invoice 9042,unreconciled
T000407,2024-11-26,"₹47,187.19",INR,V9004,AC010,logistics,Invoice 6035,pending
T000408,2024-12-25,"₹313,921.75",INR,V0002,AC003,consulting,Invoice 5298,unreconciled
T000409,2023-01-23,"₹331,033.04",INR,V0024,AC008,marketing,Invoice 6955,reconciled
T000410,2023-02-04,"₹44,343.12",INR,V0029,AC009,marketing,Invoice 4862,disputed
T000411,2023-03-15,"₹105,964.62",INR,V0039,AC011,logistics,Invoice 3459,unreconciled
T000412,2023-04-27,"₹389,905.18",INR,V0033,AC002,facilities,Invoice 4158,disputed
T000413,2023-05-25,"₹166,766.67",INR,V9002,AC003,consulting,Invoice 1390,disputed
T000414,2023-06-14,"₹103,970.91",INR,V0004,AC009,facilities,Invoice 8419,unreconciled
T000415,2023-07-15,"₹460,961.32",INR,V0024,AC001,logistics,Invoice 1178,pending
T000416,2023-08-23,"₹325,233.14",INR,V0005,AC010,facilities,Invoice 1380,pending
T000417,2023-09-28,"₹306,417.06",INR,V0003,AC010,marketing,Invoice 5153,unreconciled
T000418,2023-10-30,"₹498,992.89",INR,V0018,AC003,facilities,Invoice 1989,unreconciled
T000419,2023-11-02,"₹379,063.37",INR,V0016,AC011,facilities,Invoice 9183,reconciled
T000420,2023-12-25,"₹402,992.11",INR,V0020,AC001,hardware,Invoice 7381,unreconciled
T000421,2024-01-04,"₹6,586.34",INR,V0028,AC004,software,Invoice 1958,unreconciled
T000422,2024-02-04,"₹402,665.72",INR,V9006,AC009,logistics,Invoice 2577,reconciled
T000423,2024-03-28,"₹320,821.82",INR,V0036,AC012,hardware,Invoice 1972,pending
T000424,2024-04-26,"₹229,748.91",INR,V0042,AC003,marketing,Invoice 9212,pending
T000425,2024-05-18,"₹331,842.82",INR,V0036,AC012,facilities,Invoice 9014,reconciled
T000426,2024-06-07,"₹230,738.56",INR,V0020,AC001,facilities,Invoice 4178,reconciled
T000427,2024-07-20,"₹259,628.40",INR,V0036,AC006,consulting,Invoice 1407,reconciled
T000428,2024-08-23,"₹385,575.52",INR,V0044,AC006,hardware,Invoice 2408,unreconciled
T000429,2024-09-12,"₹296,041.39",INR,V0028,AC005,hardware,Invoice 7546,disputed
T000430,2024-10-16,"₹230,060.89",INR,V0034,AC001,marketing,Invoice 2382,pending
T000431,2024-11-10,"₹378,931.57",INR,V0017,AC006,consulting,Invoice 5731,unreconciled
T000432,2024-12-31,"₹103,734.02",INR,V0034,AC006,marketing,Invoice 3654,reconciled
T000433,2023-01-13,"₹182,827.76",INR,V9003,AC008,consulting,Invoice 1635,unreconciled
T000434,2023-02-19,"₹29,201.76",INR,V0004,AC009,marketing,Invoice 8203,unreconciled
T000435,2023-03-13,"₹167,295.84",INR,V0012,AC012,logistics,Invoice 1077,pending
T000436,2023-04-02,"₹80,225.60",INR,V0012,AC001,software,Invoice 5811,unreconciled
T000437,2023-05-24,"₹47,092.85",INR,V9005,AC010,hardware,Invoice 6077,reconciled
T000438,2023-06-04,"₹442,283.20",INR,V0013,AC003,consulting,Invoice 5028,reconciled
T000439,2023-07-21,"₹62,137.52",INR,V0014,AC010,software,Invoice 6392,disputed
T000440,2023-08-15,"₹417,630.86",INR,V0008,AC001,logistics,Invoice 9365,unreconciled
T000441,2023-09-26,"₹45,620.19",INR,V0026,AC002,software,Invoice 7677,reconciled
T000442,2023-10-29,"₹428,729.71",INR,V0022,AC006,consulting,Invoice 1098,unreconciled
T000443,2023-11-30,"₹254,054.99",INR,V0026,AC005,logistics,Invoice 4165,disputed
T000444,2023-12-20,"₹226,415.97",INR,V9003,AC012,hardware,Invoice 4827,disputed
T000445,2024-01-15,"₹51,414.20",INR,V0001,AC006,facilities,Invoice 9769,unreconciled
T000446,2024-02-07,"₹151,338.58",INR,V0030,AC011,hardware,Invoice 6520,unreconciled
T000447,2024-03-27,"₹490,580.63",INR,V0026,AC009,facilities,Invoice 3345,unreconciled
T000448,2024-04-24,"₹64,918.20",INR,V0018,AC007,marketing,Invoice 3684,unreconciled
T000449,2024-05-03,"₹224,418.31",INR,V0021,AC002,software,Invoice 5600,pending
T000450,2024-06-01,"₹263,202.05",INR,V0014,AC009,hardware,Invoice 9087,pending
T000451,2024-07-25,"₹480,821.20",INR,V0017,AC008,marketing,Invoice 3920,unreconciled
T000452,2024-08-25,"₹270,424.37",INR,V0018,AC008,facilities,Invoice 5751,reconciled
T000453,2024-09-16,"₹264,852.89",INR,V9004,AC003,software,Invoice 9813,reconciled
T000454,2024-10-06,"₹226,383.65",INR,V0005,AC011,marketing,Invoice 6680,unreconciled
T000455,2024-11-23,"₹459,493.83",INR,V0029,AC008,facilities,Invoice 2139,pending
T000456,2024-12-30,"₹43,388.54",INR,V0002,AC007,consulting,Invoice 7193,disputed
T000457,2023-01-08,"₹437,704.86",INR,V0027,AC009,software,Invoice 9612,reconciled
T000458,2023-02-18,"₹305,364.66",INR,V0018,AC002,hardware,Invoice 6075,pending
T000459,2023-03-07,"₹265,978.02",INR,V0004,AC007,facilities,Invoice 8051,unreconciled
T000460,2023-04-25,"₹203,710.08",INR,V0023,AC005,hardware,Invoice 7052,reconciled
T000461,2023-05-06,"₹487,186.41",INR,V0039,AC011,consulting,Invoice 3052,disputed
T000462,2023-06-22,"₹483,796.73",INR,V0044,AC001,facilities,Invoice 7001,pending
T000463,2023-07-05,"₹381,270.28",INR,V0002,AC005,facilities,Invoice 9046,unreconciled
T000464,2023-08-22,"₹177,433.36",INR,V0024,AC002,software,Invoice 1907,unreconciled
T000465,2023-09-10,"₹31,135.00",INR,V0002,AC006,consulting,Invoice 2540,unreconciled
T000466,2023-10-22,"₹83,210.14",INR,V0022,AC009,consulting,Invoice 8754,pending
T000467,2023-11-23,"₹126,377.82",INR,V0022,AC002,hardware,Invoice 6850,disputed
T000468,2023-12-29,"₹104,458.86",INR,V0045,AC012,logistics,Invoice 9293,reconciled
T000469,2024-01-20,"₹407,226.18",INR,V0017,AC012,logistics,Invoice 4269,unreconciled
T000470,2024-02-27,"₹53,090.50",INR,V0020,AC001,hardware,Invoice 6747,pending
T000471,2024-03-26,"₹361,941.38",INR,V9005,AC007,hardware,Invoice 6185,pending
T000472,2024-04-08,"₹151,993.20",INR,V0032,AC006,hardware,Invoice 5871,disputed
T000473,2024-05-29,"₹244,406.70",INR,V0044,AC001,logistics,Invoice 8471,pending
T000474,2024-06-29,"₹472,836.44",INR,V0045,AC003,software,Invoice 3897,unreconciled
T000475,2024-07-02,"₹130,936.40",INR,V0010,AC011,hardware,Invoice 1343,unreconciled
T000476,2024-08-10,"₹152,645.51",INR,V0040,AC007,marketing,Invoice 8373,unreconciled
T000477,2024-09-12,"₹101,413.26",INR,V0013,AC008,facilities,Invoice 8495,reconciled
T000478,2024-10-17,"₹72,300.30",INR,V9002,AC011,consulting,Invoice 7800,pending
T000479,2024-11-28,"₹298,487.82",INR,V0033,AC008,hardware,Invoice 8416,pending
T000480,2024-12-17,"₹417,557.94",INR,V0017,AC008,hardware,Invoice 2654,unreconciled
T000481,2023-01-07,"₹47,881.01",INR,V0004,AC009,software,Invoice 4427,pending
T000482,2023-02-19,"₹270,508.21",INR,V0029,AC008,logistics,Invoice 5703,pending
T000483,2023-03-30,"₹305,758.38",INR,V0022,AC002,facilities,Invoice 5685,pending
T000484,2023-04-08,"₹208,230.59",INR,V0026,AC008,hardware,Invoice 1990,reconciled
T000485,2023-05-18,"₹276,160.49",INR,V0019,AC008,marketing,Invoice 4599,unreconciled
T000486,2023-06-21,"₹330,757.57",INR,V0025,AC011,logistics,Invoice 7996,unreconciled
T000487,2023-07-18,"₹226,125.88",INR,V0028,AC006,consulting,Invoice 3004,pending
T000488,2023-08-26,"₹464,665.66",INR,V0003,AC012,hardware,Invoice 8820,unreconciled
T000489,2023-09-16,"₹171,445.28",INR,V0041,AC007,marketing,Invoice 9231,reconciled
T000490,2023-10-18,"₹427,845.70",INR,V0017,AC008,consulting,Invoice 4401,pending
T000491,2023-11-13,"₹430,819.46",INR,V0036,AC003,marketing,Invoice 8406,disputed
T000492,2023-12-20,"₹223,171.08",INR,V0009,AC002,consulting,Invoice 2537,unreconciled
T000493,2024-01-22,"₹180,656.18",INR,V0042,AC002,consulting,Invoice 6861,disputed
T000494,2024-02-22,"₹341,518.07",INR,V0044,AC006,logistics,Invoice 2509,pending
T000495,2024-03-02,"₹438,283.65",INR,V0029,AC004,software,Invoice 3119,pending
T000496,2024-04-22,"₹76,803.44",INR,V0032,AC010,software,Invoice 5707,disputed
T000497,2024-05-10,"₹358,149.79",INR,V0029,AC011,logistics,Invoice 7139,reconciled
T000498,2024-06-17,"₹327,785.00",INR,V9001,AC002,software,Invoice 2898,unreconciled
T000499,2024-07-28,"₹483,941.04",INR,V0039,AC009,software,Invoice 3550,pending
T000500,2024-08-17,"₹11,619.00",INR,V0034,AC004,marketing,Invoice 1732,unreconciled
T000501,2024-09-09,"₹361,786.05",INR,V0016,AC005,software,Invoice 4406,pending
T000502,2024-10-17,₹924.36,INR,V0018,AC007,facilities,Invoice 9104,reconciled
T000503,2024-11-28,"₹245,671.56",INR,V0041,AC004,facilities,Invoice 1672,pending
T000504,2024-12-08,"₹490,571.20",INR,V0027,AC012,facilities,Invoice 3162,unreconciled
T000505,2023-01-23,"₹413,328.31",INR,V0021,AC007,logistics,Invoice 5025,reconciled
T000506,2023-02-27,"₹56,229.54",INR,V0025,AC003,hardware,Invoice 2665,unreconciled
T000507,2023-03-02,"₹244,260.77",INR,V9005,AC005,logistics,Invoice 2732,disputed
T000508,2023-04-10,"₹59,160.56",INR,V9006,AC005,logistics,Invoice 1266,disputed
T000509,2023-05-24,"₹453,992.93",INR,V0004,AC006,hardware,Invoice 3123,disputed
T000510,2023-06-03,"₹111,968.50",INR,V0035,AC005,software,Invoice 4937,unreconciled
T000511,2023-07-03,"₹160,968.55",INR,V9006,AC009,hardware,Invoice 9777,unreconciled
T000512,2023-08-26,"₹451,473.12",INR,V0043,AC006,software,Invoice 4301,pending
T000513,2023-09-03,"₹276,443.92",INR,V9002,AC002,marketing,Invoice 4472,pending
T000514,2023-10-07,"₹155,396.55",INR,V0025,AC003,consulting,Invoice 8885,reconciled
T000515,2023-11-11,"₹350,310.42",INR,V0037,AC002,software,Invoice 4656,unreconciled
T000516,2023-12-15,"₹378,991.69",INR,V0013,AC006,hardware,Invoice 4914,reconciled
T000517,2024-01-14,"₹57,323.01",INR,V0010,AC003,facilities,Invoice 3988,reconciled
T000518,2024-02-27,"₹49,731.57",INR,V0028,AC011,consulting,Invoice 5677,disputed
T000519,2024-03-15,"₹266,320.35",INR,V9006,AC005,logistics,Invoice 9971,pending
T000520,2024-04-16,"₹357,013.26",INR,V0042,AC011,software,Invoice 4649,unreconciled
T000521,2024-05-16,"₹446,921.55",INR,V9006,AC001,marketing,Invoice 9908,pending
T000522,2024-06-06,"₹481,371.52",INR,V0018,AC008,consulting,Invoice 2667,disputed
T000523,2024-07-19,"₹275,392.44",INR,V0004,AC003,facilities,Invoice 7560,unreconciled
T000524,2024-08-15,"₹30,813.33",INR,V0024,AC012,hardware,Invoice 6326,reconciled
T000525,2024-09-13,"₹239,464.83",INR,V0028,AC008,logistics,Invoice 3155,unreconciled
T000526,2024-10-01,"₹144,783.49",INR,V0005,AC001,logistics,Invoice 1881,reconciled
T000527,2024-11-27,"₹462,883.07",INR,V0018,AC001,consulting,Invoice 8076,reconciled
T000528,2024-12-08,"₹93,425.19",INR,V0027,AC011,logistics,Invoice 6722,disputed
T000529,2023-01-26,"₹415,861.15",INR,V9002,AC008,consulting,Invoice 2525,reconciled
T000530,2023-02-07,"₹183,348.64",INR,V0009,AC009,facilities,Invoice 2102,reconciled
T000531,2023-03-15,"₹470,392.19",INR,V0004,AC004,marketing,Invoice 5925,pending
T000532,2023-04-06,"₹280,300.55",INR,V0026,AC011,marketing,Invoice 4147,reconciled
T000533,2023-05-16,"₹124,852.66",INR,V0001,AC009,hardware,Invoice 3545,unreconciled
T000534,2023-06-21,"₹349,187.74",INR,V9003,AC008,logistics,Invoice 5258,pending
T000535,2023-07-28,"₹387,624.13",INR,V0023,AC012,marketing,Invoice 4476,unreconciled
T000536,2023-08-21,"₹398,663.46",INR,V0010,AC012,logistics,Invoice 4087,unreconciled
T000537,2023-09-23,"₹412,305.92",INR,V0045,AC002,marketing,Invoice 7816,reconciled
T000538,2023-10-17,"₹462,774.96",INR,V0044,AC002,consulting,Invoice 9192,unreconciled
T000539,2023-11-04,"₹246,942.96",INR,V0014,AC007,consulting,Invoice 6027,disputed
T000540,2023-12-28,"₹8,452.57",INR,V0014,AC001,facilities,Invoice 1713,reconciled
T000541,2024-01-21,"₹166,379.50",INR,V0013,AC007,consulting,Invoice 7970,disputed
T000542,2024-02-26,"₹384,552.81",INR,V0033,AC011,hardware,Invoice 2858,reconciled
T000543,2024-03-30,"₹141,543.30",INR,V0001,AC006,software,Invoice 8888,unreconciled
T000544,2024-04-07,"₹473,406.32",INR,V0022,AC002,marketing,Invoice 2723,reconciled
T000545,2024-05-27,"₹454,624.11",INR,V0019,AC009,logistics,Invoice 7943,unreconciled
T000546,2024-06-23,"₹407,956.88",INR,V0001,AC007,logistics,Invoice 2704,pending
T000547,2024-07-14,"₹105,778.83",INR,V0008,AC007,hardware,Invoice 9467,reconciled
T000548,2024-08-31,"₹113,880.25",INR,V0028,AC006,logistics,Invoice 3368,disputed
T000549,2024-09-04,"₹353,567.36",INR,V0010,AC004,marketing,Invoice 7279,unreconciled
T000550,2024-10-14,"₹71,352.07",INR,V9001,AC001,consulting,Invoice 8399,unreconciled
T000551,2024-11-30,"₹483,454.32",INR,V0024,AC001,logistics,Invoice 7452,reconciled
T000552,2024-12-05,"₹391,328.89",INR,V0016,AC009,logistics,Invoice 9939,disputed
T000553,2023-01-25,"₹406,363.90",INR,V0019,AC006,facilities,Invoice 6394,unreconciled
T000554,2023-02-23,"₹148,230.30",INR,V0036,AC007,marketing,Invoice 5985,unreconciled
T000555,2023-03-29,"₹345,531.35",INR,V0018,AC011,hardware,Invoice 1638,pending
T000556,2023-04-16,"₹112,275.06",INR,V0012,AC001,consulting,Invoice 2859,unreconciled
T000557,2023-05-17,"₹468,562.53",INR,V0011,AC010,hardware,Invoice 4821,unreconciled
T000558,2023-06-09,"₹287,309.59",INR,V0037,AC009,marketing,Invoice 4632,pending
T000559,2023-07-09,"₹414,517.23",INR,V9005,AC003,software,Invoice 6877,pending
T000560,2023-08-10,"₹137,614.27",INR,V0041,AC010,consulting,Invoice 3863,unreconciled
T000561,2023-09-01,"₹3,304.12",INR,V0012,AC003,hardware,Invoice 6968,disputed
T000562,2023-10-08,"₹491,112.37",INR,V0043,AC007,facilities,Invoice 6048,disputed
T000563,2023-11-10,"₹75,885.12",INR,V0038,AC003,logistics,Invoice 7687,disputed
T000564,2023-12-03,"₹492,309.62",INR,V0005,AC012,marketing,Invoice 3333,unreconciled
T000565,2024-01-05,"₹97,135.51",INR,V9005,AC011,marketing,Invoice 6205,pending
T000566,2024-02-12,"₹137,768.92",INR,V0008,AC001,consulting,Invoice 3881,pending
T000567,2024-03-30,"₹331,375.79",INR,V0039,AC007,logistics,Invoice 2121,unreconciled
T000568,2024-04-07,"₹177,422.67",INR,V0042,AC010,hardware,Invoice 9431,reconciled
T000569,2024-05-27,"₹343,629.31",INR,V0010,AC007,logistics,Invoice 3679,unreconciled
T000570,2024-06-21,"₹216,346.04",INR,V0026,AC003,logistics,Invoice 1479,unreconciled
T000571,2024-07-07,"₹241,384.72",INR,V9002,AC003,software,Invoice 1971,pending
T000572,2024-08-10,"₹169,752.81",INR,V0019,AC006,facilities,Invoice 9118,disputed
T000573,2024-09-20,"₹124,120.39",INR,V0043,AC010,facilities,Invoice 3619,unreconciled
T000574,2024-10-26,"₹278,016.87",INR,V9003,AC009,logistics,Invoice 5882,pending
T000575,2024-11-19,"₹444,787.48",INR,V0042,AC008,facilities,Invoice 4372,disputed
T000576,2024-12-29,"₹441,036.42",INR,V0038,AC002,software,Invoice 7506,reconciled
T000577,2023-01-29,"₹178,432.07",INR,V0005,AC004,software,Invoice 1464,reconciled
T000578,2023-02-20,"₹4,110.45",INR,V9003,AC006,facilities,Invoice 5281,pending
T000579,2023-03-19,"₹53,034.55",INR,V0011,AC011,logistics,Invoice 7177,pending
T000580,2023-04-08,"₹426,100.61",INR,V0003,AC008,facilities,Invoice 8313,unreconciled
T000581,2023-05-02,"₹63,895.65",INR,V9001,AC002,consulting,Invoice 3802,pending
T000582,2023-06-17,"₹242,489.06",INR,V0041,AC011,marketing,Invoice 1107,pending
T000583,2023-07-05,"₹421,473.69",INR,V0027,AC005,logistics,Invoice 9604,pending
T000584,2023-08-27,"₹243,338.78",INR,V0005,AC005,logistics,Invoice 1578,disputed
T000585,2023-09-28,"₹160,171.12",INR,V0011,AC005,software,Invoice 8084,reconciled
T000586,2023-10-16,"₹115,832.84",INR,V0039,AC002,software,Invoice 4344,reconciled
T000587,2023-11-09,"₹478,403.90",INR,V0005,AC001,hardware,Invoice 9704,reconciled
T000588,2023-12-19,"₹479,544.75",INR,V0017,AC009,logistics,Invoice 2961,reconciled
T000589,2024-01-27,"₹334,246.73",INR,V0011,AC009,facilities,Invoice 4887,disputed
T000590,2024-02-28,"₹450,870.10",INR,V0010,AC003,logistics,Invoice 4412,reconciled
T000591,2024-03-26,"₹73,013.06",INR,V9002,AC010,marketing,Invoice 4269,pending
T000592,2024-04-26,"₹287,631.37",INR,V0037,AC007,hardware,Invoice 9362,pending
T000593,2024-05-07,"₹282,525.60",INR,V0029,AC006,software,Invoice 9034,unreconciled
T000594,2024-06-22,"₹55,582.48",INR,V0030,AC003,marketing,Invoice 1304,unreconciled
T000595,2024-07-14,"₹33,196.23",INR,V0020,AC004,logistics,Invoice 6784,unreconciled
T000596,2024-08-23,"₹475,693.54",INR,V0015,AC011,logistics,Invoice 5773,reconciled
T000597,2024-09-22,"₹259,540.49",INR,V0041,AC009,consulting,Invoice 5327,pending
T000598,2024-10-03,"₹350,043.89",INR,V0026,AC011,logistics,Invoice 7610,pending
T000599,2024-11-20,"₹59,645.44",INR,V0033,AC005,facilities,Invoice 7070,pending
T000600,2024-12-27,"₹333,338.35",INR,V0004,AC001,facilities,Invoice 1246,unreconciled
T000601,2023-01-12,"₹274,993.07",INR,V0003,AC011,consulting,Invoice 6508,reconciled
T000602,2023-02-01,"₹290,858.89",INR,V0016,AC004,software,Invoice 7863,pending
T000603,2023-03-24,"₹312,371.60",INR,V0039,AC010,logistics,Invoice 6730,unreconciled
T000604,2023-04-25,"₹184,447.96",INR,V0023,AC010,logistics,Invoice 6663,unreconciled
T000605,2023-05-14,"₹300,143.44",INR,V0026,AC004,consulting,Invoice 8618,unreconciled
T000606,2023-06-26,"₹77,492.10",INR,V0002,AC010,consulting,Invoice 8181,pending
T000607,2023-07-04,"₹114,982.23",INR,V0021,AC010,logistics,Invoice 5744,reconciled
T000608,2023-08-02,"₹314,768.34",INR,V0025,AC011,facilities,Invoice 6202,pending
T000609,2023-09-26,"₹24,985.44",INR,V0032,AC011,facilities,Invoice 7765,disputed
T000610,2023-10-29,"₹66,623.99",INR,V0033,AC009,marketing,Invoice 8710,reconciled
T000611,2023-11-26,"₹106,266.15",INR,V0023,AC008,software,Invoice 6465,unreconciled
T000612,2023-12-27,"₹422,077.70",INR,V0017,AC008,consulting,Invoice 7994,disputed
T000613,2024-01-04,"₹154,386.78",INR,V0007,AC007,logistics,Invoice 5922,pending
T000614,2024-02-13,"₹56,108.20",INR,V0014,AC010,consulting,Invoice 6965,pending
T000615,2024-03-30,"₹85,525.95",INR,V9006,AC010,hardware,Invoice 3669,disputed
T000616,2024-04-04,"₹200,187.76",INR,V0014,AC010,logistics,Invoice 9353,disputed
T000617,2024-05-12,"₹229,528.25",INR,V9003,AC006,hardware,Invoice 8399,unreconciled
T000618,2024-06-23,"₹162,843.87",INR,V0008,AC002,logistics,Invoice 4746,disputed
T000619,2024-07-08,"₹447,698.50",INR,V0040,AC004,marketing,Invoice 8549,pending
T000620,2024-08-12,"₹472,376.09",INR,V0011,AC009,logistics,Invoice 2874,reconciled
T000621,2024-09-08,"₹78,544.95",INR,V0035,AC006,hardware,Invoice 3450,unreconciled
T000622,2024-10-22,"₹400,320.99",INR,V0039,AC001,consulting,Invoice 2574,unreconciled
T000623,2024-11-12,"₹197,487.09",INR,V0014,AC009,facilities,Invoice 9202,pending
T000624,2024-12-28,"₹156,126.06",INR,V0031,AC008,consulting,Invoice 3743,pending
T000625,2023-01-24,"₹56,717.93",INR,V0045,AC001,software,Invoice 9871,reconciled
T000626,2023-02-06,"₹295,922.75",INR,V0003,AC009,hardware,Invoice 3901,reconciled
T000627,2023-03-01,"₹238,822.24",INR,V0010,AC007,marketing,Invoice 8859,reconciled
T000628,2023-04-24,"₹188,788.26",INR,V0042,AC012,hardware,Invoice 8844,reconciled
T000629,2023-05-12,"₹34,714.97",INR,V0029,AC008,marketing,Invoice 6408,unreconciled
T000630,2023-06-06,"₹112,031.29",INR,V9002,AC006,consulting,Invoice 1612,disputed
T000631,2023-07-15,"₹420,012.47",INR,V0042,AC001,consulting,Invoice 1362,unreconciled
T000632,2023-08-02,"₹273,225.79",INR,V0003,AC009,marketing,Invoice 9532,pending
T000633,2023-09-23,"₹381,584.78",INR,V0009,AC003,software,Invoice 8684,disputed
T000634,2023-10-22,"₹482,240.30",INR,V0022,AC007,facilities,Invoice 4283,reconciled
T000635,2023-11-12,"₹193,699.91",INR,V0041,AC012,hardware,Invoice 7932,reconciled
T000636,2023-12-08,"₹235,765.91",INR,V0011,AC007,facilities,Invoice 6116,unreconciled
T000637,2024-01-28,"₹8,481.45",INR,V0021,AC004,consulting,Invoice 4680,reconciled
T000638,2024-02-04,"₹311,088.83",INR,V0011,AC002,logistics,Invoice 9158,unreconciled
T000639,2024-03-11,"₹28,397.78",INR,V0010,AC001,software,Invoice 8688,disputed
T000640,2024-04-19,"₹181,755.17",INR,V0031,AC006,software,Invoice 5210,pending
T000641,2024-05-27,"₹477,281.37",INR,V0008,AC001,marketing,Invoice 4504,pending
T000642,2024-06-18,"₹59,179.23",INR,V0037,AC001,software,Invoice 5194,unreconciled
T000643,2024-07-05,"₹265,940.36",INR,V9006,AC010,software,Invoice 2480,pending
T000644,2024-08-01,"₹177,404.63",INR,V0009,AC010,software,Invoice 3041,pending
T000645,2024-09-13,"₹474,070.19",INR,V0013,AC010,software,Invoice 3491,pending
T000646,2024-10-09,"₹274,610.24",INR,V9005,AC010,consulting,Invoice 9914,reconciled
T000647,2024-11-29,"₹376,774.44",INR,V0036,AC002,logistics,Invoice 9133,unreconciled
T000648,2024-12-31,"₹237,089.09",INR,V0015,AC005,marketing,Invoice 3821,unreconciled
T000649,2023-01-18,"₹47,002.81",INR,V9005,AC007,marketing,Invoice 1575,pending
T000650,2023-02-09,"₹240,975.54",INR,V0021,AC004,logistics,Invoice 2878,unreconciled
T000651,2023-03-25,"₹331,726.63",INR,V0009,AC006,marketing,Invoice 9032,unreconciled
T000652,2023-04-19,"₹440,779.85",INR,V0013,AC011,facilities,Invoice 4403,reconciled
T000653,2023-05-01,"₹474,517.91",INR,V0018,AC007,logistics,Invoice 3400,disputed
T000654,2023-06-21,"₹218,578.14",INR,V0039,AC002,marketing,Invoice 8873,pending
T000655,2023-07-14,"₹234,460.51",INR,V0030,AC012,marketing,Invoice 2715,unreconciled
T000656,2023-08-30,"₹267,014.28",INR,V0004,AC006,hardware,Invoice 7517,disputed
T000657,2023-09-09,"₹207,071.84",INR,V9001,AC008,hardware,Invoice 1535,unreconciled
T000658,2023-10-09,"₹49,505.59",INR,V0032,AC012,marketing,Invoice 6922,unreconciled
T000659,2023-11-26,"₹349,826.04",INR,V0008,AC004,consulting,Invoice 4274,unreconciled
T000660,2023-12-06,"₹115,630.29",INR,V0010,AC012,logistics,Invoice 8269,unreconciled
T000661,2024-01-22,"₹473,652.85",INR,V0026,AC005,hardware,Invoice 5172,pending
T000662,2024-02-07,"₹30,868.61",INR,V0010,AC002,logistics,Invoice 2411,reconciled
T000663,2024-03-14,"₹417,479.83",INR,V0031,AC005,logistics,Invoice 7972,reconciled
T000664,2024-04-15,"₹419,175.49",INR,V0010,AC004,hardware,Invoice 1562,unreconciled
T000665,2024-05-17,"₹50,473.22",INR,V0014,AC005,facilities,Invoice 7629,reconciled
T000666,2024-06-21,"₹426,589.06",INR,V0038,AC009,logistics,Invoice 6438,reconciled
T000667,2024-07-15,"₹381,473.20",INR,V0041,AC001,marketing,Invoice 9461,reconciled
T000668,2024-08-11,"₹97,237.09",INR,V0016,AC004,software,Invoice 8126,reconciled
T000669,2024-09-03,"₹224,379.01",INR,V9005,AC001,facilities,Invoice 2035,pending
T000670,2024-10-08,"₹81,109.56",INR,V0002,AC001,facilities,Invoice 8415,unreconciled
T000671,2024-11-08,"₹1,452.92",INR,V0016,AC007,hardware,Invoice 5070,pending
T000672,2024-12-11,"₹97,269.74",INR,V0023,AC002,hardware,Invoice 7946,pending
T000673,2023-01-11,"₹267,197.41",INR,V0015,AC002,hardware,Invoice 2613,pending
T000674,2023-02-27,"₹81,341.12",INR,V0001,AC002,software,Invoice 9099,unreconciled
T000675,2023-03-03,"₹369,716.52",INR,V0040,AC004,marketing,Invoice 1403,pending
T000676,2023-04-28,"₹15,639.79",INR,V0021,AC004,facilities,Invoice 4844,unreconciled
T000677,2023-05-21,"₹372,711.94",INR,V0035,AC001,consulting,Invoice 1817,disputed
T000678,2023-06-09,"₹430,060.95",INR,V0010,AC007,logistics,Invoice 5231,disputed
T000679,2023-07-12,"₹466,680.35",INR,V0045,AC005,logistics,Invoice 2252,disputed
T000680,2023-08-27,"₹24,526.52",INR,V0012,AC009,facilities,Invoice 4821,pending
T000681,2023-09-19,"₹54,830.78",INR,V0044,AC009,consulting,Invoice 3701,disputed
T000682,2023-10-17,"₹214,003.42",INR,V0019,AC011,consulting,Invoice 5975,unreconciled
T000683,2023-11-27,"₹247,104.12",INR,V9005,AC003,logistics,Invoice 1471,unreconciled
T000684,2023-12-18,"₹371,908.76",INR,V0001,AC012,logistics,Invoice 3937,pending
T000685,2024-01-25,"₹477,324.29",INR,V0025,AC012,hardware,Invoice 1953,pending
T000686,2024-02-04,"₹123,990.90",INR,V0014,AC006,marketing,Invoice 7853,unreconciled
T000687,2024-03-31,"₹482,322.95",INR,V0035,AC001,logistics,Invoice 6429,unreconciled
T000688,2024-04-10,"₹122,171.37",INR,V0020,AC001,software,Invoice 5736,reconciled
T000689,2024-05-03,"₹20,171.02",INR,V0008,AC012,hardware,Invoice 7677,reconciled
T000690,2024-06-30,"₹213,478.78",INR,V0032,AC010,logistics,Invoice 5484,reconciled
T000691,2024-07-03,"₹203,861.07",INR,V0004,AC006,software,Invoice 1371,disputed
T000692,2024-08-13,"₹331,747.26",INR,V0006,AC012,software,Invoice 8072,disputed
T000693,2024-09-10,"₹379,630.08",INR,V9001,AC008,consulting,Invoice 9544,unreconciled
T000694,2024-10-09,"₹418,432.08",INR,V0031,AC009,software,Invoice 7670,reconciled
T000695,2024-11-20,"₹374,092.29",INR,V0021,AC001,marketing,Invoice 5666,unreconciled
T000696,2024-12-09,"₹367,163.34",INR,V0012,AC008,hardware,Invoice 2927,pending
T000697,2023-01-27,"₹19,901.62",INR,V0037,AC009,marketing,Invoice 6999,unreconciled
T000698,2023-02-04,"₹199,130.39",INR,V0021,AC001,facilities,Invoice 3992,reconciled
T000699,2023-03-03,"₹395,133.42",INR,V0020,AC003,facilities,Invoice 9852,disputed
T000700,2023-04-13,"₹78,688.23",INR,V0012,AC005,consulting,Invoice 1542,unreconciled
T000701,2023-05-16,"₹431,691.73",INR,V0020,AC008,software,Invoice 8079,reconciled
T000702,2023-06-27,"₹375,444.97",INR,V0010,AC012,hardware,Invoice 6294,pending
T000703,2023-07-24,"₹319,729.93",INR,V9006,AC009,logistics,Invoice 2685,unreconciled
T000704,2023-08-18,"₹86,544.48",INR,V9004,AC002,consulting,Invoice 2359,disputed
T000705,2023-09-06,"₹195,419.41",INR,V0005,AC011,hardware,Invoice 9741,unreconciled
T000706,2023-10-14,"₹342,856.21",INR,V0009,AC009,logistics,Invoice 1237,reconciled
T000707,2023-11-26,"₹147,301.00",INR,V0003,AC008,marketing,Invoice 4946,pending
T000708,2023-12-09,"₹131,004.58",INR,V0018,AC008,hardware,Invoice 6035,pending
T000709,2024-01-17,"₹239,459.92",INR,V0014,AC005,software,Invoice 2169,unreconciled
T000710,2024-02-12,"₹203,188.01",INR,V0003,AC002,facilities,Invoice 7499,disputed
T000711,2024-03-03,"₹255,662.89",INR,V9006,AC005,hardware,Invoice 7340,unreconciled
T000712,2024-04-20,"₹205,277.71",INR,V0010,AC012,marketing,Invoice 9476,disputed
T000713,2024-05-07,"₹350,456.46",INR,V0041,AC005,hardware,Invoice 6798,reconciled
T000714,2024-06-29,"₹460,430.07",INR,V0007,AC001,consulting,Invoice 3896,disputed
T000715,2024-07-17,"₹242,535.61",INR,V0009,AC001,facilities,Invoice 2872,unreconciled
T000716,2024-08-03,"₹49,521.92",INR,V0008,AC003,logistics,Invoice 4771,disputed
T000717,2024-09-24,"₹44,666.85",INR,V0010,AC002,hardware,Invoice 6186,reconciled
T000718,2024-10-28,"₹65,002.74",INR,V0005,AC003,logistics,Invoice 3123,unreconciled
T000719,2024-11-19,"₹5,189.09",INR,V0040,AC005,hardware,Invoice 7473,unreconciled
T000720,2024-12-09,"₹198,966.79",INR,V0020,AC008,facilities,Invoice 1246,disputed
T000721,2023-01-31,"₹166,608.29",INR,V0003,AC011,marketing,Invoice 8327,reconciled
T000722,2023-02-20,"₹255,276.58",INR,V0043,AC003,marketing,Invoice 3780,disputed
T000723,2023-03-05,"₹35,426.91",INR,V0034,AC006,logistics,Invoice 5010,unreconciled
T000724,2023-04-27,"₹267,460.68",INR,V0011,AC007,software,Invoice 6916,disputed
T000725,2023-05-24,"₹422,622.35",INR,V0040,AC002,hardware,Invoice 1380,reconciled
T000726,2023-06-11,"₹339,173.45",INR,V9005,AC011,logistics,Invoice 8096,unreconciled
T000727,2023-07-02,"₹58,750.88",INR,V0005,AC010,facilities,Invoice 4687,unreconciled
T000728,2023-08-08,"₹336,811.29",INR,V0012,AC001,hardware,Invoice 2104,disputed
T000729,2023-09-12,"₹237,755.07",INR,V0035,AC011,marketing,Invoice 3679,reconciled
T000730,2023-10-28,"₹284,084.31",INR,V0045,AC004,hardware,Invoice 9302,reconciled
T000731,2023-11-13,"₹360,791.86",INR,V0044,AC012,software,Invoice 9560,unreconciled
T000732,2023-12-23,"₹328,347.02",INR,V0006,AC008,consulting,Invoice 2329,unreconciled
T000733,2024-01-24,"₹106,551.77",INR,V0026,AC007,software,Invoice 8459,unreconciled
T000734,2024-02-06,"₹344,221.38",INR,V0026,AC007,consulting,Invoice 3613,unreconciled
T000735,2024-03-21,"₹344,838.17",INR,V9001,AC006,consulting,Invoice 1666,pending
T000736,2024-04-13,"₹471,899.42",INR,V9005,AC006,facilities,Invoice 6584,reconciled
T000737,2024-05-19,"₹146,035.77",INR,V0020,AC002,marketing,Invoice 1987,unreconciled
T000738,2024-06-17,"₹379,601.78",INR,V0032,AC009,facilities,Invoice 9400,reconciled
T000739,2024-07-05,"₹192,868.49",INR,V0001,AC007,logistics,Invoice 1446,pending
T000740,2024-08-22,"₹121,967.23",INR,V0006,AC009,consulting,Invoice 6787,unreconciled
T000741,2024-09-16,"₹155,991.12",INR,V0035,AC007,consulting,Invoice 1902,unreconciled
T000742,2024-10-17,"₹487,469.90",INR,V0033,AC002,marketing,Invoice 8290,reconciled
T000743,2024-11-29,"₹61,070.53",INR,V0041,AC004,hardware,Invoice 9573,unreconciled
T000744,2024-12-25,"₹214,057.41",INR,V0017,AC004,logistics,Invoice 2895,unreconciled
T000745,2023-01-17,"₹228,680.02",INR,V9003,AC007,logistics,Invoice 6736,disputed
T000746,2023-02-07,"₹87,516.97",INR,V0028,AC009,software,Invoice 3165,reconciled
T000747,2023-03-05,"₹169,398.39",INR,V0038,AC006,logistics,Invoice 1559,pending
T000748,2023-04-30,"₹409,882.94",INR,V0002,AC004,software,Invoice 3739,reconciled
T000749,2023-05-09,"₹108,790.29",INR,V0021,AC007,consulting,Invoice 4363,unreconciled
T000750,2023-06-20,"₹247,984.95",INR,V0012,AC009,consulting,Invoice 2596,reconciled
T000751,2023-07-02,"₹201,216.72",INR,V0034,AC006,marketing,Invoice 5738,unreconciled
T000752,2023-08-07,"₹168,268.88",INR,V0039,AC011,software,Invoice 1647,unreconciled
T000753,2023-09-02,"₹129,946.56",INR,V0018,AC009,marketing,Invoice 2538,disputed
T000754,2023-10-04,"₹48,496.96",INR,V0020,AC012,facilities,Invoice 7698,unreconciled
T000755,2023-11-27,"₹430,811.32",INR,V0024,AC009,marketing,Invoice 1333,pending
T000756,2023-12-12,"₹226,175.16",INR,V9001,AC009,software,Invoice 7782,disputed
T000757,2024-01-23,"₹321,306.73",INR,V0021,AC010,marketing,Invoice 5821,reconciled
T000758,2024-02-19,"₹452,237.11",INR,V0031,AC006,facilities,Invoice 7605,disputed
T000759,2024-03-19,"₹349,445.54",INR,V0006,AC010,logistics,Invoice 3925,pending
T000760,2024-04-26,"₹434,474.64",INR,V0010,AC010,consulting,Invoice 4409,unreconciled
T000761,2024-05-27,"₹176,245.55",INR,V0043,AC003,consulting,Invoice 3955,disputed
T000762,2024-06-20,"₹255,249.64",INR,V0031,AC004,facilities,Invoice 2389,disputed
T000763,2024-07-11,"₹193,510.83",INR,V9002,AC009,hardware,Invoice 1590,unreconciled
T000764,2024-08-10,"₹90,840.68",INR,V0006,AC001,marketing,Invoice 5319,unreconciled
T000765,2024-09-29,"₹276,526.19",INR,V0022,AC002,consulting,Invoice 8470,reconciled
T000766,2024-10-06,"₹50,767.69",INR,V0037,AC008,marketing,Invoice 5325,disputed
T000767,2024-11-26,"₹423,679.97",INR,V0010,AC012,consulting,Invoice 2589,unreconciled
T000768,2024-12-18,"₹487,184.27",INR,V0040,AC004,consulting,Invoice 2921,disputed
T000769,2023-01-09,"₹87,874.73",INR,V0005,AC011,software,Invoice 3127,disputed
T000770,2023-02-24,"₹276,536.23",INR,V0001,AC006,logistics,Invoice 4432,unreconciled
T000771,2023-03-04,"₹442,754.04",INR,V0015,AC005,software,Invoice 2422,unreconciled
T000772,2023-04-09,"₹333,515.69",INR,V0004,AC010,hardware,Invoice 2211,unreconciled
T000773,2023-05-04,"₹22,347.50",INR,V0018,AC002,logistics,Invoice 1347,unreconciled
T000774,2023-06-28,"₹463,692.19",INR,V0022,AC002,consulting,Invoice 2283,reconciled
T000775,2023-07-23,"₹143,776.35",INR,V0041,AC003,software,Invoice 9668,disputed
T000776,2023-08-23,"₹108,267.76",INR,V0005,AC006,software,Invoice 2611,disputed
T000777,2023-09-30,"₹291,411.92",INR,V0006,AC009,software,Invoice 9753,pending
T000778,2023-10-21,"₹459,983.36",INR,V0042,AC012,facilities,Invoice 1829,pending
T000779,2023-11-13,"₹465,085.50",INR,V0017,AC002,facilities,Invoice 3427,pending
T000780,2023-12-29,"₹300,675.26",INR,V0013,AC006,hardware,Invoice 2581,unreconciled
T000781,2024-01-27,"₹250,331.25",INR,V0030,AC001,software,Invoice 1758,unreconciled
T000782,2024-02-12,"₹378,200.06",INR,V0017,AC008,consulting,Invoice 5896,pending
T000783,2024-03-19,"₹342,361.39",INR,V0005,AC003,logistics,Invoice 1349,disputed
T000784,2024-04-27,"₹277,484.19",INR,V0020,AC003,hardware,Invoice 4225,unreconciled
T000785,2024-05-04,"₹393,134.34",INR,V0013,AC005,hardware,Invoice 2110,disputed
T000786,2024-06-15,"₹451,936.35",INR,V0010,AC002,consulting,Invoice 7366,disputed
T000787,2024-07-23,"₹50,414.58",INR,V0005,AC007,software,Invoice 7878,unreconciled
T000788,2024-08-23,"₹396,685.39",INR,V0018,AC001,consulting,Invoice 1943,unreconciled
T000789,2024-09-03,"₹384,279.77",INR,V0043,AC012,software,Invoice 1098,disputed
T000790,2024-10-24,"₹346,063.62",INR,V9004,AC008,hardware,Invoice 9944,disputed
T000791,2024-11-26,"₹13,663.39",INR,V9003,AC010,facilities,Invoice 1591,unreconciled
T000792,2024-12-02,"₹298,780.73",INR,V9001,AC007,software,Invoice 1483,disputed
T000793,2023-01-02,"₹323,990.16",INR,V0028,AC011,logistics,Invoice 3530,disputed
T000794,2023-02-16,"₹261,596.80",INR,V0009,AC001,logistics,Invoice 6398,unreconciled
T000795,2023-03-26,"₹408,939.13",INR,V0035,AC003,facilities,Invoice 8004,pending
T000796,2023-04-01,"₹203,272.62",INR,V0024,AC004,facilities,Invoice 9619,disputed
T000797,2023-05-04,"₹456,545.44",INR,V0005,AC005,hardware,Invoice 3355,pending
T000798,2023-06-10,"₹60,037.60",INR,V0002,AC012,facilities,Invoice 7975,disputed
T000799,2023-07-21,"₹373,504.70",INR,V0039,AC006,software,Invoice 9659,unreconciled
T000800,2023-08-19,"₹231,024.02",INR,V0043,AC011,consulting,Invoice 1305,unreconciled
T000801,2023-09-03,"₹157,877.51",INR,V0016,AC005,facilities,Invoice 6168,unreconciled
T000802,2023-10-15,"₹305,504.30",INR,V0018,AC009,software,Invoice 6793,reconciled
T000803,2023-11-02,"₹237,568.97",INR,V0004,AC007,facilities,Invoice 9103,unreconciled
T000804,2023-12-27,"₹478,452.28",INR,V0023,AC006,consulting,Invoice 1127,unreconciled
T000805,2024-01-25,"₹157,811.42",INR,V0042,AC012,hardware,Invoice 9123,disputed
T000806,2024-02-20,"₹250,168.56",INR,V0008,AC001,consulting,Invoice 5498,disputed
T000807,2024-03-18,"₹295,380.12",INR,V0016,AC012,consulting,Invoice 3914,unreconciled
T000808,2024-04-28,"₹44,517.79",INR,V0026,AC002,hardware,Invoice 7232,unreconciled
T000809,2024-05-31,"₹205,342.14",INR,V0027,AC004,software,Invoice 2170,pending
T000810,2024-06-22,"₹101,533.22",INR,V0012,AC002,facilities,Invoice 9650,reconciled
T000811,2024-07-15,"₹77,234.14",INR,V0013,AC008,software,Invoice 2794,disputed
T000812,2024-08-31,"₹406,747.67",INR,V0036,AC011,software,Invoice 8816,disputed
T000813,2024-09-27,"₹45,107.86",INR,V0010,AC010,logistics,Invoice 9344,reconciled
T000814,2024-10-11,"₹192,172.63",INR,V0038,AC004,software,Invoice 9489,unreconciled
T000815,2024-11-21,"₹210,992.28",INR,V0024,AC003,facilities,Invoice 6141,disputed
T000816,2024-12-26,"₹295,965.81",INR,V0006,AC001,marketing,Invoice 4115,reconciled
T000817,2023-01-07,"₹432,581.63",INR,V0040,AC005,software,Invoice 1796,unreconciled
T000818,2023-02-20,"₹409,373.04",INR,V0032,AC007,marketing,Invoice 5832,reconciled
T000819,2023-03-20,"₹42,196.80",INR,V0024,AC001,marketing,Invoice 1052,reconciled
T000820,2023-04-26,"₹127,402.71",INR,V0043,AC008,facilities,Invoice 9236,unreconciled
T000821,2023-05-18,"₹93,154.81",INR,V0021,AC011,marketing,Invoice 1948,pending
T000822,2023-06-05,"₹271,667.46",INR,V0025,AC006,logistics,Invoice 8035,pending
T000823,2023-07-18,"₹137,693.40",INR,V0009,AC006,facilities,Invoice 7591,unreconciled
T000824,2023-08-03,"₹390,590.36",INR,V0024,AC005,marketing,Invoice 7832,pending
T000825,2023-09-30,"₹137,755.33",INR,V0041,AC002,marketing,Invoice 2684,pending
T000826,2023-10-02,"₹389,066.10",INR,V9001,AC006,software,Invoice 3649,unreconciled
T000827,2023-11-28,"₹293,288.80",INR,V0032,AC007,logistics,Invoice 8495,pending
T000828,2023-12-16,"₹29,008.41",INR,V0037,AC003,facilities,Invoice 2111,pending
T000829,2024-01-01,"₹378,083.87",INR,V0022,AC012,marketing,Invoice 4114,pending
T000830,2024-02-14,"₹2,106.41",INR,V0025,AC002,facilities,Invoice 9970,unreconciled
T000831,2024-03-16,"₹368,458.36",INR,V9006,AC004,logistics,Invoice 1630,reconciled
T000832,2024-04-09,"₹77,221.11",INR,V0016,AC004,facilities,Invoice 2046,reconciled
T000833,2024-05-04,"₹321,233.20",INR,V0041,AC012,software,Invoice 5798,unreconciled
T000834,2024-06-20,"₹394,090.68",INR,V0023,AC012,logistics,Invoice 2231,pending
T000835,2024-07-14,"₹320,374.73",INR,V0045,AC010,consulting,Invoice 3656,reconciled
T000836,2024-08-02,"₹480,317.10",INR,V0006,AC012,marketing,Invoice 2845,unreconciled
T000837,2024-09-28,"₹34,453.77",INR,V0041,AC003,marketing,Invoice 3348,reconciled
T000838,2024-10-24,"₹242,935.45",INR,V0005,AC012,software,Invoice 2075,disputed
T000839,2024-11-08,"₹423,461.88",INR,V0006,AC005,hardware,Invoice 4615,pending
T000840,2024-12-06,"₹102,849.76",INR,V0033,AC010,consulting,Invoice 1348,disputed
T000841,2023-01-01,"₹291,298.61",INR,V0020,AC008,logistics,Invoice 1325,disputed
T000842,2023-02-28,"₹159,655.06",INR,V0034,AC001,logistics,Invoice 1976,unreconciled
T000843,2023-03-05,"₹76,532.15",INR,V0010,AC004,consulting,Invoice 9814,disputed
T000844,2023-04-10,"₹492,448.97",INR,V9002,AC001,hardware,Invoice 3507,disputed
T000845,2023-05-01,"₹292,833.59",INR,V0032,AC006,facilities,Invoice 7702,reconciled
T000846,2023-06-09,"₹1,231.62",INR,V0010,AC005,facilities,Invoice 4370,unreconciled
T000847,2023-07-06,"₹294,949.62",INR,V0030,AC006,logistics,Invoice 4254,unreconciled
T000848,2023-08-02,"₹97,338.42",INR,V0031,AC007,software,Invoice 5591,reconciled
T000849,2023-09-03,"₹493,829.60",INR,V0030,AC007,facilities,Invoice 8986,disputed
T000850,2023-10-02,"₹188,659.15",INR,V0012,AC008,logistics,Invoice 5351,unreconciled
T000851,2023-11-24,"₹30,539.06",INR,V0021,AC009,facilities,Invoice 9827,unreconciled
T000852,2023-12-29,"₹161,254.57",INR,V0020,AC003,consulting,Invoice 4888,pending
T000853,2024-01-19,"₹63,525.74",INR,V0023,AC002,facilities,Invoice 3952,disputed
T000854,2024-02-24,"₹370,959.22",INR,V0021,AC009,hardware,Invoice 7162,pending
T000855,2024-03-02,"₹418,934.63",INR,V0012,AC002,facilities,Invoice 1799,unreconciled
T000856,2024-04-24,"₹223,260.75",INR,V0012,AC004,hardware,Invoice 7067,pending
T000857,2024-05-18,"₹306,458.93",INR,V0005,AC011,facilities,Invoice 9291,reconciled
T000858,2024-06-02,"₹40,982.47",INR,V9002,AC002,marketing,Invoice 9907,disputed
T000859,2024-07-22,"₹267,780.43",INR,V0022,AC004,logistics,Invoice 8265,unreconciled
T000860,2024-08-13,"₹366,901.40",INR,V0004,AC001,logistics,Invoice 6353,pending
T000861,2024-09-22,"₹426,291.86",INR,V0018,AC004,marketing,Invoice 6982,reconciled
T000862,2024-10-18,"₹23,871.51",INR,V0020,AC012,hardware,Invoice 9018,disputed
T000863,2024-11-27,"₹139,623.69",INR,V0007,AC008,facilities,Invoice 1610,unreconciled
T000864,2024-12-12,"₹16,800.46",INR,V0003,AC012,marketing,Invoice 4511,disputed
T000865,2023-01-31,"₹82,851.87",INR,V0014,AC008,hardware,Invoice 6823,disputed
T000866,2023-02-23,"₹128,725.31",INR,V0015,AC005,consulting,Invoice 7541,disputed
T000867,2023-03-27,"₹145,476.50",INR,V0044,AC001,marketing,Invoice 1315,reconciled
T000868,2023-04-07,"₹227,613.52",INR,V0009,AC010,software,Invoice 8549,disputed
T000869,2023-05-21,"₹122,634.76",INR,V0016,AC009,hardware,Invoice 1359,reconciled
T000870,2023-06-30,"₹404,745.77",INR,V0002,AC010,marketing,Invoice 7048,disputed
T000871,2023-07-30,"₹296,859.75",INR,V0013,AC009,logistics,Invoice 3895,reconciled
T000872,2023-08-15,"₹126,424.36",INR,V0026,AC010,facilities,Invoice 6261,reconciled
T000873,2023-09-18,"₹466,594.85",INR,V0012,AC012,facilities,Invoice 3853,pending
T000874,2023-10-15,"₹155,508.42",INR,V0001,AC001,hardware,Invoice 4039,reconciled
T000875,2023-11-03,"₹427,500.87",INR,V0038,AC008,facilities,Invoice 6658,disputed
T000876,2023-12-10,"₹121,021.02",INR,V0033,AC009,consulting,Invoice 7039,disputed
T000877,2024-01-20,"₹92,789.35",INR,V0040,AC009,logistics,Invoice 6711,reconciled
T000878,2024-02-29,"₹162,862.53",INR,V0021,AC007,facilities,Invoice 9030,disputed
T000879,2024-03-05,"₹83,091.15",INR,V0016,AC012,consulting,Invoice 4278,disputed
T000880,2024-04-15,"₹295,263.16",INR,V0006,AC001,facilities,Invoice 8035,reconciled
T000881,2024-05-15,"₹396,318.08",INR,V9003,AC004,facilities,Invoice 6862,unreconciled
T000882,2024-06-22,"₹225,398.60",INR,V0004,AC003,facilities,Invoice 1611,reconciled
T000883,2024-07-12,"₹6,401.91",INR,V9006,AC007,marketing,Invoice 4333,reconciled
T000884,2024-08-26,"₹185,612.37",INR,V0023,AC005,software,Invoice 3808,unreconciled
T000885,2024-09-14,"₹329,187.57",INR,V9006,AC006,consulting,Invoice 1002,pending
T000886,2024-10-22,"₹398,789.70",INR,V0043,AC011,marketing,Invoice 6085,reconciled
T000887,2024-11-28,"₹482,873.73",INR,V9004,AC012,hardware,Invoice 3211,unreconciled
T000888,2024-12-02,"₹180,865.01",INR,V0042,AC007,marketing,Invoice 9767,unreconciled
T000889,2023-01-03,"₹363,547.34",INR,V9001,AC009,logistics,Invoice 9848,unreconciled
T000890,2023-02-19,"₹356,779.08",INR,V0021,AC005,logistics,Invoice 8324,unreconciled
T000891,2023-03-22,"₹83,322.83",INR,V0006,AC008,hardware,Invoice 7107,unreconciled
T000892,2023-04-16,"₹52,600.84",INR,V0019,AC010,software,Invoice 9792,pending
T000893,2023-05-15,"₹189,011.10",INR,V0037,AC010,logistics,Invoice 5279,reconciled
T000894,2023-06-10,"₹381,737.44",INR,V0035,AC002,software,Invoice 2266,pending
T000895,2023-07-31,"₹475,132.65",INR,V0017,AC002,facilities,Invoice 2996,pending
T000896,2023-08-12,"₹392,833.98",INR,V0034,AC007,consulting,Invoice 4575,unreconciled
T000897,2023-09-11,"₹245,415.29",INR,V0026,AC003,facilities,Invoice 7662,pending
T000898,2023-10-02,"₹497,331.08",INR,V0045,AC006,marketing,Invoice 1612,reconciled
T000899,2023-11-19,"₹91,817.70",INR,V0005,AC005,consulting,Invoice 1838,unreconciled
T000900,2023-12-15,"₹120,403.48",INR,V0013,AC005,logistics,Invoice 5582,pending
T000901,2024-01-08,"₹211,484.49",INR,V0040,AC006,marketing,Invoice 6368,unreconciled
T000902,2024-02-10,"₹277,981.15",INR,V0026,AC002,software,Invoice 7449,disputed
T000903,2024-03-01,"₹104,306.36",INR,V0045,AC008,marketing,Invoice 2660,pending
T000904,2024-04-25,"₹400,739.09",INR,V0024,AC008,hardware,Invoice 6210,reconciled
T000905,2024-05-31,"₹104,890.45",INR,V0025,AC004,marketing,Invoice 2788,disputed
T000906,2024-06-28,"₹157,896.70",INR,V0023,AC008,hardware,Invoice 8056,pending
T000907,2024-07-29,"₹380,712.56",INR,V0004,AC001,software,Invoice 6833,pending
T000908,2024-08-28,"₹130,644.58",INR,V0007,AC002,hardware,Invoice 1356,pending
T000909,2024-09-01,"₹245,751.23",INR,V0022,AC012,consulting,Invoice 6891,unreconciled
T000910,2024-10-11,"₹53,048.37",INR,V0027,AC007,facilities,Invoice 4042,reconciled
T000911,2024-11-30,"₹75,288.50",INR,V0028,AC004,logistics,Invoice 8359,reconciled
T000912,2024-12-23,"₹258,484.38",INR,V9004,AC003,logistics,Invoice 5699,pending
T000913,2023-01-02,"₹446,619.12",INR,V0029,AC010,facilities,Invoice 1152,reconciled
T000914,2023-02-19,"₹438,224.54",INR,V0012,AC010,software,Invoice 4757,pending
T000915,2023-03-09,"₹42,011.30",INR,V0004,AC008,software,Invoice 4612,unreconciled
T000916,2023-04-18,"₹96,541.51",INR,V0010,AC003,facilities,Invoice 7067,disputed
T000917,2023-05-29,"₹87,544.35",INR,V9005,AC001,facilities,Invoice 2633,unreconciled
T000918,2023-06-18,"₹125,171.28",INR,V9002,AC005,facilities,Invoice 7233,pending
T000919,2023-07-31,"₹197,948.96",INR,V0035,AC009,logistics,Invoice 9744,disputed
T000920,2023-08-29,"₹491,409.93",INR,V0043,AC008,logistics,Invoice 3033,unreconciled
T000921,2023-09-02,"₹409,719.85",INR,V0001,AC009,consulting,Invoice 6565,reconciled
T000922,2023-10-24,"₹446,834.42",INR,V0001,AC003,facilities,Invoice 9485,disputed
T000923,2023-11-08,"₹118,581.48",INR,V0002,AC007,facilities,Invoice 9462,disputed
T000924,2023-12-21,"₹131,289.64",INR,V0028,AC011,marketing,Invoice 5284,pending
T000925,2024-01-02,"₹316,640.65",INR,V0031,AC001,software,Invoice 1311,reconciled
T000926,2024-02-26,"₹448,923.23",INR,V9004,AC005,hardware,Invoice 9552,pending
T000927,2024-03-05,"₹405,838.58",INR,V9005,AC005,software,Invoice 2223,pending
T000928,2024-04-14,"₹136,359.85",INR,V0005,AC001,hardware,Invoice 8793,reconciled
T000929,2024-05-30,"₹319,172.45",INR,V0032,AC010,logistics,Invoice 1752,unreconciled
T000930,2024-06-11,"₹454,531.77",INR,V0035,AC011,hardware,Invoice 6366,pending
T000931,2024-07-24,"₹149,092.72",INR,V0034,AC009,facilities,Invoice 5549,reconciled
T000932,2024-08-27,"₹162,325.83",INR,V0002,AC001,marketing,Invoice 2960,pending
T000933,2024-09-08,"₹302,123.42",INR,V9006,AC008,logistics,Invoice 2465,unreconciled
T000934,2024-10-30,"₹340,869.89",INR,V0008,AC007,marketing,Invoice 2626,pending
T000935,2024-11-20,"₹477,980.92",INR,V0011,AC009,facilities,Invoice 4471,pending
T000936,2024-12-02,"₹475,624.74",INR,V0011,AC007,logistics,Invoice 6097,reconciled
T000937,2023-01-10,"₹239,998.74",INR,V0004,AC008,logistics,Invoice 5310,reconciled
T000938,2023-02-13,"₹471,928.27",INR,V0044,AC001,logistics,Invoice 2417,unreconciled
T000939,2023-03-14,"₹188,604.55",INR,V0003,AC010,consulting,Invoice 7483,unreconciled
T000940,2023-04-01,"₹304,616.80",INR,V0038,AC012,logistics,Invoice 6685,reconciled
T000941,2023-05-21,"₹107,129.27",INR,V0034,AC011,hardware,Invoice 3786,unreconciled
T000942,2023-06-12,"₹132,275.45",INR,V0004,AC003,hardware,Invoice 7934,unreconciled
T000943,2023-07-23,"₹408,776.78",INR,V0003,AC009,software,Invoice 4075,pending
T000944,2023-08-02,"₹81,044.45",INR,V0032,AC012,software,Invoice 8927,unreconciled
T000945,2023-09-10,"₹488,169.21",INR,V0021,AC010,logistics,Invoice 3867,disputed
T000946,2023-10-22,"₹275,888.22",INR,V9001,AC006,marketing,Invoice 5504,reconciled
T000947,2023-11-05,"₹333,116.31",INR,V0012,AC002,consulting,Invoice 1263,unreconciled
T000948,2023-12-22,"₹12,332.88",INR,V9005,AC001,facilities,Invoice 6299,unreconciled
T000949,2024-01-19,"₹165,701.81",INR,V0024,AC004,software,Invoice 7900,reconciled
T000950,2024-02-02,"₹23,824.87",INR,V0013,AC011,software,Invoice 7891,disputed
T000951,2024-03-06,"₹259,815.34",INR,V0037,AC002,marketing,Invoice 5913,unreconciled
T000952,2024-04-30,"₹495,285.92",INR,V0024,AC004,consulting,Invoice 6372,reconciled
T000953,2024-05-30,"₹320,390.71",INR,V0041,AC003,marketing,Invoice 2266,unreconciled
T000954,2024-06-23,"₹128,268.82",INR,V0031,AC006,hardware,Invoice 5025,unreconciled
T000955,2024-07-02,"₹38,272.63",INR,V0028,AC001,software,Invoice 7997,unreconciled
T000956,2024-08-18,"₹29,087.68",INR,V0037,AC008,consulting,Invoice 9167,unreconciled
T000957,2024-09-22,"₹250,545.97",INR,V0037,AC001,marketing,Invoice 5816,reconciled
T000958,2024-10-18,"₹395,044.09",INR,V0020,AC006,software,Invoice 6253,unreconciled
T000959,2024-11-29,"₹155,682.38",INR,V0037,AC001,software,Invoice 7424,disputed
T000960,2024-12-19,"₹487,874.69",INR,V9006,AC001,software,Invoice 9756,disputed
T000961,2023-01-13,"₹59,125.16",INR,V0028,AC002,consulting,Invoice 5947,reconciled
T000962,2023-02-02,"₹342,026.31",INR,V9004,AC012,logistics,Invoice 5506,unreconciled
T000963,2023-03-11,"₹276,439.46",INR,V0006,AC005,hardware,Invoice 9996,unreconciled
T000964,2023-04-05,"₹460,222.73",INR,V0021,AC005,logistics,Invoice 1508,disputed
T000965,2023-05-02,"₹473,064.75",INR,V0045,AC011,consulting,Invoice 2897,reconciled
T000966,2023-06-19,"₹101,277.91",INR,V0008,AC004,logistics,Invoice 9965,unreconciled
T000967,2023-07-03,"₹45,775.99",INR,V0033,AC006,hardware,Invoice 8031,disputed
T000968,2023-08-31,"₹434,133.97",INR,V0016,AC006,logistics,Invoice 9132,reconciled
T000969,2023-09-11,"₹183,552.89",INR,V0039,AC008,marketing,Invoice 4896,unreconciled
T000970,2023-10-15,"₹357,860.22",INR,V0015,AC006,facilities,Invoice 2552,reconciled
T000971,2023-11-21,"₹14,432.84",INR,V0031,AC007,marketing,Invoice 7509,reconciled
T000972,2023-12-01,"₹441,048.15",INR,V0014,AC009,consulting,Invoice 6135,disputed
T000973,2024-01-11,"₹282,286.92",INR,V9006,AC002,consulting,Invoice 6164,pending
T000974,2024-02-17,"₹327,170.08",INR,V0005,AC011,marketing,Invoice 1930,pending
T000975,2024-03-01,"₹221,475.49",INR,V0015,AC005,software,Invoice 1020,disputed
T000976,2024-04-07,"₹169,386.39",INR,V0041,AC009,logistics,Invoice 5910,unreconciled
T000977,2024-05-19,"₹455,588.81",INR,V0017,AC010,consulting,Invoice 1607,unreconciled
T000978,2024-06-23,"₹230,038.30",INR,V0045,AC009,consulting,Invoice 3839,pending
T000979,2024-07-27,"₹394,026.82",INR,V0001,AC009,logistics,Invoice 6944,unreconciled
T000980,2024-08-30,"₹412,435.42",INR,V0005,AC006,facilities,Invoice 8835,disputed
T000981,2024-09-20,"₹10,562.53",INR,V9004,AC003,logistics,Invoice 7695,unreconciled
T000982,2024-10-10,"₹136,840.34",INR,V0044,AC003,facilities,Invoice 1362,unreconciled
T000983,2024-11-29,"₹168,371.32",INR,V9002,AC010,logistics,Invoice 9523,reconciled
T000984,2024-12-01,"₹427,437.01",INR,V0011,AC004,software,Invoice 3819,reconciled
T000985,2023-01-06,"₹234,527.52",INR,V0022,AC007,marketing,Invoice 7516,disputed
T000986,2023-02-12,"₹476,863.28",INR,V0009,AC009,logistics,Invoice 4014,pending
T000987,2023-03-28,"₹259,039.41",INR,V0033,AC002,logistics,Invoice 9996,reconciled
T000988,2023-04-22,"₹48,318.99",INR,V9003,AC005,consulting,Invoice 2144,pending
T000989,2023-05-03,"₹136,077.73",INR,V0024,AC002,hardware,Invoice 1997,disputed
T000990,2023-06-20,"₹334,409.75",INR,V0037,AC003,logistics,Invoice 5996,pending
T000991,2023-07-07,"₹437,006.90",INR,V0028,AC002,software,Invoice 8517,disputed
T000992,2023-08-09,"₹144,687.48",INR,V9005,AC001,consulting,Invoice 6054,disputed
T000993,2023-09-20,"₹387,780.17",INR,V0024,AC006,logistics,Invoice 7882,pending
T000994,2023-10-13,"₹147,010.04",INR,V0022,AC004,consulting,Invoice 8982,disputed
T000995,2023-11-03,"₹80,787.53",INR,V0044,AC008,software,Invoice 8765,unreconciled
T000996,2023-12-11,"₹225,920.77",INR,V0033,AC003,software,Invoice 8307,reconciled
T000997,2024-01-16,"₹25,820.23",INR,V0024,AC002,facilities,Invoice 5283,pending
T000998,2024-02-16,"₹72,734.09",INR,V0015,AC001,facilities,Invoice 4688,pending
T000999,2024-03-24,"₹474,970.09",INR,V0020,AC001,consulting,Invoice 6788,disputed
T001000,2024-04-05,"₹215,464.69",INR,V0025,AC010,logistics,Invoice 4253,reconciled
T001001,2024-05-23,"₹468,783.37",INR,V0019,AC010,marketing,Invoice 8626,reconciled
T001002,2024-06-25,"₹339,813.89",INR,V0013,AC005,logistics,Invoice 5432,unreconciled
T001003,2024-07-17,"₹225,784.12",INR,V0019,AC009,software,Invoice 8569,disputed
T001004,2024-08-31,"₹464,058.05",INR,V0034,AC006,software,Invoice 1777,disputed
T001005,2024-09-24,"₹91,166.57",INR,V0039,AC004,facilities,Invoice 4925,pending
T001006,2024-10-16,"₹330,017.08",INR,V0012,AC003,marketing,Invoice 3429,unreconciled
T001007,2024-11-23,"₹359,083.34",INR,V0021,AC007,consulting,Invoice 5626,pending
T001008,2024-12-22,"₹464,781.58",INR,V0004,AC008,logistics,Invoice 8614,unreconciled
T001009,2023-01-08,"₹479,559.88",INR,V0020,AC004,facilities,Invoice 1845,disputed
T001010,2023-02-05,"₹340,830.97",INR,V0027,AC002,marketing,Invoice 6719,unreconciled
T001011,2023-03-29,"₹14,892.05",INR,V0003,AC010,facilities,Invoice 3538,pending
T001012,2023-04-04,"₹468,371.41",INR,V0018,AC002,software,Invoice 8825,disputed
T001013,2023-05-22,"₹266,793.11",INR,V9003,AC005,consulting,Invoice 3271,disputed
T001014,2023-06-02,"₹125,585.65",INR,V0045,AC004,software,Invoice 6200,reconciled
T001015,2023-07-24,"₹198,672.57",INR,V0029,AC002,software,Invoice 4531,reconciled
T001016,2023-08-06,"₹260,317.69",INR,V0012,AC010,facilities,Invoice 5928,unreconciled
T001017,2023-09-19,"₹131,758.53",INR,V0040,AC002,facilities,Invoice 2676,pending
T001018,2023-10-22,"₹32,534.85",INR,V0004,AC006,marketing,Invoice 6977,unreconciled
T001019,2023-11-27,"₹101,934.85",INR,V0036,AC007,consulting,Invoice 2623,unreconciled
T001020,2023-12-16,"₹250,059.52",INR,V0028,AC001,marketing,Invoice 3969,unreconciled
T001021,2024-01-04,"₹35,990.75",INR,V9001,AC001,marketing,Invoice 4841,pending
T001022,2024-02-13,"₹195,657.31",INR,V0009,AC010,hardware,Invoice 5629,unreconciled
T001023,2024-03-28,"₹157,399.40",INR,V0015,AC005,software,Invoice 6636,disputed
T001024,2024-04-12,"₹45,992.34",INR,V0031,AC005,software,Invoice 7355,reconciled
T001025,2024-05-08,"₹169,316.67",INR,V0010,AC008,marketing,Invoice 9987,unreconciled
T001026,2024-06-20,"₹391,363.12",INR,V0004,AC001,hardware,Invoice 1220,pending
T001027,2024-07-02,"₹91,436.10",INR,V0032,AC006,software,Invoice 9865,pending
T001028,2024-08-01,"₹290,366.10",INR,V0010,AC007,hardware,Invoice 1569,reconciled
T001029,2024-09-10,"₹267,537.74",INR,V0011,AC006,marketing,Invoice 8601,reconciled
T001030,2024-10-03,"₹310,395.14",INR,V9005,AC011,marketing,Invoice 8833,reconciled
T001031,2024-11-08,"₹274,500.13",INR,V0043,AC001,software,Invoice 2553,reconciled
T001032,2024-12-23,"₹3,186.50",INR,V0010,AC009,facilities,Invoice 3552,reconciled
T001033,2023-01-07,"₹81,240.16",INR,V0037,AC004,hardware,Invoice 5723,disputed
T001034,2023-02-26,"₹260,157.78",INR,V0011,AC001,logistics,Invoice 9646,unreconciled
T001035,2023-03-20,"₹177,274.39",INR,V0021,AC009,facilities,Invoice 2984,reconciled
T001036,2023-04-21,"₹456,438.66",INR,V0012,AC002,software,Invoice 3789,disputed
T001037,2023-05-01,"₹100,028.81",INR,V9004,AC006,consulting,Invoice 3964,reconciled
T001038,2023-06-05,"₹495,597.27",INR,V0043,AC001,consulting,Invoice 1484,reconciled
T001039,2023-07-29,"₹350,948.81",INR,V9006,AC005,facilities,Invoice 4473,unreconciled
T001040,2023-08-20,"₹476,216.54",INR,V0015,AC009,hardware,Invoice 5056,unreconciled
T001041,2023-09-25,"₹30,796.98",INR,V0035,AC009,marketing,Invoice 8867,unreconciled
T001042,2023-10-15,"₹9,133.99",INR,V0022,AC010,logistics,Invoice 3600,disputed
T001043,2023-11-19,"₹334,716.52",INR,V0017,AC006,logistics,Invoice 7757,pending
T001044,2023-12-21,"₹475,603.22",INR,V0032,AC008,hardware,Invoice 8351,unreconciled
T001045,2024-01-12,"₹7,008.07",INR,V0012,AC007,hardware,Invoice 4812,unreconciled
T001046,2024-02-12,"₹413,342.78",INR,V9001,AC003,hardware,Invoice 3640,unreconciled
T001047,2024-03-10,"₹109,716.56",INR,V9005,AC007,consulting,Invoice 6958,pending
T001048,2024-04-13,"₹413,678.40",INR,V0043,AC011,marketing,Invoice 5805,pending
T001049,2024-05-21,"₹172,867.98",INR,V0007,AC009,consulting,Invoice 9362,disputed
T001050,2024-06-02,"₹45,670.93",INR,V0013,AC011,consulting,Invoice 1674,pending
T001051,2024-07-07,"₹495,135.07",INR,V0005,AC003,consulting,Invoice 9775,unreconciled
T001052,2024-08-29,"₹134,488.78",INR,V0037,AC011,logistics,Invoice 6043,unreconciled
T001053,2024-09-05,"₹370,915.46",INR,V0015,AC007,hardware,Invoice 1246,reconciled
T001054,2024-10-15,"₹13,351.25",INR,V0042,AC005,consulting,Invoice 6413,unreconciled
T001055,2024-11-27,"₹424,975.24",INR,V0001,AC003,marketing,Invoice 4897,reconciled
T001056,2024-12-03,"₹281,284.76",INR,V0032,AC002,logistics,Invoice 9452,disputed
T001057,2023-01-22,"₹131,490.43",INR,V0039,AC006,logistics,Invoice 5162,reconciled
T001058,2023-02-17,"₹4,342.53",INR,V0020,AC008,facilities,Invoice 6660,reconciled
T001059,2023-03-15,"₹57,490.43",INR,V0020,AC007,software,Invoice 5384,unreconciled
T001060,2023-04-17,"₹343,245.02",INR,V0042,AC010,software,Invoice 3476,reconciled
T001061,2023-05-21,"₹121,472.67",INR,V0040,AC004,software,Invoice 6379,disputed
T001062,2023-06-12,"₹171,446.27",INR,V0009,AC010,marketing,Invoice 6155,pending
T001063,2023-07-09,"₹491,942.97",INR,V0040,AC005,facilities,Invoice 9076,reconciled
T001064,2023-08-06,"₹309,471.80",INR,V0023,AC007,software,Invoice 2954,disputed
T001065,2023-09-25,"₹465,602.91",INR,V0015,AC004,hardware,Invoice 5049,unreconciled
T001066,2023-10-11,"₹65,140.06",INR,V0010,AC012,hardware,Invoice 9638,reconciled
T001067,2023-11-30,"₹461,271.80",INR,V0038,AC010,consulting,Invoice 3868,reconciled
T001068,2023-12-08,"₹165,875.89",INR,V0041,AC010,hardware,Invoice 7611,pending
T001069,2024-01-24,"₹369,322.13",INR,V0015,AC006,hardware,Invoice 5790,pending
T001070,2024-02-25,"₹449,503.06",INR,V0023,AC003,facilities,Invoice 3102,unreconciled
T001071,2024-03-14,"₹215,969.88",INR,V0005,AC010,consulting,Invoice 3432,disputed
T001072,2024-04-23,"₹379,242.21",INR,V9003,AC003,software,Invoice 7098,unreconciled
T001073,2024-05-14,"₹433,612.47",INR,V0012,AC011,marketing,Invoice 2849,unreconciled
T001074,2024-06-27,"₹441,319.94",INR,V9001,AC006,logistics,Invoice 5446,unreconciled
T001075,2024-07-03,"₹55,146.98",INR,V0022,AC012,software,Invoice 1591,reconciled
T001076,2024-08-16,"₹433,823.37",INR,V0021,AC007,marketing,Invoice 4454,unreconciled
T001077,2024-09-23,"₹127,452.78",INR,V0026,AC009,software,Invoice 4205,unreconciled
T001078,2024-10-30,"₹213,627.36",INR,V0018,AC011,logistics,Invoice 5412,unreconciled
T001079,2024-11-07,"₹123,528.65",INR,V9004,AC006,consulting,Invoice 8176,unreconciled
T001080,2024-12-24,"₹378,405.60",INR,V9004,AC009,logistics,Invoice 9546,reconciled
T001081,2023-01-18,"₹366,985.32",INR,V0041,AC009,facilities,Invoice 6427,unreconciled
T001082,2023-02-03,"₹25,420.02",INR,V0002,AC012,marketing,Invoice 4177,pending
T001083,2023-03-25,"₹339,608.59",INR,V0013,AC003,facilities,Invoice 1999,reconciled
T001084,2023-04-24,"₹443,855.30",INR,V0030,AC005,marketing,Invoice 2049,reconciled
T001085,2023-05-31,"₹343,578.24",INR,V0045,AC005,logistics,Invoice 9691,unreconciled
T001086,2023-06-26,"₹487,516.03",INR,V0031,AC012,hardware,Invoice 6452,unreconciled
T001087,2023-07-18,"₹440,351.39",INR,V0044,AC005,consulting,Invoice 2405,unreconciled
T001088,2023-08-01,"₹461,146.27",INR,V0020,AC004,marketing,Invoice 6420,unreconciled
T001089,2023-09-13,"₹109,132.45",INR,V0029,AC008,hardware,Invoice 7099,pending
T001090,2023-10-05,"₹395,345.30",INR,V9006,AC003,software,Invoice 9546,pending
T001091,2023-11-16,"₹72,478.94",INR,V0019,AC011,logistics,Invoice 4758,pending
T001092,2023-12-07,"₹441,521.57",INR,V0037,AC009,marketing,Invoice 1064,disputed
T001093,2024-01-28,"₹130,611.59",INR,V0045,AC008,marketing,Invoice 6385,reconciled
T001094,2024-02-13,"₹3,787.48",INR,V0029,AC006,hardware,Invoice 6537,unreconciled
T001095,2024-03-06,"₹63,627.15",INR,V0002,AC005,consulting,Invoice 7441,pending
T001096,2024-04-08,"₹50,048.40",INR,V0039,AC006,logistics,Invoice 6825,disputed
T001097,2024-05-13,"₹420,864.94",INR,V0040,AC001,hardware,Invoice 1465,reconciled
T001098,2024-06-29,"₹193,177.07",INR,V0036,AC002,consulting,Invoice 7153,unreconciled
T001099,2024-07-21,"₹496,900.91",INR,V0042,AC007,consulting,Invoice 1286,pending
T001100,2024-08-08,"₹175,985.48",INR,V0041,AC010,hardware,Invoice 6135,disputed
T001101,2024-09-06,"₹45,207.56",INR,V0031,AC002,logistics,Invoice 3989,pending
T001102,2024-10-13,"₹76,694.48",INR,V0030,AC009,hardware,Invoice 5337,pending
T001103,2024-11-08,"₹228,349.51",INR,V0001,AC008,logistics,Invoice 6251,unreconciled
T001104,2024-12-05,"₹14,914.76",INR,V0007,AC001,consulting,Invoice 7547,unreconciled
T001105,2023-01-15,"₹187,372.23",INR,V9004,AC010,marketing,Invoice 2054,disputed
T001106,2023-02-03,"₹314,686.81",INR,V0008,AC008,marketing,Invoice 3525,reconciled
T001107,2023-03-24,"₹215,891.88",INR,V0018,AC002,facilities,Invoice 4372,disputed
T001108,2023-04-22,"₹328,312.21",INR,V0034,AC006,marketing,Invoice 3380,unreconciled
T001109,2023-05-16,"₹14,199.60",INR,V0014,AC002,consulting,Invoice 6038,disputed
T001110,2023-06-11,"₹492,682.98",INR,V0032,AC004,software,Invoice 1158,disputed
T001111,2023-07-22,"₹208,565.61",INR,V0007,AC012,software,Invoice 2493,unreconciled
T001112,2023-08-26,"₹143,381.96",INR,V0034,AC003,marketing,Invoice 9935,pending
T001113,2023-09-19,"₹33,167.86",INR,V0040,AC008,consulting,Invoice 8887,disputed
T001114,2023-10-26,"₹449,818.17",INR,V9003,AC004,software,Invoice 9829,unreconciled
T001115,2023-11-27,"₹262,125.29",INR,V0018,AC012,hardware,Invoice 2349,disputed
T001116,2023-12-10,"₹79,009.01",INR,V0014,AC006,hardware,Invoice 2142,pending
T001117,2024-01-17,"₹182,133.29",INR,V0033,AC012,consulting,Invoice 1659,disputed
T001118,2024-02-18,"₹26,625.18",INR,V0036,AC008,marketing,Invoice 8039,unreconciled
T001119,2024-03-16,"₹326,089.26",INR,V0036,AC006,software,Invoice 7544,reconciled
T001120,2024-04-06,"₹86,354.55",INR,V9003,AC002,hardware,Invoice 4169,reconciled
T001121,2024-05-28,"₹496,574.12",INR,V0014,AC005,hardware,Invoice 9389,pending
T001122,2024-06-27,"₹378,371.27",INR,V0037,AC002,logistics,Invoice 9120,unreconciled
T001123,2024-07-03,"₹446,700.41",INR,V9005,AC008,logistics,Invoice 4588,pending
T001124,2024-08-30,"₹108,394.81",INR,V0042,AC004,hardware,Invoice 4756,disputed
T001125,2024-09-25,"₹342,810.63",INR,V0012,AC003,consulting,Invoice 4420,disputed
T001126,2024-10-24,"₹79,242.67",INR,V0017,AC009,software,Invoice 3145,reconciled
T001127,2024-11-22,"₹359,877.62",INR,V0019,AC011,facilities,Invoice 2692,reconciled
T001128,2024-12-05,"₹99,447.63",INR,V9006,AC007,hardware,Invoice 9037,disputed
T001129,2023-01-08,"₹93,748.83",INR,V0011,AC010,hardware,Invoice 1825,unreconciled
T001130,2023-02-21,"₹220,690.96",INR,V0030,AC002,marketing,Invoice 2303,pending
T001131,2023-03-19,"₹278,241.04",INR,V0023,AC011,logistics,Invoice 5795,unreconciled
T001132,2023-04-09,"₹253,153.69",INR,V0031,AC004,facilities,Invoice 8805,unreconciled
T001133,2023-05-19,"₹206,425.90",INR,V0016,AC005,facilities,Invoice 8624,pending
T001134,2023-06-16,"₹240,770.44",INR,V0012,AC006,logistics,Invoice 3209,unreconciled
T001135,2023-07-30,"₹467,757.36",INR,V0026,AC004,facilities,Invoice 2720,reconciled
T001136,2023-08-09,"₹160,152.26",INR,V0043,AC011,consulting,Invoice 4270,reconciled
T001137,2023-09-06,"₹238,790.92",INR,V0029,AC001,software,Invoice 4356,reconciled
T001138,2023-10-01,"₹233,974.68",INR,V9006,AC004,facilities,Invoice 6205,unreconciled
T001139,2023-11-02,"₹351,413.72",INR,V9002,AC005,hardware,Invoice 3883,disputed
T001140,2023-12-19,"₹199,441.60",INR,V0034,AC009,marketing,Invoice 9281,reconciled
T001141,2024-01-04,"₹70,915.23",INR,V0027,AC006,marketing,Invoice 8815,pending
T001142,2024-02-16,"₹236,106.51",INR,V0045,AC003,logistics,Invoice 4237,unreconciled
T001143,2024-03-24,"₹211,717.95",INR,V0003,AC010,consulting,Invoice 8669,pending
T001144,2024-04-14,"₹96,656.54",INR,V0043,AC007,consulting,Invoice 2583,unreconciled
T001145,2024-05-25,"₹450,120.21",INR,V0011,AC003,logistics,Invoice 3578,disputed
T001146,2024-06-11,"₹413,088.39",INR,V0033,AC002,hardware,Invoice 7666,pending
T001147,2024-07-27,"₹220,971.11",INR,V0026,AC006,logistics,Invoice 7357,reconciled
T001148,2024-08-15,"₹416,258.23",INR,V0040,AC007,marketing,Invoice 1719,pending
T001149,2024-09-27,"₹85,036.70",INR,V0044,AC006,consulting,Invoice 9379,reconciled
T001150,2024-10-23,"₹182,605.97",INR,V0013,AC012,consulting,Invoice 4957,pending
T001151,2024-11-12,"₹54,645.38",INR,V0031,AC010,marketing,Invoice 2229,disputed
T001152,2024-12-18,"₹446,030.95",INR,V0005,AC010,hardware,Invoice 2739,reconciled
T001153,2023-01-16,"₹234,168.47",INR,V9004,AC008,facilities,Invoice 9320,pending
T001154,2023-02-05,"₹39,625.74",INR,V0025,AC004,software,Invoice 3247,pending
T001155,2023-03-06,"₹359,355.96",INR,V0031,AC005,consulting,Invoice 5822,disputed
T001156,2023-04-11,"₹287,384.57",INR,V0011,AC003,facilities,Invoice 8324,disputed
T001157,2023-05-11,"₹310,528.09",INR,V0007,AC003,hardware,Invoice 7458,reconciled
T001158,2023-06-06,"₹375,211.99",INR,V0024,AC003,marketing,Invoice 6631,unreconciled
T001159,2023-07-17,"₹148,211.64",INR,V0031,AC004,consulting,Invoice 7685,reconciled
T001160,2023-08-08,"₹449,714.84",INR,V0044,AC009,facilities,Invoice 9883,pending
T001161,2023-09-06,"₹178,725.64",INR,V0044,AC007,marketing,Invoice 9802,pending
T001162,2023-10-12,"₹483,364.03",INR,V0022,AC010,consulting,Invoice 7280,reconciled
T001163,2023-11-27,"₹7,168.79",INR,V0033,AC002,consulting,Invoice 8358,unreconciled
T001164,2023-12-10,"₹381,983.87",INR,V0025,AC002,software,Invoice 6826,reconciled
T001165,2024-01-31,"₹361,070.44",INR,V9002,AC006,consulting,Invoice 4011,reconciled
T001166,2024-02-16,"₹317,483.41",INR,V0035,AC011,hardware,Invoice 5744,unreconciled
T001167,2024-03-24,"₹128,528.95",INR,V0014,AC007,hardware,Invoice 7697,unreconciled
T001168,2024-04-30,"₹217,837.70",INR,V0044,AC012,facilities,Invoice 3080,unreconciled
T001169,2024-05-21,"₹198,285.66",INR,V0017,AC003,hardware,Invoice 4270,pending
T001170,2024-06-18,"₹449,444.15",INR,V9001,AC003,marketing,Invoice 8759,unreconciled
T001171,2024-07-30,"₹324,584.40",INR,V0041,AC006,logistics,Invoice 8408,disputed
T001172,2024-08-25,"₹428,698.63",INR,V0024,AC002,software,Invoice 9677,pending
T001173,2024-09-26,"₹271,519.73",INR,V0006,AC005,marketing,Invoice 4770,disputed
T001174,2024-10-12,"₹212,879.92",INR,V0039,AC001,marketing,Invoice 4794,reconciled
T001175,2024-11-27,"₹124,952.94",INR,V0005,AC002,software,Invoice 7498,unreconciled
T001176,2024-12-13,"₹299,624.76",INR,V0021,AC007,facilities,Invoice 5328,pending
T001177,2023-01-07,"₹211,063.39",INR,V0008,AC008,logistics,Invoice 2048,reconciled
T001178,2023-02-02,"₹20,090.98",INR,V0002,AC007,marketing,Invoice 9642,reconciled
T001179,2023-03-04,"₹451,211.35",INR,V0015,AC006,marketing,Invoice 3116,pending
T001180,2023-04-07,"₹262,829.84",INR,V0009,AC011,logistics,Invoice 8047,disputed
T001181,2023-05-10,"₹268,143.50",INR,V0030,AC008,consulting,Invoice 5707,unreconciled
T001182,2023-06-18,"₹119,859.85",INR,V0030,AC011,logistics,Invoice 9609,reconciled
T001183,2023-07-09,"₹342,765.71",INR,V9001,AC001,consulting,Invoice 9046,unreconciled
T001184,2023-08-12,"₹321,832.02",INR,V0038,AC007,hardware,Invoice 1037,unreconciled
T001185,2023-09-24,"₹341,350.92",INR,V0013,AC012,software,Invoice 4585,disputed
T001186,2023-10-09,"₹407,988.68",INR,V9001,AC001,marketing,Invoice 7860,unreconciled
T001187,2023-11-07,"₹41,372.21",INR,V0015,AC005,hardware,Invoice 6078,reconciled
T001188,2023-12-21,"₹117,412.53",INR,V0044,AC001,consulting,Invoice 8420,reconciled
T001189,2024-01-15,"₹109,321.52",INR,V0028,AC007,logistics,Invoice 9810,disputed
T001190,2024-02-12,"₹238,094.05",INR,V0006,AC006,consulting,Invoice 5395,disputed
T001191,2024-03-20,"₹378,160.72",INR,V0045,AC004,facilities,Invoice 7885,pending
T001192,2024-04-24,"₹328,280.72",INR,V0036,AC012,facilities,Invoice 2942,disputed
T001193,2024-05-16,"₹238,405.81",INR,V0024,AC006,facilities,Invoice 3060,unreconciled
T001194,2024-06-20,"₹93,282.64",INR,V0013,AC011,logistics,Invoice 1636,pending
T001195,2024-07-01,"₹54,155.28",INR,V0026,AC003,consulting,Invoice 7138,pending
T001196,2024-08-10,"₹332,118.03",INR,V0034,AC012,marketing,Invoice 6666,disputed
T001197,2024-09-23,"₹313,091.57",INR,V0017,AC005,marketing,Invoice 5810,reconciled
T001198,2024-10-02,"₹225,604.84",INR,V9004,AC011,marketing,Invoice 9519,pending
T001199,2024-11-06,"₹397,934.49",INR,V0018,AC008,logistics,Invoice 2996,pending
T001200,2024-12-16,"₹74,621.04",INR,V9006,AC007,software,Invoice 4353,disputed
T001201,2023-01-22,"₹175,672.94",INR,V0016,AC007,facilities,Invoice 8283,pending
T001202,2023-02-13,"₹440,147.48",INR,V0021,AC007,logistics,Invoice 1451,disputed
T001203,2023-03-08,"₹167,533.43",INR,V0040,AC002,logistics,Invoice 6755,pending
T001204,2023-04-02,"₹335,551.24",INR,V0019,AC011,logistics,Invoice 8661,reconciled
T001205,2023-05-27,"₹185,806.96",INR,V0039,AC002,software,Invoice 1020,reconciled
T001206,2023-06-28,"₹479,031.57",INR,V0002,AC004,marketing,Invoice 3288,pending
T001207,2023-07-25,"₹487,803.50",INR,V0041,AC002,consulting,Invoice 6682,pending
T001208,2023-08-01,"₹263,116.71",INR,V0019,AC012,hardware,Invoice 6427,disputed
T001209,2023-09-12,"₹336,238.38",INR,V0037,AC003,software,Invoice 4352,disputed
T001210,2023-10-12,"₹454,891.72",INR,V0028,AC007,hardware,Invoice 3942,disputed
T001211,2023-11-05,"₹302,121.12",INR,V0038,AC003,consulting,Invoice 1125,pending
T001212,2023-12-01,"₹147,522.34",INR,V0027,AC009,marketing,Invoice 2826,disputed
T001213,2024-01-19,"₹402,765.67",INR,V0023,AC001,logistics,Invoice 1710,reconciled
T001214,2024-02-25,"₹307,949.71",INR,V0018,AC008,logistics,Invoice 6740,disputed
T001215,2024-03-03,"₹47,398.36",INR,V0019,AC003,consulting,Invoice 3426,reconciled
T001216,2024-04-30,"₹417,436.77",INR,V0044,AC003,facilities,Invoice 2066,unreconciled
T001217,2024-05-10,"₹445,442.29",INR,V9006,AC001,consulting,Invoice 6587,disputed
T001218,2024-06-07,"₹249,124.91",INR,V0032,AC005,marketing,Invoice 9684,unreconciled
T001219,2024-07-13,"₹253,741.35",INR,V0001,AC001,hardware,Invoice 8325,pending
T001220,2024-08-07,"₹481,916.96",INR,V0010,AC008,logistics,Invoice 6666,pending
T001221,2024-09-04,"₹106,590.17",INR,V0026,AC012,facilities,Invoice 4579,unreconciled
T001222,2024-10-19,"₹11,802.30",INR,V0025,AC004,marketing,Invoice 6775,pending
T001223,2024-11-05,"₹56,260.51",INR,V0010,AC003,facilities,Invoice 8504,unreconciled
T001224,2024-12-08,"₹361,046.49",INR,V0036,AC009,hardware,Invoice 3755,disputed
T001225,2023-01-12,"₹435,723.50",INR,V0018,AC008,facilities,Invoice 9508,pending
T001226,2023-02-14,"₹296,173.35",INR,V9001,AC001,consulting,Invoice 1067,unreconciled
T001227,2023-03-24,"₹79,896.51",INR,V0012,AC005,facilities,Invoice 8989,disputed
T001228,2023-04-13,"₹331,567.03",INR,V0023,AC006,software,Invoice 2801,pending
T001229,2023-05-24,"₹91,186.23",INR,V9003,AC008,facilities,Invoice 6856,unreconciled
T001230,2023-06-06,"₹180,678.72",INR,V0006,AC003,facilities,Invoice 4389,disputed
T001231,2023-07-25,"₹122,301.11",INR,V0039,AC009,software,Invoice 7318,disputed
T001232,2023-08-14,"₹154,317.48",INR,V9006,AC001,hardware,Invoice 4214,unreconciled
T001233,2023-09-05,"₹267,260.89",INR,V0011,AC003,hardware,Invoice 1244,pending
T001234,2023-10-06,"₹400,309.32",INR,V0040,AC005,marketing,Invoice 4151,disputed
T001235,2023-11-20,"₹31,044.78",INR,V0044,AC004,logistics,Invoice 9685,unreconciled
T001236,2023-12-21,"₹447,653.33",INR,V0040,AC006,marketing,Invoice 5424,disputed
T001237,2024-01-16,"₹398,035.93",INR,V0017,AC010,logistics,Invoice 5531,pending
T001238,2024-02-13,"₹118,427.25",INR,V0003,AC002,consulting,Invoice 1631,reconciled
T001239,2024-03-17,"₹383,920.66",INR,V9001,AC003,consulting,Invoice 9121,unreconciled
T001240,2024-04-06,"₹489,891.25",INR,V0036,AC011,software,Invoice 1354,unreconciled
T001241,2024-05-03,"₹353,534.93",INR,V0045,AC012,software,Invoice 5908,pending
T001242,2024-06-15,"₹136,386.85",INR,V0043,AC007,consulting,Invoice 9948,unreconciled
T001243,2024-07-30,"₹369,716.99",INR,V0004,AC003,marketing,Invoice 1429,pending
T001244,2024-08-08,"₹276,143.47",INR,V0026,AC011,software,Invoice 9886,reconciled
T001245,2024-09-17,"₹27,141.98",INR,V0019,AC005,hardware,Invoice 6264,unreconciled
T001246,2024-10-05,"₹22,878.91",INR,V0001,AC011,consulting,Invoice 8369,pending
T001247,2024-11-07,"₹126,534.81",INR,V0041,AC008,hardware,Invoice 8558,reconciled
T001248,2024-12-17,"₹111,164.01",INR,V0003,AC008,software,Invoice 5218,unreconciled
T001249,2023-01-14,"₹343,431.90",INR,V0012,AC009,hardware,Invoice 8209,disputed
T001250,2023-02-19,"₹307,091.49",INR,V0001,AC008,logistics,Invoice 5268,pending
T001251,2023-03-02,"₹439,388.33",INR,V0012,AC008,hardware,Invoice 6618,pending
T001252,2023-04-20,"₹460,439.18",INR,V0005,AC011,facilities,Invoice 5124,reconciled
T001253,2023-05-15,"₹398,212.62",INR,V0030,AC008,software,Invoice 2694,pending
T001254,2023-06-26,"₹491,853.76",INR,V0043,AC008,logistics,Invoice 7794,unreconciled
T001255,2023-07-21,"₹218,450.65",INR,V9003,AC007,consulting,Invoice 2733,disputed
T001256,2023-08-18,"₹161,361.84",INR,V0005,AC003,hardware,Invoice 1766,pending
T001257,2023-09-23,"₹72,111.82",INR,V9003,AC001,marketing,Invoice 8179,unreconciled
T001258,2023-10-14,"₹69,893.70",INR,V0016,AC001,consulting,Invoice 7345,unreconciled
T001259,2023-11-25,"₹339,422.14",INR,V0041,AC011,logistics,Invoice 6880,pending
T001260,2023-12-20,"₹461,404.52",INR,V0025,AC008,marketing,Invoice 3600,unreconciled
T001261,2024-01-23,"₹92,478.23",INR,V9005,AC003,facilities,Invoice 7305,disputed
T001262,2024-02-08,"₹133,706.95",INR,V0007,AC007,hardware,Invoice 1579,disputed
T001263,2024-03-07,"₹233,206.22",INR,V0026,AC009,facilities,Invoice 8179,pending
T001264,2024-04-30,"₹347,741.17",INR,V0031,AC007,marketing,Invoice 5429,unreconciled
T001265,2024-05-27,"₹69,398.87",INR,V0034,AC001,logistics,Invoice 7632,pending
T001266,2024-06-13,"₹25,477.69",INR,V0036,AC007,facilities,Invoice 1945,disputed
T001267,2024-07-20,"₹460,172.75",INR,V0032,AC007,marketing,Invoice 8725,unreconciled
T001268,2024-08-14,"₹46,505.56",INR,V0017,AC005,marketing,Invoice 5544,unreconciled
T001269,2024-09-18,"₹241,496.73",INR,V0041,AC002,consulting,Invoice 3643,pending
T001270,2024-10-15,"₹416,711.43",INR,V0001,AC002,software,Invoice 1313,disputed
T001271,2024-11-20,"₹267,198.90",INR,V0016,AC004,facilities,Invoice 3864,disputed
T001272,2024-12-19,"₹497,788.70",INR,V0020,AC006,consulting,Invoice 2731,pending
T001273,2023-01-07,"₹340,290.52",INR,V0009,AC006,software,Invoice 8238,reconciled
T001274,2023-02-05,"₹52,622.68",INR,V0028,AC009,facilities,Invoice 3332,reconciled
T001275,2023-03-14,"₹330,172.04",INR,V0003,AC001,software,Invoice 6152,reconciled
T001276,2023-04-01,"₹36,849.96",INR,V0041,AC005,marketing,Invoice 1918,disputed
T001277,2023-05-09,"₹16,011.48",INR,V0036,AC006,hardware,Invoice 4201,disputed
T001278,2023-06-06,"₹150,801.13",INR,V0018,AC006,facilities,Invoice 7592,reconciled
T001279,2023-07-28,"₹230,910.17",INR,V0026,AC008,software,Invoice 3057,pending
T001280,2023-08-13,"₹70,786.79",INR,V0016,AC005,marketing,Invoice 9163,reconciled
T001281,2023-09-06,"₹148,375.38",INR,V0016,AC007,software,Invoice 1707,reconciled
T001282,2023-10-27,"₹5,465.82",INR,V0032,AC006,logistics,Invoice 9917,disputed
T001283,2023-11-27,"₹211,457.51",INR,V0025,AC012,software,Invoice 6126,unreconciled
T001284,2023-12-03,"₹153,650.60",INR,V0003,AC012,software,Invoice 6773,disputed
T001285,2024-01-09,"₹160,171.72",INR,V0007,AC004,software,Invoice 1929,reconciled
T001286,2024-02-29,"₹457,066.80",INR,V0022,AC011,marketing,Invoice 6997,pending
T001287,2024-03-19,"₹21,502.93",INR,V0027,AC003,marketing,Invoice 1981,unreconciled
T001288,2024-04-19,"₹152,880.35",INR,V0028,AC001,marketing,Invoice 2943,disputed
T001289,2024-05-09,"₹417,409.04",INR,V0042,AC008,marketing,Invoice 4589,pending
T001290,2024-06-01,"₹275,600.54",INR,V0042,AC010,consulting,Invoice 1873,pending
T001291,2024-07-09,"₹427,944.17",INR,V0027,AC010,marketing,Invoice 5633,reconciled
T001292,2024-08-09,"₹195,859.67",INR,V0016,AC006,software,Invoice 2651,pending
T001293,2024-09-04,"₹489,830.49",INR,V0014,AC004,logistics,Invoice 2100,pending
T001294,2024-10-10,"₹107,791.59",INR,V0023,AC006,consulting,Invoice 8953,pending
T001295,2024-11-03,"₹318,284.67",INR,V9006,AC010,facilities,Invoice 9782,disputed
T001296,2024-12-30,"₹397,608.66",INR,V0022,AC007,consulting,Invoice 1384,unreconciled
T001297,2023-01-29,"₹382,121.28",INR,V0018,AC008,consulting,Invoice 8647,reconciled
T001298,2023-02-12,"₹233,189.35",INR,V9002,AC002,hardware,Invoice 3045,pending
T001299,2023-03-21,"₹112,405.14",INR,V0019,AC001,software,Invoice 6579,unreconciled
T001300,2023-04-10,"₹223,693.01",INR,V0026,AC007,logistics,Invoice 5774,pending
T001301,2023-05-12,"₹46,735.28",INR,V0030,AC005,hardware,Invoice 1810,pending
T001302,2023-06-16,"₹254,601.31",INR,V0015,AC009,facilities,Invoice 6854,unreconciled
T001303,2023-07-17,"₹225,906.03",INR,V9001,AC008,marketing,Invoice 7095,reconciled
T001304,2023-08-31,"₹233,873.82",INR,V0028,AC004,facilities,Invoice 3710,pending
T001305,2023-09-06,"₹32,555.96",INR,V0036,AC005,hardware,Invoice 2314,disputed
T001306,2023-10-04,"₹424,281.04",INR,V0016,AC007,facilities,Invoice 5945,pending
T001307,2023-11-03,"₹419,639.36",INR,V0004,AC010,software,Invoice 8783,pending
T001308,2023-12-21,"₹216,315.37",INR,V0021,AC001,consulting,Invoice 5676,disputed
T001309,2024-01-16,"₹308,412.47",INR,V0005,AC010,software,Invoice 5257,disputed
T001310,2024-02-20,"₹144,602.20",INR,V0039,AC004,facilities,Invoice 3877,disputed
T001311,2024-03-24,"₹114,985.17",INR,V9002,AC004,hardware,Invoice 4050,disputed
T001312,2024-04-25,"₹55,555.61",INR,V0012,AC001,facilities,Invoice 3972,unreconciled
T001313,2024-05-07,"₹474,193.66",INR,V0041,AC012,marketing,Invoice 7898,reconciled
T001314,2024-06-24,"₹397,466.40",INR,V0020,AC005,marketing,Invoice 8872,disputed
T001315,2024-07-11,"₹461,673.13",INR,V0022,AC008,hardware,Invoice 4862,pending
T001316,2024-08-17,"₹349,859.30",INR,V0039,AC003,consulting,Invoice 5862,unreconciled
T001317,2024-09-30,"₹216,368.94",INR,V0038,AC008,marketing,Invoice 7181,disputed
T001318,2024-10-18,"₹78,685.48",INR,V0024,AC005,marketing,Invoice 9087,disputed
T001319,2024-11-08,"₹267,663.04",INR,V9001,AC002,hardware,Invoice 3172,reconciled
T001320,2024-12-27,"₹12,414.80",INR,V0028,AC004,consulting,Invoice 5446,disputed
T001321,2023-01-07,"₹431,726.81",INR,V9001,AC002,logistics,Invoice 1933,disputed
T001322,2023-02-25,"₹373,174.24",INR,V0017,AC005,consulting,Invoice 9181,unreconciled
T001323,2023-03-02,"₹88,627.49",INR,V0031,AC010,consulting,Invoice 3590,unreconciled
T001324,2023-04-29,"₹475,715.69",INR,V0021,AC004,marketing,Invoice 9233,pending
T001325,2023-05-01,"₹365,303.99",INR,V0004,AC011,logistics,Invoice 2861,unreconciled
T001326,2023-06-27,"₹194,720.95",INR,V0012,AC003,facilities,Invoice 5658,unreconciled
T001327,2023-07-31,"₹231,330.29",INR,V0031,AC005,facilities,Invoice 1243,pending
T001328,2023-08-16,"₹302,213.32",INR,V0025,AC008,software,Invoice 5206,reconciled
T001329,2023-09-29,"₹403,759.88",INR,V9002,AC005,consulting,Invoice 1161,reconciled
T001330,2023-10-26,"₹160,797.88",INR,V9002,AC006,software,Invoice 4270,disputed
T001331,2023-11-13,"₹418,258.41",INR,V0024,AC007,software,Invoice 4048,unreconciled
T001332,2023-12-11,"₹175,540.43",INR,V0036,AC010,facilities,Invoice 4824,disputed
T001333,2024-01-01,"₹212,709.56",INR,V0038,AC010,consulting,Invoice 4622,reconciled
T001334,2024-02-11,"₹12,484.09",INR,V0038,AC008,software,Invoice 2141,unreconciled
T001335,2024-03-28,"₹473,319.23",INR,V0017,AC004,facilities,Invoice 7896,reconciled
T001336,2024-04-29,"₹54,577.51",INR,V0033,AC009,consulting,Invoice 1585,unreconciled
T001337,2024-05-23,"₹417,923.99",INR,V0019,AC003,marketing,Invoice 3430,unreconciled
T001338,2024-06-15,"₹56,115.36",INR,V9002,AC012,software,Invoice 1527,reconciled
T001339,2024-07-29,"₹494,911.27",INR,V0025,AC010,marketing,Invoice 3702,reconciled
T001340,2024-08-19,"₹97,998.13",INR,V0007,AC011,marketing,Invoice 5502,disputed
T001341,2024-09-21,"₹31,024.44",INR,V0026,AC004,logistics,Invoice 4599,reconciled
T001342,2024-10-07,"₹227,809.71",INR,V0034,AC004,consulting,Invoice 3537,pending
T001343,2024-11-21,"₹104,854.04",INR,V0004,AC008,software,Invoice 9858,reconciled
T001344,2024-12-15,"₹378,075.69",INR,V0009,AC004,software,Invoice 8816,disputed
T001345,2023-01-08,"₹288,331.83",INR,V0035,AC001,hardware,Invoice 4945,unreconciled
T001346,2023-02-04,"₹456,557.91",INR,V9001,AC004,hardware,Invoice 5357,disputed
T001347,2023-03-13,"₹203,380.43",INR,V0027,AC009,marketing,Invoice 5496,unreconciled
T001348,2023-04-01,"₹119,547.67",INR,V0037,AC010,software,Invoice 5727,reconciled
T001349,2023-05-16,"₹417,081.10",INR,V0019,AC009,marketing,Invoice 9824,unreconciled
T001350,2023-06-14,"₹306,234.77",INR,V0024,AC009,hardware,Invoice 1250,unreconciled
T001351,2023-07-26,"₹450,056.93",INR,V0028,AC011,hardware,Invoice 9087,unreconciled
T001352,2023-08-11,"₹150,716.75",INR,V0018,AC009,consulting,Invoice 3000,pending
T001353,2023-09-20,"₹238,140.54",INR,V0006,AC004,software,Invoice 1397,unreconciled
T001354,2023-10-14,"₹377,079.49",INR,V0013,AC003,software,Invoice 8746,unreconciled
T001355,2023-11-19,"₹185,311.89",INR,V9002,AC007,consulting,Invoice 2184,unreconciled
T001356,2023-12-17,"₹347,780.39",INR,V0003,AC001,hardware,Invoice 5720,unreconciled
T001357,2024-01-01,"₹481,398.88",INR,V9003,AC005,facilities,Invoice 5304,unreconciled
T001358,2024-02-24,"₹266,890.57",INR,V0038,AC012,facilities,Invoice 7747,reconciled
T001359,2024-03-09,"₹454,649.04",INR,V0017,AC011,hardware,Invoice 9708,disputed
T001360,2024-04-26,"₹227,409.62",INR,V0007,AC010,software,Invoice 7294,pending
T001361,2024-05-17,"₹109,324.40",INR,V0024,AC007,hardware,Invoice 1349,disputed
T001362,2024-06-30,"₹100,525.58",INR,V0045,AC005,hardware,Invoice 7233,unreconciled
T001363,2024-07-21,"₹221,461.66",INR,V0033,AC009,consulting,Invoice 3333,disputed
T001364,2024-08-14,"₹377,979.79",INR,V0037,AC006,hardware,Invoice 1135,reconciled
T001365,2024-09-05,"₹193,731.96",INR,V0013,AC002,hardware,Invoice 6451,reconciled
T001366,2024-10-01,"₹481,677.23",INR,V0005,AC004,marketing,Invoice 8450,reconciled
T001367,2024-11-10,"₹433,557.82",INR,V0018,AC012,facilities,Invoice 6781,reconciled
T001368,2024-12-03,"₹165,007.93",INR,V0016,AC004,facilities,Invoice 5930,unreconciled
T001369,2023-01-24,"₹31,487.25",INR,V0033,AC004,hardware,Invoice 5355,reconciled
T001370,2023-02-23,"₹314,938.08",INR,V0030,AC009,software,Invoice 3826,unreconciled
T001371,2023-03-11,"₹457,578.84",INR,V0016,AC012,consulting,Invoice 8113,reconciled
T001372,2023-04-19,"₹149,480.36",INR,V0038,AC004,marketing,Invoice 6588,reconciled
T001373,2023-05-09,"₹65,154.73",INR,V0026,AC002,facilities,Invoice 3556,reconciled
T001374,2023-06-11,"₹358,993.51",INR,V0006,AC005,marketing,Invoice 9032,unreconciled
T001375,2023-07-09,"₹99,620.39",INR,V0035,AC005,facilities,Invoice 7262,unreconciled
T001376,2023-08-26,"₹400,149.99",INR,V0002,AC006,consulting,Invoice 4606,disputed
T001377,2023-09-05,"₹199,557.62",INR,V0016,AC009,hardware,Invoice 6784,disputed
T001378,2023-10-06,"₹403,871.94",INR,V9006,AC003,software,Invoice 8499,disputed
T001379,2023-11-08,"₹169,005.34",INR,V0028,AC012,facilities,Invoice 4748,reconciled
T001380,2023-12-11,"₹457,866.37",INR,V0036,AC007,facilities,Invoice 7128,unreconciled
T001381,2024-01-08,"₹163,377.44",INR,V0035,AC001,marketing,Invoice 4655,pending
T001382,2024-02-28,"₹372,678.00",INR,V0004,AC011,hardware,Invoice 1325,reconciled
T001383,2024-03-25,"₹247,467.06",INR,V0010,AC005,marketing,Invoice 4567,unreconciled
T001384,2024-04-25,"₹324,697.69",INR,V9006,AC003,hardware,Invoice 2269,disputed
T001385,2024-05-04,"₹120,410.60",INR,V0030,AC009,consulting,Invoice 8185,disputed
T001386,2024-06-05,"₹192,672.11",INR,V0022,AC007,consulting,Invoice 8757,disputed
T001387,2024-07-16,"₹37,469.95",INR,V0007,AC007,marketing,Invoice 3269,unreconciled
T001388,2024-08-15,"₹232,178.78",INR,V0042,AC011,software,Invoice 5568,disputed
T001389,2024-09-10,"₹460,305.35",INR,V0031,AC001,hardware,Invoice 1303,pending
T001390,2024-10-13,"₹349,193.76",INR,V0014,AC004,logistics,Invoice 9731,disputed
T001391,2024-11-13,"₹47,161.87",INR,V0035,AC009,logistics,Invoice 2067,disputed
T001392,2024-12-29,"₹192,011.20",INR,V0002,AC009,logistics,Invoice 8164,reconciled
T001393,2023-01-09,"₹155,836.95",INR,V0022,AC003,software,Invoice 6768,pending
T001394,2023-02-03,"₹49,523.34",INR,V0014,AC008,facilities,Invoice 9768,unreconciled
T001395,2023-03-02,"₹354,262.35",INR,V0030,AC001,consulting,Invoice 2456,pending
T001396,2023-04-28,"₹53,778.78",INR,V9006,AC003,logistics,Invoice 7954,disputed
T001397,2023-05-10,"₹236,105.13",INR,V0029,AC008,logistics,Invoice 6103,pending
T001398,2023-06-30,"₹149,771.07",INR,V0015,AC006,facilities,Invoice 4188,disputed
T001399,2023-07-12,"₹239,850.18",INR,V0011,AC003,hardware,Invoice 1858,reconciled
T001400,2023-08-16,"₹438,075.07",INR,V0016,AC002,facilities,Invoice 9619,reconciled
T001401,2023-09-26,"₹10,248.64",INR,V0038,AC010,logistics,Invoice 6949,unreconciled
T001402,2023-10-16,"₹170,663.65",INR,V9002,AC006,marketing,Invoice 8751,reconciled
T001403,2023-11-15,"₹167,821.31",INR,V0040,AC004,marketing,Invoice 7614,pending
T001404,2023-12-30,"₹45,233.12",INR,V0006,AC001,marketing,Invoice 8329,unreconciled
T001405,2024-01-04,"₹287,176.39",INR,V0027,AC004,logistics,Invoice 6562,reconciled
T001406,2024-02-15,"₹235,332.93",INR,V0035,AC010,logistics,Invoice 4381,unreconciled
T001407,2024-03-05,"₹269,519.08",INR,V9003,AC011,consulting,Invoice 3124,unreconciled
T001408,2024-04-09,"₹419,122.12",INR,V0011,AC007,facilities,Invoice 3478,unreconciled
T001409,2024-05-22,"₹499,854.24",INR,V0012,AC002,software,Invoice 5667,disputed
T001410,2024-06-23,"₹303,111.44",INR,V0004,AC011,software,Invoice 7314,unreconciled
T001411,2024-07-17,"₹424,363.99",INR,V0038,AC001,hardware,Invoice 1243,disputed
T001412,2024-08-23,"₹470,797.89",INR,V9002,AC011,consulting,Invoice 2113,reconciled
T001413,2024-09-13,"₹61,707.10",INR,V0033,AC007,consulting,Invoice 2839,unreconciled
T001414,2024-10-06,"₹395,592.43",INR,V0016,AC011,facilities,Invoice 9074,disputed
T001415,2024-11-16,"₹468,003.35",INR,V0043,AC012,hardware,Invoice 6190,pending
T001416,2024-12-19,"₹276,191.37",INR,V0043,AC003,logistics,Invoice 1611,unreconciled
T001417,2023-01-18,"₹399,745.99",INR,V0045,AC010,facilities,Invoice 9712,disputed
T001418,2023-02-01,"₹227,180.39",INR,V0018,AC012,consulting,Invoice 9639,pending
T001419,2023-03-14,"₹98,452.38",INR,V0017,AC002,logistics,Invoice 4450,disputed
T001420,2023-04-28,"₹317,818.23",INR,V0042,AC008,logistics,Invoice 5863,unreconciled
T001421,2023-05-23,"₹288,901.04",INR,V9002,AC011,logistics,Invoice 1993,disputed
T001422,2023-06-29,"₹46,174.59",INR,V0036,AC012,software,Invoice 3677,unreconciled
T001423,2023-07-22,"₹140,923.13",INR,V0020,AC008,hardware,Invoice 4787,reconciled
T001424,2023-08-09,"₹301,196.28",INR,V0003,AC008,software,Invoice 2584,unreconciled
T001425,2023-09-14,"₹365,574.00",INR,V0038,AC010,software,Invoice 9865,unreconciled
T001426,2023-10-31,"₹469,317.62",INR,V0001,AC002,marketing,Invoice 9103,pending
T001427,2023-11-02,"₹126,378.28",INR,V0005,AC006,marketing,Invoice 9078,reconciled
T001428,2023-12-29,"₹282,418.87",INR,V0013,AC010,software,Invoice 7160,disputed
T001429,2024-01-12,"₹285,963.87",INR,V0034,AC009,facilities,Invoice 7215,disputed
T001430,2024-02-15,"₹18,153.32",INR,V0016,AC012,logistics,Invoice 6643,unreconciled
T001431,2024-03-11,"₹464,933.30",INR,V0022,AC009,hardware,Invoice 5053,disputed
T001432,2024-04-18,"₹102,065.66",INR,V0014,AC004,logistics,Invoice 2900,unreconciled
T001433,2024-05-10,"₹382,905.80",INR,V0028,AC012,software,Invoice 8741,unreconciled
T001434,2024-06-05,"₹85,649.42",INR,V0032,AC001,logistics,Invoice 3115,pending
T001435,2024-07-21,"₹480,321.51",INR,V0039,AC002,consulting,Invoice 9347,disputed
T001436,2024-08-22,"₹416,744.15",INR,V0045,AC001,marketing,Invoice 3021,unreconciled
T001437,2024-09-03,"₹164,955.34",INR,V0020,AC007,software,Invoice 5157,reconciled
T001438,2024-10-31,"₹449,949.69",INR,V0023,AC010,software,Invoice 1026,disputed
T001439,2024-11-15,"₹213,118.41",INR,V0007,AC008,hardware,Invoice 5335,disputed
T001440,2024-12-06,"₹3,812.91",INR,V0019,AC001,marketing,Invoice 9825,unreconciled
T001441,2023-01-05,"₹221,622.84",INR,V0019,AC005,facilities,Invoice 2059,pending
T001442,2023-02-02,"₹152,213.53",INR,V0009,AC006,software,Invoice 1872,disputed
T001443,2023-03-13,"₹91,862.48",INR,V0037,AC009,consulting,Invoice 5337,disputed
T001444,2023-04-06,"₹249,400.02",INR,V0019,AC009,consulting,Invoice 5048,pending
T001445,2023-05-31,"₹180,663.55",INR,V0010,AC004,logistics,Invoice 4919,reconciled
T001446,2023-06-23,"₹233,384.17",INR,V0007,AC009,hardware,Invoice 8271,disputed
T001447,2023-07-10,"₹285,900.65",INR,V0023,AC005,software,Invoice 7138,reconciled
T001448,2023-08-08,"₹309,918.10",INR,V0018,AC009,facilities,Invoice 6906,reconciled
T001449,2023-09-27,"₹488,097.59",INR,V0001,AC008,software,Invoice 5786,disputed
T001450,2023-10-27,"₹140,061.59",INR,V9005,AC006,facilities,Invoice 1757,unreconciled
T001451,2023-11-19,"₹337,388.71",INR,V0024,AC012,marketing,Invoice 7386,unreconciled
T001452,2023-12-06,"₹463,108.00",INR,V9001,AC012,hardware,Invoice 6774,reconciled
T001453,2024-01-27,"₹479,396.93",INR,V0038,AC004,marketing,Invoice 6393,pending
T001454,2024-02-08,"₹499,412.84",INR,V0022,AC012,logistics,Invoice 7908,disputed
T001455,2024-03-11,"₹279,113.65",INR,V0031,AC002,facilities,Invoice 2837,unreconciled
T001456,2024-04-13,"₹187,589.73",INR,V0024,AC010,software,Invoice 3981,reconciled
T001457,2024-05-21,"₹489,090.40",INR,V0034,AC009,consulting,Invoice 4356,pending
T001458,2024-06-13,"₹245,531.71",INR,V0014,AC009,logistics,Invoice 9502,reconciled
T001459,2024-07-06,"₹497,608.78",INR,V0007,AC002,consulting,Invoice 4414,disputed
T001460,2024-08-10,"₹112,173.22",INR,V0038,AC002,marketing,Invoice 4411,disputed
T001461,2024-09-09,"₹272,240.83",INR,V0045,AC005,consulting,Invoice 6033,disputed
T001462,2024-10-17,"₹203,937.99",INR,V0011,AC008,consulting,Invoice 7495,pending
T001463,2024-11-30,"₹117,886.13",INR,V0044,AC012,logistics,Invoice 4084,pending
T001464,2024-12-31,"₹158,685.12",INR,V0022,AC004,marketing,Invoice 4584,reconciled
T001465,2023-01-10,"₹166,327.45",INR,V0018,AC010,logistics,Invoice 8544,reconciled
T001466,2023-02-23,"₹283,685.78",INR,V9001,AC012,logistics,Invoice 7207,unreconciled
T001467,2023-03-10,"₹453,502.74",INR,V9004,AC010,software,Invoice 4608,reconciled
T001468,2023-04-14,"₹373,274.91",INR,V9005,AC006,marketing,Invoice 6843,reconciled
T001469,2023-05-31,"₹291,964.32",INR,V0038,AC001,logistics,Invoice 9104,unreconciled
T001470,2023-06-12,"₹383,678.51",INR,V0021,AC012,software,Invoice 3413,reconciled
T001471,2023-07-27,"₹246,575.60",INR,V9005,AC001,logistics,Invoice 2408,pending
T001472,2023-08-17,"₹94,016.12",INR,V0040,AC009,consulting,Invoice 8303,disputed
T001473,2023-09-13,"₹253,603.00",INR,V0007,AC007,facilities,Invoice 3406,pending
T001474,2023-10-05,"₹217,373.89",INR,V0020,AC006,facilities,Invoice 9031,disputed
T001475,2023-11-16,"₹340,338.06",INR,V0023,AC001,consulting,Invoice 4105,disputed
T001476,2023-12-18,"₹85,034.01",INR,V0042,AC005,logistics,Invoice 1453,reconciled
T001477,2024-01-06,"₹70,621.38",INR,V9002,AC002,software,Invoice 3782,unreconciled
T001478,2024-02-12,"₹108,651.00",INR,V9004,AC003,hardware,Invoice 8359,reconciled
T001479,2024-03-13,"₹324,638.89",INR,V0013,AC002,logistics,Invoice 1462,unreconciled
T001480,2024-04-20,"₹402,457.17",INR,V0007,AC006,software,Invoice 2319,disputed
T001481,2024-05-22,"₹474,140.40",INR,V0026,AC003,hardware,Invoice 2066,reconciled
T001482,2024-06-30,"₹48,185.96",INR,V0020,AC008,hardware,Invoice 6512,reconciled
T001483,2024-07-07,"₹51,125.32",INR,V9004,AC002,marketing,Invoice 5742,unreconciled
T001484,2024-08-03,"₹292,643.93",INR,V0027,AC005,marketing,Invoice 2461,pending
T001485,2024-09-19,"₹25,504.83",INR,V0022,AC001,hardware,Invoice 6687,disputed
T001486,2024-10-26,"₹496,871.53",INR,V0030,AC012,marketing,Invoice 1070,unreconciled
T001487,2024-11-14,"₹26,013.41",INR,V0008,AC004,marketing,Invoice 6605,reconciled
T001488,2024-12-22,"₹479,007.20",INR,V0024,AC002,consulting,Invoice 1089,disputed
T001489,2023-01-08,"₹67,307.69",INR,V0021,AC003,consulting,Invoice 6416,unreconciled
T001490,2023-02-16,"₹318,486.01",INR,V0045,AC005,hardware,Invoice 1276,reconciled
T001491,2023-03-23,"₹85,366.58",INR,V0029,AC002,software,Invoice 7521,unreconciled
T001492,2023-04-02,"₹161,035.15",INR,V0018,AC010,logistics,Invoice 3491,reconciled
T001493,2023-05-09,"₹489,273.67",INR,V0023,AC002,consulting,Invoice 4245,unreconciled
T001494,2023-06-12,"₹47,921.91",INR,V0020,AC004,consulting,Invoice 3882,disputed
T001495,2023-07-31,"₹68,025.16",INR,V0013,AC005,facilities,Invoice 2702,pending
T001496,2023-08-19,"₹290,235.84",INR,V0045,AC001,software,Invoice 8135,reconciled
T001497,2023-09-28,"₹41,477.09",INR,V0014,AC007,logistics,Invoice 1426,unreconciled
T001498,2023-10-21,"₹448,403.49",INR,V0017,AC009,software,Invoice 2439,disputed
T001499,2023-11-28,"₹486,176.20",INR,V0037,AC003,marketing,Invoice 3044,reconciled
T001500,2023-12-15,"₹344,955.59",INR,V0010,AC010,consulting,Invoice 9298,pending
T001501,2024-01-20,"₹87,556.74",INR,V0012,AC003,software,Invoice 6022,reconciled
T001502,2024-02-23,"₹462,280.62",INR,V0021,AC011,hardware,Invoice 4859,reconciled
T001503,2024-03-07,"₹275,665.70",INR,V0043,AC004,marketing,Invoice 4977,pending
T001504,2024-04-11,"₹385,306.25",INR,V0027,AC010,consulting,Invoice 8274,disputed
T001505,2024-05-23,"₹362,498.02",INR,V0005,AC006,software,Invoice 1112,reconciled
T001506,2024-06-09,"₹425,829.52",INR,V0041,AC001,logistics,Invoice 2840,unreconciled
T001507,2024-07-29,"₹4,407.67",INR,V0043,AC004,logistics,Invoice 3198,disputed
T001508,2024-08-26,"₹80,385.63",INR,V0029,AC005,marketing,Invoice 5760,unreconciled
T001509,2024-09-23,"₹112,735.89",INR,V0012,AC011,marketing,Invoice 3406,unreconciled
T001510,2024-10-17,"₹393,687.01",INR,V0035,AC009,hardware,Invoice 1132,reconciled
T001511,2024-11-23,"₹394,047.58",INR,V9006,AC009,facilities,Invoice 2133,unreconciled
T001512,2024-12-13,"₹267,208.76",INR,V0042,AC010,consulting,Invoice 1955,disputed
T001513,2023-01-27,"₹438,781.05",INR,V0023,AC004,consulting,Invoice 5895,unreconciled
T001514,2023-02-04,"₹164,385.97",INR,V9003,AC012,software,Invoice 4091,reconciled
T001515,2023-03-04,"₹220,735.14",INR,V0041,AC003,consulting,Invoice 1965,reconciled
T001516,2023-04-10,"₹193,182.20",INR,V9002,AC005,software,Invoice 6400,disputed
T001517,2023-05-21,"₹301,214.71",INR,V0023,AC006,facilities,Invoice 2483,pending
T001518,2023-06-18,"₹206,380.61",INR,V0029,AC009,logistics,Invoice 5982,unreconciled
T001519,2023-07-30,"₹487,931.96",INR,V9004,AC011,marketing,Invoice 4346,reconciled
T001520,2023-08-27,"₹83,429.78",INR,V0008,AC006,marketing,Invoice 8613,reconciled
T001521,2023-09-04,"₹14,823.01",INR,V0001,AC002,software,Invoice 8698,disputed
T001522,2023-10-15,"₹443,526.69",INR,V0019,AC008,software,Invoice 7297,unreconciled
T001523,2023-11-01,"₹93,034.27",INR,V0028,AC006,software,Invoice 7019,pending
T001524,2023-12-20,"₹34,943.81",INR,V0039,AC004,facilities,Invoice 3897,unreconciled
T001525,2024-01-13,"₹389,777.90",INR,V0038,AC001,logistics,Invoice 4059,unreconciled
T001526,2024-02-09,"₹437,739.03",INR,V0031,AC007,hardware,Invoice 1154,unreconciled
T001527,2024-03-18,"₹53,594.37",INR,V0031,AC001,hardware,Invoice 7071,unreconciled
T001528,2024-04-08,"₹422,185.49",INR,V0012,AC004,hardware,Invoice 7798,pending
T001529,2024-05-05,"₹155,567.92",INR,V0025,AC007,hardware,Invoice 3588,reconciled
T001530,2024-06-24,"₹141,789.17",INR,V0001,AC007,logistics,Invoice 6220,disputed
T001531,2024-07-21,"₹485,752.77",INR,V0009,AC003,logistics,Invoice 1426,disputed
T001532,2024-08-14,"₹70,667.46",INR,V0045,AC008,marketing,Invoice 1230,disputed
T001533,2024-09-30,"₹3,849.59",INR,V0034,AC009,logistics,Invoice 8546,reconciled
T001534,2024-10-01,"₹474,010.86",INR,V9001,AC010,facilities,Invoice 9099,unreconciled
T001535,2024-11-16,"₹348,118.03",INR,V0013,AC002,logistics,Invoice 5716,unreconciled
T001536,2024-12-25,"₹327,393.79",INR,V0027,AC005,hardware,Invoice 5931,unreconciled
T001537,2023-01-15,"₹367,007.68",INR,V0008,AC006,logistics,Invoice 1050,pending
T001538,2023-02-23,"₹344,722.33",INR,V0004,AC009,software,Invoice 9344,unreconciled
T001539,2023-03-27,"₹64,086.53",INR,V0020,AC002,marketing,Invoice 4762,disputed
T001540,2023-04-16,"₹485,847.22",INR,V0007,AC005,facilities,Invoice 6230,disputed
T001541,2023-05-21,"₹392,528.22",INR,V0027,AC001,software,Invoice 4953,pending
T001542,2023-06-26,"₹385,599.11",INR,V0028,AC010,consulting,Invoice 7867,reconciled
T001543,2023-07-01,"₹495,547.77",INR,V0009,AC007,consulting,Invoice 6743,pending
T001544,2023-08-19,"₹359,938.64",INR,V0014,AC007,marketing,Invoice 2228,disputed
T001545,2023-09-11,"₹2,788.54",INR,V0043,AC007,marketing,Invoice 1150,unreconciled
T001546,2023-10-18,"₹161,864.25",INR,V0036,AC010,marketing,Invoice 8704,unreconciled
T001547,2023-11-19,"₹359,643.14",INR,V0008,AC009,facilities,Invoice 6548,unreconciled
T001548,2023-12-22,"₹408,455.77",INR,V0017,AC005,software,Invoice 2764,unreconciled
T001549,2024-01-20,"₹310,643.11",INR,V0035,AC002,marketing,Invoice 8001,disputed
T001550,2024-02-29,"₹270,511.68",INR,V9001,AC008,facilities,Invoice 3862,disputed
T001551,2024-03-27,"₹488,044.03",INR,V0012,AC007,marketing,Invoice 3839,disputed
T001552,2024-04-29,"₹30,926.19",INR,V0043,AC011,logistics,Invoice 2980,disputed
T001553,2024-05-18,"₹409,200.97",INR,V0010,AC003,software,Invoice 6186,disputed
T001554,2024-06-19,"₹27,882.16",INR,V0024,AC005,consulting,Invoice 6769,unreconciled
T001555,2024-07-28,"₹218,887.97",INR,V9006,AC010,logistics,Invoice 5965,disputed
T001556,2024-08-07,"₹133,352.56",INR,V0013,AC012,logistics,Invoice 9611,disputed
T001557,2024-09-07,"₹170,890.72",INR,V0034,AC008,software,Invoice 9334,disputed
T001558,2024-10-06,"₹92,642.56",INR,V0033,AC010,logistics,Invoice 1921,unreconciled
T001559,2024-11-03,"₹365,772.86",INR,V0041,AC006,hardware,Invoice 1395,reconciled
T001560,2024-12-19,"₹309,746.16",INR,V0023,AC008,facilities,Invoice 6742,pending
T001561,2023-01-30,"₹310,810.01",INR,V9002,AC004,facilities,Invoice 5701,reconciled
T001562,2023-02-09,"₹499,625.78",INR,V0006,AC004,facilities,Invoice 2067,unreconciled
T001563,2023-03-01,"₹325,813.08",INR,V0020,AC001,facilities,Invoice 2282,reconciled
T001564,2023-04-17,"₹43,679.81",INR,V0024,AC003,consulting,Invoice 2890,unreconciled
T001565,2023-05-17,"₹291,495.09",INR,V0007,AC001,consulting,Invoice 8283,disputed
T001566,2023-06-27,"₹38,549.04",INR,V0004,AC006,software,Invoice 4803,unreconciled
T001567,2023-07-15,"₹407,531.74",INR,V0003,AC008,marketing,Invoice 1975,unreconciled
T001568,2023-08-05,"₹383,633.28",INR,V0023,AC006,software,Invoice 3010,unreconciled
T001569,2023-09-20,"₹239,420.12",INR,V0004,AC002,marketing,Invoice 5057,reconciled
T001570,2023-10-10,"₹486,917.98",INR,V0010,AC007,consulting,Invoice 7357,disputed
T001571,2023-11-24,"₹201,430.78",INR,V0030,AC008,facilities,Invoice 8302,unreconciled
T001572,2023-12-31,"₹392,925.39",INR,V9006,AC008,consulting,Invoice 5844,disputed
T001573,2024-01-24,"₹324,078.15",INR,V0010,AC006,software,Invoice 7948,reconciled
T001574,2024-02-22,"₹299,814.60",INR,V0021,AC008,consulting,Invoice 2734,unreconciled
T001575,2024-03-11,"₹295,803.57",INR,V0032,AC001,marketing,Invoice 1678,unreconciled
T001576,2024-04-16,"₹389,225.69",INR,V9003,AC010,software,Invoice 3447,reconciled
T001577,2024-05-17,"₹290,530.28",INR,V9006,AC003,facilities,Invoice 3706,unreconciled
T001578,2024-06-20,"₹346,790.35",INR,V0013,AC009,marketing,Invoice 4657,disputed
T001579,2024-07-18,"₹68,003.13",INR,V0003,AC008,marketing,Invoice 3073,reconciled
T001580,2024-08-02,"₹352,092.79",INR,V0007,AC011,logistics,Invoice 8229,pending
T001581,2024-09-15,"₹203,303.74",INR,V0020,AC009,software,Invoice 5136,reconciled
T001582,2024-10-16,"₹264,755.54",INR,V0037,AC001,marketing,Invoice 4392,disputed
T001583,2024-11-04,"₹433,896.85",INR,V0027,AC008,facilities,Invoice 5473,unreconciled
T001584,2024-12-16,"₹238,629.93",INR,V0034,AC005,marketing,Invoice 7794,pending
T001585,2023-01-09,"₹428,367.08",INR,V9002,AC012,facilities,Invoice 6052,disputed
T001586,2023-02-15,"₹27,213.75",INR,V0036,AC006,logistics,Invoice 2093,disputed
T001587,2023-03-11,"₹9,864.56",INR,V0044,AC004,hardware,Invoice 8349,reconciled
T001588,2023-04-06,"₹413,298.18",INR,V0022,AC006,consulting,Invoice 4272,unreconciled
T001589,2023-05-28,"₹305,703.89",INR,V0009,AC009,marketing,Invoice 1981,pending
T001590,2023-06-24,"₹200,834.89",INR,V0018,AC006,consulting,Invoice 4844,pending
T001591,2023-07-19,"₹56,924.73",INR,V0020,AC008,hardware,Invoice 8987,disputed
T001592,2023-08-20,"₹43,307.22",INR,V0026,AC011,marketing,Invoice 5388,unreconciled
T001593,2023-09-17,"₹52,851.24",INR,V0028,AC002,software,Invoice 3025,unreconciled
T001594,2023-10-02,"₹79,484.24",INR,V0018,AC004,facilities,Invoice 9801,unreconciled
T001595,2023-11-23,"₹144,921.06",INR,V0017,AC002,facilities,Invoice 2537,reconciled
T001596,2023-12-20,"₹459,906.81",INR,V0031,AC008,hardware,Invoice 4658,unreconciled
T001597,2024-01-02,"₹113,173.38",INR,V0037,AC010,marketing,Invoice 1335,disputed
T001598,2024-02-21,"₹397,526.70",INR,V0008,AC006,logistics,Invoice 4645,unreconciled
T001599,2024-03-12,"₹265,279.19",INR,V0041,AC001,facilities,Invoice 2440,unreconciled
T001600,2024-04-21,"₹333,511.38",INR,V0044,AC011,marketing,Invoice 1159,reconciled
T001601,2024-05-12,"₹221,732.78",INR,V0040,AC010,logistics,Invoice 4038,disputed
T001602,2024-06-10,"₹293,178.14",INR,V0016,AC007,marketing,Invoice 2577,pending
T001603,2024-07-25,"₹282,265.67",INR,V0009,AC007,hardware,Invoice 6122,reconciled
T001604,2024-08-18,"₹179,069.90",INR,V0014,AC012,logistics,Invoice 6280,reconciled
T001605,2024-09-11,"₹411,207.34",INR,V0028,AC011,software,Invoice 9133,reconciled
T001606,2024-10-06,"₹130,515.97",INR,V9004,AC008,software,Invoice 7622,unreconciled
T001607,2024-11-20,"₹117,323.73",INR,V0034,AC011,hardware,Invoice 4316,unreconciled
T001608,2024-12-24,"₹418,256.33",INR,V0032,AC006,facilities,Invoice 7424,unreconciled
T001609,2023-01-05,"₹402,924.73",INR,V0020,AC003,marketing,Invoice 7223,pending
T001610,2023-02-28,"₹434,419.51",INR,V9005,AC007,facilities,Invoice 8478,disputed
T001611,2023-03-08,"₹84,264.77",INR,V0040,AC003,marketing,Invoice 5125,unreconciled
T001612,2023-04-30,"₹109,880.10",INR,V0029,AC005,marketing,Invoice 9706,unreconciled
T001613,2023-05-10,"₹28,284.11",INR,V0013,AC004,logistics,Invoice 5449,unreconciled
T001614,2023-06-21,"₹30,309.37",INR,V0020,AC001,marketing,Invoice 5892,disputed
T001615,2023-07-19,"₹422,548.45",INR,V0041,AC002,facilities,Invoice 6487,disputed
T001616,2023-08-29,"₹118,402.68",INR,V0007,AC010,logistics,Invoice 3433,pending
T001617,2023-09-21,"₹207,597.29",INR,V0023,AC006,software,Invoice 1311,pending
T001618,2023-10-11,"₹126,797.48",INR,V0002,AC002,software,Invoice 6165,unreconciled
T001619,2023-11-05,"₹11,040.64",INR,V0013,AC001,logistics,Invoice 3120,reconciled
T001620,2023-12-19,"₹282,915.74",INR,V0025,AC004,software,Invoice 7823,reconciled
T001621,2024-01-24,"₹346,656.53",INR,V0028,AC003,logistics,Invoice 9266,pending
T001622,2024-02-29,"₹321,513.79",INR,V0035,AC010,hardware,Invoice 9357,reconciled
T001623,2024-03-31,"₹177,491.00",INR,V0029,AC001,facilities,Invoice 1360,disputed
T001624,2024-04-13,"₹336,551.86",INR,V0021,AC003,hardware,Invoice 2736,unreconciled
T001625,2024-05-23,"₹57,108.93",INR,V0024,AC007,facilities,Invoice 6181,unreconciled
T001626,2024-06-14,"₹374,115.33",INR,V0036,AC011,consulting,Invoice 7923,pending
T001627,2024-07-12,"₹249,245.14",INR,V0033,AC003,logistics,Invoice 4101,unreconciled
T001628,2024-08-01,"₹201,196.01",INR,V0011,AC011,facilities,Invoice 6716,pending
T001629,2024-09-05,"₹276,951.41",INR,V0043,AC007,logistics,Invoice 8018,reconciled
T001630,2024-10-22,"₹74,971.36",INR,V0032,AC008,facilities,Invoice 9362,pending
T001631,2024-11-11,"₹7,543.92",INR,V0030,AC010,marketing,Invoice 3304,reconciled
T001632,2024-12-24,"₹63,511.63",INR,V0045,AC005,facilities,Invoice 3643,reconciled
T001633,2023-01-14,"₹235,064.47",INR,V0035,AC009,marketing,Invoice 9072,reconciled
T001634,2023-02-09,"₹376,754.85",INR,V0017,AC008,marketing,Invoice 4689,disputed
T001635,2023-03-02,"₹268,085.20",INR,V0041,AC010,logistics,Invoice 6389,unreconciled
T001636,2023-04-13,"₹285,458.48",INR,V9001,AC009,marketing,Invoice 9449,unreconciled
T001637,2023-05-19,"₹429,174.53",INR,V0032,AC009,consulting,Invoice 5067,pending
T001638,2023-06-25,"₹141,330.83",INR,V0030,AC011,consulting,Invoice 7527,reconciled
T001639,2023-07-07,"₹50,875.05",INR,V0044,AC001,hardware,Invoice 4881,unreconciled
T001640,2023-08-22,"₹151,235.17",INR,V0017,AC010,marketing,Invoice 6109,unreconciled
T001641,2023-09-14,"₹158,042.90",INR,V0027,AC004,consulting,Invoice 5697,disputed
T001642,2023-10-20,"₹1,666.55",INR,V0025,AC009,hardware,Invoice 8335,unreconciled
T001643,2023-11-19,"₹193,934.79",INR,V9005,AC001,software,Invoice 4093,disputed
T001644,2023-12-03,"₹372,330.04",INR,V0009,AC004,facilities,Invoice 5613,unreconciled
T001645,2024-01-08,"₹254,602.48",INR,V0011,AC007,marketing,Invoice 2782,disputed
T001646,2024-02-21,"₹497,686.37",INR,V0008,AC003,marketing,Invoice 4548,reconciled
T001647,2024-03-17,"₹343,720.96",INR,V0013,AC005,logistics,Invoice 8531,reconciled
T001648,2024-04-17,"₹45,518.37",INR,V9004,AC010,consulting,Invoice 8692,reconciled
T001649,2024-05-12,"₹188,069.05",INR,V0001,AC001,hardware,Invoice 1636,pending
T001650,2024-06-26,"₹206,085.14",INR,V0040,AC001,marketing,Invoice 1430,disputed
T001651,2024-07-07,"₹141,686.14",INR,V0004,AC006,hardware,Invoice 3639,unreconciled
T001652,2024-08-20,"₹212,643.04",INR,V0030,AC012,consulting,Invoice 2989,disputed
T001653,2024-09-13,"₹303,484.60",INR,V0016,AC010,logistics,Invoice 1759,unreconciled
T001654,2024-10-09,"₹268,318.82",INR,V0038,AC009,hardware,Invoice 2430,unreconciled
T001655,2024-11-27,"₹409,204.24",INR,V0018,AC009,marketing,Invoice 7428,pending
T001656,2024-12-06,"₹62,903.01",INR,V0041,AC011,logistics,Invoice 1812,pending
T001657,2023-01-03,"₹217,815.31",INR,V9003,AC007,marketing,Invoice 4409,pending
T001658,2023-02-15,"₹333,772.79",INR,V9001,AC001,marketing,Invoice 4201,disputed
T001659,2023-03-30,"₹403,507.45",INR,V0030,AC008,marketing,Invoice 7190,unreconciled
T001660,2023-04-30,"₹102,820.21",INR,V0008,AC008,software,Invoice 9269,unreconciled
T001661,2023-05-20,"₹479,558.92",INR,V0027,AC005,facilities,Invoice 9139,pending
T001662,2023-06-03,"₹368,661.42",INR,V0018,AC001,marketing,Invoice 2639,unreconciled
T001663,2023-07-24,"₹75,604.38",INR,V9006,AC006,consulting,Invoice 3343,disputed
T001664,2023-08-15,"₹463,005.63",INR,V9003,AC001,facilities,Invoice 5978,pending
T001665,2023-09-04,"₹38,617.20",INR,V0012,AC002,logistics,Invoice 3936,pending
T001666,2023-10-18,"₹76,061.61",INR,V9003,AC005,facilities,Invoice 8906,reconciled
T001667,2023-11-19,"₹352,263.23",INR,V0023,AC008,software,Invoice 7162,unreconciled
T001668,2023-12-17,"₹183,406.41",INR,V0044,AC011,logistics,Invoice 1779,pending
T001669,2024-01-28,"₹100,930.38",INR,V0040,AC008,consulting,Invoice 4845,reconciled
T001670,2024-02-22,"₹284,253.35",INR,V0026,AC004,consulting,Invoice 7467,pending
T001671,2024-03-25,"₹313,960.26",INR,V0011,AC004,marketing,Invoice 8703,unreconciled
T001672,2024-04-14,"₹219,289.81",INR,V0021,AC002,marketing,Invoice 4635,disputed
T001673,2024-05-15,"₹291,558.36",INR,V0039,AC009,software,Invoice 5861,disputed
T001674,2024-06-18,"₹459,048.32",INR,V0040,AC012,consulting,Invoice 4290,pending
T001675,2024-07-24,"₹369,618.02",INR,V0010,AC001,software,Invoice 5476,disputed
T001676,2024-08-11,"₹271,577.62",INR,V0001,AC005,logistics,Invoice 4221,reconciled
T001677,2024-09-17,"₹453,027.03",INR,V0027,AC012,consulting,Invoice 1195,pending
T001678,2024-10-31,"₹182,297.13",INR,V0004,AC003,hardware,Invoice 9820,disputed
T001679,2024-11-18,"₹10,839.09",INR,V0027,AC008,hardware,Invoice 5409,unreconciled
T001680,2024-12-26,"₹345,799.07",INR,V9001,AC001,facilities,Invoice 9288,unreconciled
T001681,2023-01-10,"₹253,968.72",INR,V0018,AC007,logistics,Invoice 2736,unreconciled
T001682,2023-02-25,"₹340,605.59",INR,V0006,AC012,facilities,Invoice 1349,disputed
T001683,2023-03-13,"₹309,046.24",INR,V0009,AC008,consulting,Invoice 4743,unreconciled
T001684,2023-04-30,"₹300,982.97",INR,V0032,AC005,facilities,Invoice 8828,pending
T001685,2023-05-13,"₹186,766.86",INR,V9005,AC006,facilities,Invoice 7686,unreconciled
T001686,2023-06-07,"₹367,414.10",INR,V0033,AC012,logistics,Invoice 6200,reconciled
T001687,2023-07-24,"₹430,365.26",INR,V0031,AC009,facilities,Invoice 4568,disputed
T001688,2023-08-06,"₹332,209.93",INR,V9003,AC010,consulting,Invoice 6990,reconciled
T001689,2023-09-28,"₹360,104.15",INR,V0002,AC007,logistics,Invoice 2623,unreconciled
T001690,2023-10-13,"₹442,190.06",INR,V0023,AC010,hardware,Invoice 2474,unreconciled
T001691,2023-11-29,"₹484,940.50",INR,V0036,AC010,hardware,Invoice 3563,unreconciled
T001692,2023-12-18,"₹450,288.12",INR,V0015,AC007,software,Invoice 5230,disputed
T001693,2024-01-14,"₹368,723.43",INR,V0036,AC001,consulting,Invoice 3346,unreconciled
T001694,2024-02-27,"₹235,521.58",INR,V9006,AC007,marketing,Invoice 1700,pending
T001695,2024-03-15,"₹206,618.13",INR,V0038,AC009,marketing,Invoice 7135,unreconciled
T001696,2024-04-06,"₹399,423.36",INR,V0012,AC004,logistics,Invoice 5973,pending
T001697,2024-05-13,"₹396,845.36",INR,V0030,AC012,consulting,Invoice 8146,reconciled
T001698,2024-06-27,"₹37,285.67",INR,V0031,AC011,software,Invoice 9405,unreconciled
T001699,2024-07-08,"₹24,123.09",INR,V0019,AC010,logistics,Invoice 1116,disputed
T001700,2024-08-16,"₹137,192.16",INR,V9001,AC006,facilities,Invoice 3612,disputed
T001701,2024-09-26,"₹429,831.29",INR,V0014,AC003,hardware,Invoice 4195,reconciled
T001702,2024-10-07,"₹278,091.72",INR,V0029,AC012,software,Invoice 4242,pending
T001703,2024-11-05,"₹253,304.73",INR,V0010,AC010,facilities,Invoice 4834,reconciled
T001704,2024-12-20,"₹436,051.04",INR,V0004,AC001,facilities,Invoice 7012,disputed
T001705,2023-01-07,"₹113,746.49",INR,V9002,AC012,hardware,Invoice 6568,reconciled
T001706,2023-02-14,"₹358,616.07",INR,V0032,AC005,hardware,Invoice 5662,unreconciled
T001707,2023-03-23,"₹456,265.89",INR,V0033,AC009,facilities,Invoice 6010,disputed
T001708,2023-04-16,"₹207,957.06",INR,V0037,AC004,software,Invoice 9755,unreconciled
T001709,2023-05-23,"₹357,119.01",INR,V0023,AC006,logistics,Invoice 7643,unreconciled
T001710,2023-06-29,"₹281,262.10",INR,V0042,AC005,marketing,Invoice 9764,pending
T001711,2023-07-09,"₹306,009.78",INR,V9004,AC009,hardware,Invoice 7198,reconciled
T001712,2023-08-14,"₹447,747.69",INR,V0015,AC006,software,Invoice 8184,reconciled
T001713,2023-09-16,"₹279,332.28",INR,V0022,AC001,logistics,Invoice 2514,disputed
T001714,2023-10-16,"₹304,449.01",INR,V0014,AC006,marketing,Invoice 1930,disputed
T001715,2023-11-14,"₹249,841.90",INR,V0036,AC005,hardware,Invoice 9100,unreconciled
T001716,2023-12-30,"₹337,432.57",INR,V0014,AC003,facilities,Invoice 5605,unreconciled
T001717,2024-01-14,"₹144,020.75",INR,V0010,AC002,consulting,Invoice 5044,pending
T001718,2024-02-29,"₹167,244.46",INR,V0004,AC007,marketing,Invoice 4583,unreconciled
T001719,2024-03-02,"₹11,696.12",INR,V0030,AC005,facilities,Invoice 4443,unreconciled
T001720,2024-04-24,"₹238,019.54",INR,V0030,AC006,hardware,Invoice 9141,reconciled
T001721,2024-05-24,"₹364,171.34",INR,V0032,AC003,marketing,Invoice 9797,disputed
T001722,2024-06-06,"₹279,365.03",INR,V0037,AC006,marketing,Invoice 6740,disputed
T001723,2024-07-20,"₹439,608.69",INR,V0018,AC010,consulting,Invoice 1431,pending
T001724,2024-08-23,"₹139,711.11",INR,V0034,AC007,software,Invoice 2127,pending
T001725,2024-09-27,"₹336,312.15",INR,V0010,AC008,consulting,Invoice 5702,pending
T001726,2024-10-28,"₹306,799.66",INR,V0026,AC002,logistics,Invoice 7747,reconciled
T001727,2024-11-01,"₹292,887.10",INR,V0017,AC007,hardware,Invoice 8144,pending
T001728,2024-12-03,"₹221,627.07",INR,V0026,AC011,software,Invoice 6380,unreconciled
T001729,2023-01-30,"₹151,361.18",INR,V0007,AC009,logistics,Invoice 4337,pending
T001730,2023-02-01,"₹240,309.85",INR,V0045,AC001,software,Invoice 7929,disputed
T001731,2023-03-13,"₹471,558.44",INR,V9005,AC007,software,Invoice 1579,unreconciled
T001732,2023-04-14,"₹157,170.90",INR,V0016,AC001,consulting,Invoice 6322,unreconciled
T001733,2023-05-02,"₹483,580.88",INR,V9003,AC003,logistics,Invoice 1070,unreconciled
T001734,2023-06-23,"₹467,356.24",INR,V0011,AC007,marketing,Invoice 9228,unreconciled
T001735,2023-07-20,"₹306,933.85",INR,V0012,AC001,hardware,Invoice 3355,reconciled
T001736,2023-08-10,"₹437,057.39",INR,V0040,AC008,hardware,Invoice 2539,disputed
T001737,2023-09-10,"₹140,758.82",INR,V0039,AC001,hardware,Invoice 5452,reconciled
T001738,2023-10-05,"₹278,910.31",INR,V0013,AC008,logistics,Invoice 7384,unreconciled
T001739,2023-11-06,"₹118,986.20",INR,V0030,AC012,software,Invoice 3765,reconciled
T001740,2023-12-18,"₹283,287.07",INR,V0005,AC011,facilities,Invoice 2080,reconciled
T001741,2024-01-23,"₹199,441.23",INR,V0040,AC004,consulting,Invoice 8378,disputed
T001742,2024-02-02,"₹155,934.33",INR,V0009,AC005,marketing,Invoice 6636,disputed
T001743,2024-03-29,"₹410,747.89",INR,V0026,AC011,logistics,Invoice 5212,pending
T001744,2024-04-30,"₹175,985.44",INR,V0031,AC008,hardware,Invoice 3464,pending
T001745,2024-05-07,"₹440,989.73",INR,V0014,AC003,consulting,Invoice 2580,unreconciled
T001746,2024-06-07,"₹34,788.21",INR,V0018,AC003,hardware,Invoice 4890,pending
T001747,2024-07-21,"₹43,486.94",INR,V0040,AC003,consulting,Invoice 7703,pending
T001748,2024-08-03,"₹32,931.13",INR,V0013,AC005,facilities,Invoice 7746,reconciled
T001749,2024-09-05,"₹231,921.82",INR,V0010,AC002,software,Invoice 9610,pending
T001750,2024-10-06,"₹209,232.66",INR,V0045,AC009,marketing,Invoice 6748,reconciled
T001751,2024-11-09,"₹27,411.05",INR,V0016,AC007,logistics,Invoice 8646,reconciled
T001752,2024-12-30,"₹311,569.98",INR,V0042,AC008,consulting,Invoice 7241,unreconciled
T001753,2023-01-23,"₹213,957.96",INR,V0001,AC008,hardware,Invoice 1359,pending
T001754,2023-02-07,"₹424,763.61",INR,V0045,AC003,facilities,Invoice 4492,reconciled
T001755,2023-03-06,"₹153,203.82",INR,V0034,AC011,software,Invoice 5903,unreconciled
T001756,2023-04-11,"₹311,304.98",INR,V0009,AC001,logistics,Invoice 8488,reconciled
T001757,2023-05-20,"₹160,955.54",INR,V0019,AC007,marketing,Invoice 6170,reconciled
T001758,2023-06-13,"₹289,109.75",INR,V0043,AC011,logistics,Invoice 2263,reconciled
T001759,2023-07-05,"₹157,133.41",INR,V0013,AC012,consulting,Invoice 8693,reconciled
T001760,2023-08-28,"₹448,754.31",INR,V9003,AC006,logistics,Invoice 6290,unreconciled
T001761,2023-09-25,"₹264,019.01",INR,V0001,AC006,logistics,Invoice 1437,reconciled
T001762,2023-10-29,"₹157,427.12",INR,V0039,AC004,marketing,Invoice 5892,pending
T001763,2023-11-20,"₹411,528.15",INR,V0016,AC005,consulting,Invoice 9709,reconciled
T001764,2023-12-21,"₹316,269.93",INR,V0014,AC005,marketing,Invoice 2384,disputed
T001765,2024-01-07,"₹291,036.03",INR,V0042,AC009,hardware,Invoice 8737,pending
T001766,2024-02-24,"₹381,349.99",INR,V0008,AC010,marketing,Invoice 5009,disputed
T001767,2024-03-24,"₹248,907.20",INR,V9006,AC011,software,Invoice 5964,disputed
T001768,2024-04-20,"₹164,199.41",INR,V0005,AC009,consulting,Invoice 2841,reconciled
T001769,2024-05-06,"₹290,073.49",INR,V0044,AC010,hardware,Invoice 7502,unreconciled
T001770,2024-06-27,"₹399,278.79",INR,V0008,AC012,facilities,Invoice 3929,unreconciled
T001771,2024-07-06,"₹444,984.68",INR,V0011,AC001,facilities,Invoice 9098,pending
T001772,2024-08-08,"₹152,282.89",INR,V0021,AC007,marketing,Invoice 5742,pending
T001773,2024-09-06,"₹65,732.67",INR,V0027,AC011,facilities,Invoice 9589,pending
T001774,2024-10-17,"₹485,626.02",INR,V0029,AC011,facilities,Invoice 1893,reconciled
T001775,2024-11-17,"₹332,902.04",INR,V9004,AC008,facilities,Invoice 1102,pending
T001776,2024-12-07,"₹121,324.01",INR,V9002,AC002,software,Invoice 3742,reconciled
T001777,2023-01-25,"₹260,464.99",INR,V0025,AC001,consulting,Invoice 6016,pending
T001778,2023-02-26,"₹393,380.59",INR,V0029,AC002,software,Invoice 7408,unreconciled
T001779,2023-03-26,"₹481,331.82",INR,V0042,AC001,software,Invoice 8217,pending
T001780,2023-04-22,"₹102,504.07",INR,V0042,AC005,hardware,Invoice 1564,reconciled
T001781,2023-05-18,"₹30,958.18",INR,V0007,AC010,hardware,Invoice 3608,disputed
T001782,2023-06-04,"₹198,539.51",INR,V0044,AC002,software,Invoice 8270,unreconciled
T001783,2023-07-15,"₹4,349.23",INR,V0020,AC006,logistics,Invoice 9787,reconciled
T001784,2023-08-04,"₹129,214.58",INR,V0018,AC011,logistics,Invoice 3005,reconciled
T001785,2023-09-21,"₹30,134.09",INR,V0023,AC005,consulting,Invoice 6842,reconciled
T001786,2023-10-04,"₹59,478.79",INR,V0032,AC003,logistics,Invoice 3659,pending
T001787,2023-11-30,"₹111,921.91",INR,V0007,AC008,facilities,Invoice 5477,reconciled
T001788,2023-12-27,"₹223,698.32",INR,V0024,AC003,hardware,Invoice 7039,disputed
T001789,2024-01-01,"₹141,274.94",INR,V0017,AC011,marketing,Invoice 6528,pending
T001790,2024-02-01,"₹300,575.86",INR,V0034,AC011,facilities,Invoice 2045,pending
T001791,2024-03-25,"₹495,690.20",INR,V0013,AC010,facilities,Invoice 3931,unreconciled
T001792,2024-04-25,"₹358,775.05",INR,V0041,AC012,logistics,Invoice 7962,unreconciled
T001793,2024-05-09,"₹292,072.30",INR,V0021,AC010,logistics,Invoice 6634,disputed
T001794,2024-06-20,"₹208,532.15",INR,V0021,AC011,consulting,Invoice 7602,unreconciled
T001795,2024-07-03,"₹285,410.51",INR,V0037,AC001,logistics,Invoice 6624,unreconciled
T001796,2024-08-06,"₹272,865.62",INR,V0026,AC006,hardware,Invoice 2748,pending
T001797,2024-09-13,"₹209,004.00",INR,V0008,AC001,hardware,Invoice 2686,disputed
T001798,2024-10-06,"₹369,386.42",INR,V0037,AC001,facilities,Invoice 3720,unreconciled
T001799,2024-11-07,"₹63,075.12",INR,V9006,AC012,software,Invoice 9712,pending
T001800,2024-12-01,"₹353,402.43",INR,V0022,AC009,consulting,Invoice 5101,pending
T001801,2023-01-05,"₹92,403.99",INR,V0036,AC003,hardware,Invoice 2998,reconciled
T001802,2023-02-11,"₹317,785.02",INR,V0021,AC002,hardware,Invoice 2145,unreconciled
T001803,2023-03-02,"₹249,628.63",INR,V0005,AC001,hardware,Invoice 7962,unreconciled
T001804,2023-04-04,"₹276,958.12",INR,V0016,AC011,facilities,Invoice 2088,reconciled
T001805,2023-05-17,"₹305,637.68",INR,V0032,AC006,facilities,Invoice 3519,reconciled
T001806,2023-06-16,"₹98,959.89",INR,V0015,AC009,logistics,Invoice 7267,unreconciled
T001807,2023-07-30,"₹380,753.92",INR,V0037,AC011,consulting,Invoice 7456,unreconciled
T001808,2023-08-02,"₹398,831.02",INR,V0026,AC004,software,Invoice 4409,pending
T001809,2023-09-09,"₹228,133.26",INR,V0028,AC012,consulting,Invoice 8410,reconciled
T001810,2023-10-29,"₹18,595.80",INR,V0042,AC009,facilities,Invoice 3344,unreconciled
T001811,2023-11-08,"₹285,680.81",INR,V0035,AC005,marketing,Invoice 9605,pending
T001812,2023-12-12,"₹89,151.77",INR,V0026,AC010,software,Invoice 6627,unreconciled
T001813,2024-01-07,"₹177,616.58",INR,V0024,AC003,logistics,Invoice 6714,pending
T001814,2024-02-10,"₹432,642.85",INR,V0028,AC007,hardware,Invoice 2347,pending
T001815,2024-03-07,"₹213,620.55",INR,V0016,AC002,marketing,Invoice 5223,disputed
T001816,2024-04-23,"₹51,749.66",INR,V9002,AC007,logistics,Invoice 3857,reconciled
T001817,2024-05-11,"₹16,819.20",INR,V0042,AC003,marketing,Invoice 4639,unreconciled
T001818,2024-06-18,"₹402,023.97",INR,V0031,AC005,software,Invoice 2795,reconciled
T001819,2024-07-20,"₹67,536.98",INR,V9003,AC001,consulting,Invoice 9618,disputed
T001820,2024-08-26,"₹50,888.45",INR,V0020,AC010,logistics,Invoice 6971,unreconciled
T001821,2024-09-17,"₹455,688.40",INR,V0010,AC002,consulting,Invoice 6968,reconciled
T001822,2024-10-18,"₹251,836.24",INR,V0011,AC001,software,Invoice 6085,reconciled
T001823,2024-11-05,"₹407,734.95",INR,V0011,AC009,hardware,Invoice 2149,pending
T001824,2024-12-11,"₹450,626.69",INR,V0014,AC012,software,Invoice 3577,unreconciled
T001825,2023-01-02,"₹109,243.66",INR,V0021,AC005,consulting,Invoice 9470,unreconciled
T001826,2023-02-14,"₹20,260.94",INR,V0005,AC012,hardware,Invoice 4577,reconciled
T001827,2023-03-07,"₹215,769.65",INR,V0043,AC007,hardware,Invoice 7698,disputed
T001828,2023-04-25,"₹339,144.42",INR,V0007,AC011,logistics,Invoice 2060,unreconciled
T001829,2023-05-17,"₹483,088.83",INR,V9006,AC010,logistics,Invoice 6195,unreconciled
T001830,2023-06-21,"₹476,146.50",INR,V0027,AC003,hardware,Invoice 1138,disputed
T001831,2023-07-18,"₹181,775.17",INR,V0024,AC010,marketing,Invoice 3564,reconciled
T001832,2023-08-19,₹952.42,INR,V0045,AC004,facilities,Invoice 5395,disputed
T001833,2023-09-10,"₹119,299.25",INR,V0001,AC002,consulting,Invoice 2976,pending
T001834,2023-10-10,"₹213,990.50",INR,V0032,AC005,logistics,Invoice 9298,pending
T001835,2023-11-11,"₹334,302.95",INR,V0037,AC011,consulting,Invoice 7083,disputed
T001836,2023-12-15,"₹44,637.72",INR,V0003,AC007,facilities,Invoice 8900,unreconciled
T001837,2024-01-24,"₹488,576.58",INR,V0022,AC012,marketing,Invoice 1926,disputed
T001838,2024-02-02,"₹285,507.05",INR,V0013,AC008,software,Invoice 8050,disputed
T001839,2024-03-03,"₹87,950.06",INR,V0012,AC008,hardware,Invoice 3920,unreconciled
T001840,2024-04-11,"₹58,024.50",INR,V0022,AC001,marketing,Invoice 6479,disputed
T001841,2024-05-22,"₹398,866.97",INR,V0042,AC012,hardware,Invoice 7864,unreconciled
T001842,2024-06-26,"₹74,433.15",INR,V0009,AC004,marketing,Invoice 8070,disputed
T001843,2024-07-06,"₹46,980.40",INR,V0005,AC012,hardware,Invoice 1489,disputed
T001844,2024-08-17,"₹324,936.44",INR,V0032,AC005,facilities,Invoice 6284,reconciled
T001845,2024-09-19,"₹187,246.62",INR,V0045,AC003,consulting,Invoice 4160,reconciled
T001846,2024-10-19,"₹73,369.25",INR,V0018,AC007,hardware,Invoice 2849,unreconciled
T001847,2024-11-18,"₹121,922.90",INR,V0020,AC006,marketing,Invoice 9977,reconciled
T001848,2024-12-29,"₹267,093.65",INR,V0001,AC002,facilities,Invoice 8161,pending
T001849,2023-01-30,"₹465,803.37",INR,V0045,AC006,consulting,Invoice 5644,pending
T001850,2023-02-21,"₹363,264.02",INR,V0004,AC006,logistics,Invoice 1331,unreconciled
T001851,2023-03-03,"₹153,331.02",INR,V9001,AC009,marketing,Invoice 2618,unreconciled
T001852,2023-04-13,"₹184,479.18",INR,V0032,AC003,facilities,Invoice 2561,disputed
T001853,2023-05-25,"₹488,927.66",INR,V0026,AC003,marketing,Invoice 7928,disputed
T001854,2023-06-18,"₹111,588.14",INR,V0033,AC011,software,Invoice 5309,pending
T001855,2023-07-31,"₹264,473.07",INR,V0001,AC006,facilities,Invoice 7158,unreconciled
T001856,2023-08-24,"₹71,167.62",INR,V0034,AC001,consulting,Invoice 1843,reconciled
T001857,2023-09-23,"₹337,536.26",INR,V9003,AC011,marketing,Invoice 3694,pending
T001858,2023-10-26,"₹295,201.31",INR,V0006,AC005,facilities,Invoice 3002,disputed
T001859,2023-11-22,"₹337,155.32",INR,V0030,AC010,logistics,Invoice 5823,pending
T001860,2023-12-30,"₹268,681.83",INR,V0014,AC005,marketing,Invoice 9364,reconciled
T001861,2024-01-20,"₹177,151.50",INR,V0021,AC006,software,Invoice 4006,disputed
T001862,2024-02-08,"₹137,400.95",INR,V0024,AC009,software,Invoice 7254,unreconciled
T001863,2024-03-01,"₹466,071.66",INR,V0004,AC009,consulting,Invoice 9553,pending
T001864,2024-04-24,"₹176,285.05",INR,V9006,AC010,logistics,Invoice 7413,unreconciled
T001865,2024-05-20,"₹256,648.81",INR,V9003,AC011,software,Invoice 6346,disputed
T001866,2024-06-23,"₹44,445.23",INR,V0028,AC004,software,Invoice 4268,reconciled
T001867,2024-07-28,"₹448,394.36",INR,V0001,AC010,hardware,Invoice 7491,unreconciled
T001868,2024-08-27,"₹335,725.30",INR,V0029,AC004,logistics,Invoice 1326,unreconciled
T001869,2024-09-11,"₹153,773.32",INR,V0020,AC005,consulting,Invoice 5464,reconciled
T001870,2024-10-31,"₹50,793.38",INR,V9001,AC004,marketing,Invoice 6640,unreconciled
T001871,2024-11-16,"₹147,188.29",INR,V0018,AC002,logistics,Invoice 8609,unreconciled
T001872,2024-12-08,"₹486,087.21",INR,V0025,AC007,facilities,Invoice 3774,disputed
T001873,2023-01-21,"₹108,694.75",INR,V0038,AC012,marketing,Invoice 5989,unreconciled
T001874,2023-02-18,"₹9,089.94",INR,V0028,AC002,software,Invoice 2535,pending
T001875,2023-03-26,"₹489,483.56",INR,V0022,AC008,hardware,Invoice 4971,pending
T001876,2023-04-18,"₹407,318.91",INR,V0016,AC007,software,Invoice 6087,reconciled
T001877,2023-05-05,"₹207,020.05",INR,V0033,AC008,software,Invoice 6470,pending
T001878,2023-06-27,"₹122,407.89",INR,V0006,AC006,consulting,Invoice 8778,unreconciled
T001879,2023-07-18,"₹341,020.15",INR,V0020,AC009,software,Invoice 3130,reconciled
T001880,2023-08-22,"₹34,395.50",INR,V0021,AC001,logistics,Invoice 1878,pending
T001881,2023-09-13,"₹230,020.03",INR,V0004,AC008,software,Invoice 7521,pending
T001882,2023-10-10,"₹158,942.13",INR,V0032,AC012,software,Invoice 6133,reconciled
T001883,2023-11-05,"₹69,716.71",INR,V0023,AC003,marketing,Invoice 3588,pending
T001884,2023-12-07,"₹473,610.59",INR,V0006,AC007,software,Invoice 7099,pending
T001885,2024-01-12,"₹377,905.03",INR,V0025,AC011,software,Invoice 9972,unreconciled
T001886,2024-02-24,"₹149,853.19",INR,V0001,AC007,marketing,Invoice 4819,unreconciled
T001887,2024-03-29,"₹163,943.56",INR,V9003,AC010,logistics,Invoice 4905,unreconciled
T001888,2024-04-11,"₹128,599.00",INR,V9002,AC003,software,Invoice 6417,pending
T001889,2024-05-28,"₹308,733.79",INR,V0038,AC011,hardware,Invoice 2858,reconciled
T001890,2024-06-29,"₹124,119.77",INR,V0026,AC006,facilities,Invoice 2727,reconciled
T001891,2024-07-20,"₹189,245.39",INR,V0045,AC005,facilities,Invoice 2846,reconciled
T001892,2024-08-05,"₹173,634.55",INR,V0042,AC003,logistics,Invoice 1164,reconciled
T001893,2024-09-21,"₹48,306.43",INR,V0044,AC007,marketing,Invoice 5231,disputed
T001894,2024-10-12,"₹235,133.72",INR,V9006,AC012,consulting,Invoice 8457,disputed
T001895,2024-11-23,"₹300,094.70",INR,V0024,AC008,hardware,Invoice 5482,reconciled
T001896,2024-12-13,"₹463,450.49",INR,V0023,AC011,facilities,Invoice 2497,pending
T001897,2023-01-04,"₹304,637.23",INR,V0022,AC006,facilities,Invoice 8555,reconciled
T001898,2023-02-26,"₹161,127.18",INR,V0005,AC008,facilities,Invoice 7264,reconciled
T001899,2023-03-19,"₹244,489.58",INR,V9003,AC006,hardware,Invoice 5103,pending
T001900,2023-04-23,"₹489,909.69",INR,V0025,AC011,marketing,Invoice 2229,unreconciled
T001901,2023-05-29,"₹69,822.57",INR,V0021,AC001,hardware,Invoice 8968,reconciled
T001902,2023-06-24,"₹195,786.04",INR,V0036,AC009,hardware,Invoice 9100,unreconciled
T001903,2023-07-30,"₹20,201.11",INR,V0033,AC012,software,Invoice 6921,unreconciled
T001904,2023-08-15,"₹169,694.08",INR,V0039,AC003,hardware,Invoice 3717,reconciled
T001905,2023-09-02,"₹279,803.45",INR,V0028,AC001,marketing,Invoice 2850,unreconciled
T001906,2023-10-10,"₹429,364.10",INR,V0029,AC008,hardware,Invoice 9394,disputed
T001907,2023-11-30,"₹190,281.26",INR,V0036,AC011,software,Invoice 5266,reconciled
T001908,2023-12-30,"₹254,084.38",INR,V0028,AC009,hardware,Invoice 3680,unreconciled
T001909,2024-01-15,"₹424,142.72",INR,V0012,AC008,facilities,Invoice 8423,disputed
T001910,2024-02-12,"₹270,687.99",INR,V9006,AC010,hardware,Invoice 8119,unreconciled
T001911,2024-03-20,"₹391,876.62",INR,V0008,AC009,facilities,Invoice 3830,disputed
T001912,2024-04-14,"₹220,193.73",INR,V0038,AC003,logistics,Invoice 5749,unreconciled
T001913,2024-05-28,"₹43,809.82",INR,V0035,AC010,marketing,Invoice 2010,unreconciled
T001914,2024-06-14,"₹178,297.28",INR,V0044,AC012,logistics,Invoice 6818,unreconciled
T001915,2024-07-14,"₹228,558.25",INR,V0007,AC007,software,Invoice 2519,unreconciled
T001916,2024-08-20,"₹470,629.80",INR,V0026,AC005,consulting,Invoice 8222,unreconciled
T001917,2024-09-13,"₹215,480.07",INR,V0024,AC001,facilities,Invoice 8034,reconciled
T001918,2024-10-05,"₹75,151.92",INR,V0035,AC008,marketing,Invoice 3236,unreconciled
T001919,2024-11-04,"₹100,676.69",INR,V0007,AC010,software,Invoice 7453,reconciled
T001920,2024-12-12,"₹152,793.95",INR,V0039,AC006,logistics,Invoice 6663,pending
T001921,2023-01-01,"₹485,697.05",INR,V9004,AC005,software,Invoice 4076,pending
T001922,2023-02-02,"₹387,966.51",INR,V0004,AC007,logistics,Invoice 8076,unreconciled
T001923,2023-03-12,"₹134,524.65",INR,V0025,AC010,consulting,Invoice 9708,unreconciled
T001924,2023-04-22,"₹107,802.72",INR,V0036,AC003,logistics,Invoice 5544,disputed
T001925,2023-05-10,"₹496,119.52",INR,V0011,AC009,logistics,Invoice 5895,pending
T001926,2023-06-03,"₹319,503.71",INR,V9002,AC009,software,Invoice 8422,unreconciled
T001927,2023-07-13,"₹46,787.22",INR,V0004,AC005,software,Invoice 6869,unreconciled
T001928,2023-08-23,"₹6,402.33",INR,V0037,AC009,facilities,Invoice 4019,disputed
T001929,2023-09-07,"₹59,279.68",INR,V0044,AC002,logistics,Invoice 9649,reconciled
T001930,2023-10-28,"₹166,584.34",INR,V0025,AC001,marketing,Invoice 4055,unreconciled
T001931,2023-11-04,"₹361,552.54",INR,V0039,AC006,software,Invoice 5169,pending
T001932,2023-12-20,"₹93,582.32",INR,V0019,AC009,marketing,Invoice 5375,disputed
T001933,2024-01-21,"₹331,208.88",INR,V0014,AC001,software,Invoice 2028,disputed
T001934,2024-02-20,"₹200,822.26",INR,V0024,AC010,marketing,Invoice 6018,unreconciled
T001935,2024-03-09,"₹12,516.77",INR,V0007,AC011,logistics,Invoice 7139,unreconciled
T001936,2024-04-27,"₹108,811.18",INR,V0028,AC008,logistics,Invoice 4464,pending
T001937,2024-05-16,"₹249,056.28",INR,V0017,AC009,marketing,Invoice 8677,reconciled
T001938,2024-06-17,"₹340,785.33",INR,V9005,AC001,consulting,Invoice 5753,reconciled
T001939,2024-07-19,"₹409,303.24",INR,V0041,AC011,hardware,Invoice 6135,unreconciled
T001940,2024-08-18,"₹387,806.97",INR,V0042,AC005,logistics,Invoice 8559,reconciled
T001941,2024-09-23,"₹266,073.06",INR,V0016,AC005,hardware,Invoice 8029,disputed
T001942,2024-10-22,"₹423,469.71",INR,V0022,AC012,logistics,Invoice 2785,unreconciled
T001943,2024-11-30,"₹175,126.70",INR,V0045,AC004,hardware,Invoice 7832,unreconciled
T001944,2024-12-15,"₹328,226.16",INR,V0045,AC009,hardware,Invoice 3950,disputed
T001945,2023-01-10,"₹33,846.35",INR,V0004,AC001,consulting,Invoice 5095,pending
T001946,2023-02-25,"₹200,917.13",INR,V9004,AC004,facilities,Invoice 1939,reconciled
T001947,2023-03-31,"₹299,761.24",INR,V0002,AC001,consulting,Invoice 1914,pending
T001948,2023-04-27,"₹488,851.82",INR,V9005,AC008,consulting,Invoice 4976,unreconciled
T001949,2023-05-13,"₹289,494.54",INR,V0023,AC004,marketing,Invoice 3903,disputed
T001950,2023-06-01,"₹170,742.26",INR,V0037,AC004,logistics,Invoice 7767,unreconciled
T001951,2023-07-24,"₹60,956.89",INR,V0039,AC010,hardware,Invoice 2965,reconciled
T001952,2023-08-27,"₹430,788.43",INR,V9001,AC008,hardware,Invoice 5850,reconciled
T001953,2023-09-05,"₹335,838.37",INR,V0042,AC009,hardware,Invoice 9425,pending
T001954,2023-10-16,"₹470,475.09",INR,V0002,AC004,marketing,Invoice 6841,unreconciled
T001955,2023-11-24,"₹321,592.93",INR,V0004,AC004,marketing,Invoice 6306,pending
T001956,2023-12-10,"₹66,032.24",INR,V0022,AC005,consulting,Invoice 7266,pending
T001957,2024-01-21,"₹70,260.68",INR,V0037,AC012,facilities,Invoice 1832,unreconciled
T001958,2024-02-16,"₹495,284.28",INR,V0023,AC008,consulting,Invoice 4282,unreconciled
T001959,2024-03-23,"₹468,906.64",INR,V0023,AC006,software,Invoice 4406,disputed
T001960,2024-04-05,"₹63,190.74",INR,V0025,AC006,marketing,Invoice 3990,unreconciled
T001961,2024-05-21,"₹336,972.54",INR,V9004,AC005,logistics,Invoice 1925,unreconciled
T001962,2024-06-05,"₹337,627.21",INR,V0032,AC008,hardware,Invoice 9543,unreconciled
T001963,2024-07-01,"₹19,721.32",INR,V0013,AC004,software,Invoice 8007,reconciled
T001964,2024-08-07,"₹27,035.99",INR,V0039,AC007,hardware,Invoice 7608,unreconciled
T001965,2024-09-12,"₹241,975.93",INR,V0025,AC002,facilities,Invoice 9497,pending
T001966,2024-10-31,"₹34,693.18",INR,V0033,AC001,software,Invoice 2121,disputed
T001967,2024-11-15,"₹29,819.31",INR,V0036,AC012,facilities,Invoice 8134,pending
T001968,2024-12-08,"₹398,551.77",INR,V0020,AC010,facilities,Invoice 7413,unreconciled
T001969,2023-01-31,"₹334,565.66",INR,V0014,AC005,hardware,Invoice 2919,unreconciled
T001970,2023-02-07,"₹352,004.35",INR,V9005,AC005,facilities,Invoice 4009,pending
T001971,2023-03-16,"₹380,532.43",INR,V0029,AC009,facilities,Invoice 4425,pending
T001972,2023-04-23,"₹357,322.78",INR,V0041,AC010,logistics,Invoice 4228,pending
T001973,2023-05-01,"₹412,063.94",INR,V0023,AC010,marketing,Invoice 3574,pending
T001974,2023-06-01,"₹486,366.59",INR,V0013,AC001,marketing,Invoice 8609,reconciled
T001975,2023-07-14,"₹141,021.51",INR,V0010,AC009,software,Invoice 9953,disputed
T001976,2023-08-01,"₹205,982.05",INR,V0034,AC005,software,Invoice 9369,reconciled
T001977,2023-09-28,"₹8,431.01",INR,V9005,AC008,facilities,Invoice 1938,pending
T001978,2023-10-20,"₹424,266.24",INR,V0045,AC006,hardware,Invoice 1554,unreconciled
T001979,2023-11-17,"₹178,584.39",INR,V0010,AC005,facilities,Invoice 5150,reconciled
T001980,2023-12-26,"₹329,921.77",INR,V0044,AC002,consulting,Invoice 9045,pending
T001981,2024-01-12,"₹325,825.05",INR,V0014,AC003,logistics,Invoice 8032,unreconciled
T001982,2024-02-15,"₹476,236.19",INR,V9004,AC002,facilities,Invoice 4124,disputed
T001983,2024-03-11,"₹483,329.87",INR,V0032,AC001,hardware,Invoice 2762,disputed
T001984,2024-04-11,"₹211,992.59",INR,V0018,AC003,marketing,Invoice 3619,unreconciled
T001985,2024-05-31,"₹424,615.35",INR,V0038,AC007,logistics,Invoice 9251,disputed
T001986,2024-06-15,"₹462,532.33",INR,V0015,AC007,software,Invoice 6804,unreconciled
T001987,2024-07-25,"₹244,942.14",INR,V9006,AC005,hardware,Invoice 5880,disputed
T001988,2024-08-10,"₹339,905.27",INR,V0043,AC011,facilities,Invoice 9240,disputed
T001989,2024-09-27,"₹272,960.19",INR,V0003,AC009,logistics,Invoice 7025,pending
T001990,2024-10-10,"₹92,669.50",INR,V0042,AC002,consulting,Invoice 4668,unreconciled
T001991,2024-11-25,"₹64,457.67",INR,V0042,AC012,software,Invoice 2611,disputed
T001992,2024-12-13,"₹465,134.50",INR,V0024,AC009,logistics,Invoice 5454,pending
T001993,2023-01-04,"₹436,400.06",INR,V0028,AC008,consulting,Invoice 9593,unreconciled
T001994,2023-02-21,"₹228,326.84",INR,V0001,AC006,consulting,Invoice 8938,reconciled
T001995,2023-03-21,"₹123,623.38",INR,V0041,AC011,logistics,Invoice 9578,reconciled
T001996,2023-04-27,"₹368,880.20",INR,V0008,AC004,consulting,Invoice 1224,disputed
T001997,2023-05-25,"₹419,270.24",INR,V0042,AC008,marketing,Invoice 7610,disputed
T001998,2023-06-15,"₹297,256.02",INR,V0011,AC010,facilities,Invoice 5676,unreconciled
T001999,2023-07-31,"₹313,626.46",INR,V0028,AC008,logistics,Invoice 5615,pending
T002000,2023-08-16,"₹314,980.11",INR,V0034,AC004,marketing,Invoice 1380,disputed
T002001,2023-09-08,"₹443,518.86",INR,V0021,AC012,logistics,Invoice 6755,disputed
T002002,2023-10-31,"₹183,933.96",INR,V0007,AC011,hardware,Invoice 7259,reconciled
T002003,2023-11-26,"₹231,073.12",INR,V0002,AC002,software,Invoice 2096,reconciled
T002004,2023-12-03,"₹277,465.67",INR,V0002,AC009,consulting,Invoice 9717,pending
T002005,2024-01-28,"₹187,624.85",INR,V0008,AC003,marketing,Invoice 4831,reconciled
T002006,2024-02-02,"₹101,236.09",INR,V0038,AC009,software,Invoice 4898,unreconciled
T002007,2024-03-01,"₹255,723.76",INR,V0017,AC003,consulting,Invoice 8283,disputed
T002008,2024-04-28,"₹75,847.96",INR,V0026,AC007,marketing,Invoice 8593,pending
T002009,2024-05-31,"₹100,977.09",INR,V0034,AC002,hardware,Invoice 5447,unreconciled
T002010,2024-06-25,"₹434,013.03",INR,V9003,AC006,software,Invoice 2115,disputed
T002011,2024-07-17,"₹20,583.25",INR,V0045,AC005,hardware,Invoice 5146,unreconciled
T002012,2024-08-18,"₹351,404.87",INR,V0039,AC004,software,Invoice 7743,unreconciled
T002013,2024-09-09,"₹110,519.30",INR,V0039,AC007,consulting,Invoice 9381,pending
T002014,2024-10-10,"₹245,205.39",INR,V0044,AC011,marketing,Invoice 9377,disputed
T002015,2024-11-19,"₹458,617.27",INR,V0001,AC008,logistics,Invoice 8210,pending
T002016,2024-12-04,"₹355,268.24",INR,V0030,AC010,marketing,Invoice 6722,pending
T002017,2023-01-11,"₹333,832.46",INR,V0037,AC006,facilities,Invoice 1255,reconciled
T002018,2023-02-05,"₹250,689.56",INR,V0013,AC004,software,Invoice 1821,unreconciled
T002019,2023-03-28,"₹88,608.46",INR,V0020,AC002,facilities,Invoice 8494,unreconciled
T002020,2023-04-04,"₹25,498.95",INR,V0028,AC005,hardware,Invoice 1235,reconciled
T002021,2023-05-17,"₹212,635.76",INR,V0024,AC011,consulting,Invoice 1441,disputed
T002022,2023-06-22,"₹328,216.79",INR,V0043,AC012,marketing,Invoice 8346,disputed
T002023,2023-07-30,"₹63,405.86",INR,V0015,AC006,facilities,Invoice 3977,unreconciled
T002024,2023-08-28,"₹412,783.97",INR,V0036,AC012,software,Invoice 5547,unreconciled
T002025,2023-09-24,"₹78,817.14",INR,V0027,AC004,facilities,Invoice 8013,disputed
T002026,2023-10-02,"₹89,214.41",INR,V0022,AC008,facilities,Invoice 7129,reconciled
T002027,2023-11-02,"₹189,459.48",INR,V0036,AC006,logistics,Invoice 9233,pending
T002028,2023-12-31,"₹442,397.59",INR,V0018,AC007,hardware,Invoice 2436,reconciled
T002029,2024-01-11,"₹166,593.99",INR,V0016,AC011,marketing,Invoice 3690,unreconciled
T002030,2024-02-07,"₹326,847.90",INR,V0029,AC010,consulting,Invoice 8146,pending
T002031,2024-03-14,"₹130,606.57",INR,V0036,AC002,facilities,Invoice 1516,pending
T002032,2024-04-21,"₹464,502.14",INR,V0004,AC012,hardware,Invoice 8686,disputed
T002033,2024-05-04,"₹153,858.23",INR,V0026,AC009,software,Invoice 3059,disputed
T002034,2024-06-13,"₹32,823.09",INR,V0009,AC012,marketing,Invoice 3210,unreconciled
T002035,2024-07-19,"₹42,602.50",INR,V0032,AC009,marketing,Invoice 2546,disputed
T002036,2024-08-11,"₹294,411.45",INR,V0014,AC002,hardware,Invoice 5900,pending
T002037,2024-09-09,"₹255,099.13",INR,V0038,AC010,marketing,Invoice 6048,disputed
T002038,2024-10-28,"₹400,316.67",INR,V9005,AC004,software,Invoice 8789,reconciled
T002039,2024-11-02,"₹236,754.24",INR,V0019,AC001,software,Invoice 2317,unreconciled
T002040,2024-12-27,"₹103,733.78",INR,V0023,AC011,consulting,Invoice 6979,reconciled
T002041,2023-01-28,"₹66,539.82",INR,V0011,AC001,facilities,Invoice 1552,pending
T002042,2023-02-19,"₹243,116.83",INR,V0031,AC002,logistics,Invoice 1614,unreconciled
T002043,2023-03-04,"₹91,459.17",INR,V0005,AC003,hardware,Invoice 1255,pending
T002044,2023-04-24,"₹85,467.69",INR,V0029,AC011,hardware,Invoice 2888,reconciled
T002045,2023-05-04,"₹195,598.50",INR,V0040,AC005,software,Invoice 1902,unreconciled
T002046,2023-06-30,"₹338,167.45",INR,V9003,AC010,software,Invoice 7080,reconciled
T002047,2023-07-24,"₹417,109.29",INR,V0003,AC007,logistics,Invoice 3049,pending
T002048,2023-08-01,"₹14,182.99",INR,V0017,AC003,logistics,Invoice 7336,disputed
T002049,2023-09-16,"₹182,246.38",INR,V0006,AC003,software,Invoice 7126,reconciled
T002050,2023-10-23,"₹248,979.74",INR,V0030,AC005,marketing,Invoice 9749,disputed
T002051,2023-11-03,"₹305,883.78",INR,V0022,AC012,facilities,Invoice 7639,pending
T002052,2023-12-21,"₹247,659.51",INR,V0020,AC002,logistics,Invoice 3664,unreconciled
T002053,2024-01-07,"₹66,757.64",INR,V9005,AC011,consulting,Invoice 7310,reconciled
T002054,2024-02-06,"₹220,005.17",INR,V0044,AC002,software,Invoice 3439,disputed
T002055,2024-03-08,"₹32,233.04",INR,V0009,AC008,logistics,Invoice 6464,unreconciled
T002056,2024-04-05,"₹441,956.00",INR,V0041,AC001,marketing,Invoice 5642,pending
T002057,2024-05-25,"₹189,375.13",INR,V9001,AC009,software,Invoice 3429,unreconciled
T002058,2024-06-30,"₹175,425.63",INR,V0045,AC005,consulting,Invoice 3449,reconciled
T002059,2024-07-17,"₹300,341.31",INR,V0039,AC009,facilities,Invoice 3506,disputed
T002060,2024-08-06,"₹297,650.09",INR,V9001,AC004,hardware,Invoice 9774,pending
T002061,2024-09-15,"₹229,133.10",INR,V0013,AC001,logistics,Invoice 8783,reconciled
T002062,2024-10-29,"₹444,690.40",INR,V0038,AC011,marketing,Invoice 9151,disputed
T002063,2024-11-24,"₹154,797.12",INR,V0026,AC012,logistics,Invoice 8152,unreconciled
T002064,2024-12-20,"₹129,883.14",INR,V0018,AC008,facilities,Invoice 9072,unreconciled
T002065,2023-01-17,"₹268,258.90",INR,V0027,AC010,consulting,Invoice 8244,disputed
T002066,2023-02-17,"₹163,491.12",INR,V0011,AC008,software,Invoice 7068,disputed
T002067,2023-03-12,"₹247,975.67",INR,V0044,AC010,logistics,Invoice 6722,unreconciled
T002068,2023-04-05,"₹277,863.58",INR,V0039,AC005,marketing,Invoice 2914,pending
T002069,2023-05-04,"₹485,144.27",INR,V0043,AC010,consulting,Invoice 6726,unreconciled
T002070,2023-06-13,"₹484,177.05",INR,V0028,AC010,marketing,Invoice 1660,pending
T002071,2023-07-20,"₹82,410.21",INR,V0034,AC008,software,Invoice 5614,unreconciled
T002072,2023-08-24,"₹105,162.20",INR,V0006,AC003,software,Invoice 9817,reconciled
T002073,2023-09-12,"₹196,365.13",INR,V0030,AC004,software,Invoice 9131,pending
T002074,2023-10-28,"₹313,172.28",INR,V0029,AC007,facilities,Invoice 5905,reconciled
T002075,2023-11-03,"₹333,079.92",INR,V0038,AC002,software,Invoice 3212,reconciled
T002076,2023-12-16,"₹140,415.89",INR,V0028,AC002,hardware,Invoice 3748,reconciled
T002077,2024-01-25,"₹183,537.38",INR,V9004,AC002,consulting,Invoice 3272,reconciled
T002078,2024-02-02,"₹353,799.21",INR,V0013,AC012,marketing,Invoice 2163,disputed
T002079,2024-03-16,"₹428,471.52",INR,V0038,AC002,consulting,Invoice 2411,reconciled
T002080,2024-04-16,"₹294,564.23",INR,V0043,AC010,marketing,Invoice 7475,reconciled
T002081,2024-05-04,"₹380,085.71",INR,V0030,AC003,software,Invoice 3529,pending
T002082,2024-06-30,"₹428,650.40",INR,V0028,AC002,software,Invoice 5561,unreconciled
T002083,2024-07-19,"₹332,492.91",INR,V0040,AC004,software,Invoice 4212,disputed
T002084,2024-08-27,"₹164,503.10",INR,V0016,AC010,marketing,Invoice 9771,pending
T002085,2024-09-06,"₹175,244.07",INR,V9002,AC012,facilities,Invoice 2503,reconciled
T002086,2024-10-05,"₹304,740.75",INR,V0040,AC010,software,Invoice 8047,reconciled
T002087,2024-11-14,"₹296,269.39",INR,V0014,AC007,facilities,Invoice 8575,unreconciled
T002088,2024-12-23,"₹79,529.30",INR,V0043,AC011,consulting,Invoice 7253,unreconciled
T002089,2023-01-21,"₹384,992.22",INR,V9005,AC002,marketing,Invoice 4920,disputed
T002090,2023-02-25,"₹374,987.51",INR,V9006,AC001,logistics,Invoice 4669,unreconciled
T002091,2023-03-21,"₹222,159.17",INR,V0038,AC004,logistics,Invoice 8936,unreconciled
T002092,2023-04-28,"₹424,265.43",INR,V0010,AC008,software,Invoice 6058,disputed
T002093,2023-05-01,"₹288,480.63",INR,V0001,AC005,hardware,Invoice 6697,unreconciled
T002094,2023-06-15,"₹52,396.63",INR,V0014,AC011,consulting,Invoice 9090,unreconciled
T002095,2023-07-05,"₹259,401.36",INR,V0032,AC003,logistics,Invoice 5580,pending
T002096,2023-08-17,"₹199,825.58",INR,V0043,AC006,logistics,Invoice 1119,pending
T002097,2023-09-30,"₹325,808.43",INR,V0022,AC003,logistics,Invoice 8499,reconciled
T002098,2023-10-06,"₹148,083.98",INR,V9003,AC001,hardware,Invoice 5101,unreconciled
T002099,2023-11-01,"₹132,682.68",INR,V0038,AC009,hardware,Invoice 4890,reconciled
T002100,2023-12-28,"₹360,477.35",INR,V0039,AC006,consulting,Invoice 1393,unreconciled
T002101,2024-01-31,"₹446,193.80",INR,V0023,AC012,software,Invoice 8280,disputed
T002102,2024-02-22,"₹73,595.14",INR,V0008,AC011,hardware,Invoice 5606,unreconciled
T002103,2024-03-09,"₹159,329.20",INR,V0005,AC011,facilities,Invoice 2266,reconciled
T002104,2024-04-07,"₹98,693.93",INR,V0019,AC004,consulting,Invoice 5019,reconciled
T002105,2024-05-17,"₹23,259.47",INR,V9004,AC005,marketing,Invoice 8012,reconciled
T002106,2024-06-05,"₹240,830.06",INR,V0037,AC002,logistics,Invoice 4865,pending
T002107,2024-07-16,"₹479,909.44",INR,V0039,AC004,consulting,Invoice 6598,disputed
T002108,2024-08-05,"₹72,581.75",INR,V0020,AC010,software,Invoice 2111,disputed
T002109,2024-09-01,"₹242,093.03",INR,V0008,AC006,facilities,Invoice 4494,reconciled
T002110,2024-10-13,"₹353,630.68",INR,V0012,AC003,software,Invoice 9294,unreconciled
T002111,2024-11-09,"₹444,324.06",INR,V9004,AC002,software,Invoice 8467,reconciled
T002112,2024-12-03,"₹157,094.03",INR,V9004,AC006,marketing,Invoice 4164,disputed
T002113,2023-01-24,"₹207,716.26",INR,V0005,AC006,consulting,Invoice 3071,unreconciled
T002114,2023-02-17,"₹4,248.06",INR,V0038,AC009,logistics,Invoice 9009,reconciled
T002115,2023-03-15,"₹317,229.54",INR,V0030,AC011,software,Invoice 5373,pending
T002116,2023-04-28,"₹14,905.22",INR,V0028,AC010,marketing,Invoice 1137,disputed
T002117,2023-05-05,"₹143,976.83",INR,V0002,AC011,marketing,Invoice 6575,reconciled
T002118,2023-06-13,"₹384,951.48",INR,V9003,AC009,facilities,Invoice 6512,unreconciled
T002119,2023-07-18,"₹91,601.61",INR,V0034,AC010,marketing,Invoice 8870,reconciled
T002120,2023-08-31,"₹146,021.85",INR,V0012,AC007,marketing,Invoice 3117,unreconciled
T002121,2023-09-30,"₹481,603.31",INR,V0009,AC008,hardware,Invoice 8273,disputed
T002122,2023-10-02,"₹151,480.58",INR,V0041,AC009,consulting,Invoice 8749,pending
T002123,2023-11-11,"₹389,448.42",INR,V0031,AC007,hardware,Invoice 2457,reconciled
T002124,2023-12-31,"₹133,869.66",INR,V0033,AC008,marketing,Invoice 1640,unreconciled
T002125,2024-01-24,"₹496,908.92",INR,V0031,AC001,logistics,Invoice 1357,pending
T002126,2024-02-07,"₹264,940.73",INR,V0017,AC005,marketing,Invoice 4723,unreconciled
T002127,2024-03-26,"₹459,827.50",INR,V0037,AC009,marketing,Invoice 5173,unreconciled
T002128,2024-04-22,"₹280,720.96",INR,V0004,AC004,software,Invoice 5307,pending
T002129,2024-05-23,"₹161,543.48",INR,V9006,AC004,logistics,Invoice 2008,disputed
T002130,2024-06-30,"₹432,595.76",INR,V0033,AC012,facilities,Invoice 3257,unreconciled
T002131,2024-07-01,"₹416,982.01",INR,V0030,AC010,logistics,Invoice 8941,pending
T002132,2024-08-21,"₹121,817.55",INR,V0029,AC010,facilities,Invoice 5818,unreconciled
T002133,2024-09-25,"₹140,698.84",INR,V0030,AC007,facilities,Invoice 1078,pending
T002134,2024-10-13,"₹205,254.73",INR,V0033,AC006,marketing,Invoice 2731,unreconciled
T002135,2024-11-28,"₹97,719.03",INR,V0023,AC007,facilities,Invoice 7135,unreconciled
T002136,2024-12-31,"₹14,797.40",INR,V0029,AC005,software,Invoice 1902,unreconciled
T002137,2023-01-25,"₹146,618.99",INR,V0002,AC008,marketing,Invoice 1062,pending
T002138,2023-02-17,"₹126,427.37",INR,V0011,AC009,facilities,Invoice 4324,unreconciled
T002139,2023-03-23,"₹41,099.53",INR,V9004,AC002,consulting,Invoice 2411,pending
T002140,2023-04-24,"₹159,077.57",INR,V0002,AC003,marketing,Invoice 4634,disputed
T002141,2023-05-04,"₹42,162.39",INR,V0004,AC002,logistics,Invoice 1835,pending
T002142,2023-06-25,"₹479,820.92",INR,V0028,AC002,facilities,Invoice 8292,unreconciled
T002143,2023-07-19,"₹137,897.47",INR,V0022,AC004,software,Invoice 5554,pending
T002144,2023-08-18,"₹89,065.82",INR,V0023,AC002,hardware,Invoice 2742,pending
T002145,2023-09-30,"₹491,258.12",INR,V0033,AC009,consulting,Invoice 6822,pending
T002146,2023-10-20,"₹165,197.11",INR,V0008,AC012,consulting,Invoice 7979,unreconciled
T002147,2023-11-12,"₹113,702.95",INR,V0012,AC009,logistics,Invoice 7751,reconciled
T002148,2023-12-27,"₹129,736.44",INR,V0037,AC008,marketing,Invoice 1609,reconciled
T002149,2024-01-20,"₹10,442.93",INR,V9001,AC010,hardware,Invoice 8811,unreconciled
T002150,2024-02-13,"₹320,930.62",INR,V0017,AC004,logistics,Invoice 3100,reconciled
T002151,2024-03-20,"₹173,093.87",INR,V0035,AC007,marketing,Invoice 7351,disputed
T002152,2024-04-29,"₹381,481.49",INR,V0030,AC006,marketing,Invoice 3065,unreconciled
T002153,2024-05-19,"₹154,150.91",INR,V0037,AC003,software,Invoice 9253,unreconciled
T002154,2024-06-20,"₹281,737.96",INR,V0020,AC002,software,Invoice 9396,unreconciled
T002155,2024-07-19,"₹412,441.71",INR,V0033,AC004,hardware,Invoice 5490,disputed
T002156,2024-08-04,"₹435,218.64",INR,V0042,AC003,logistics,Invoice 6767,reconciled
T002157,2024-09-15,"₹308,070.19",INR,V0025,AC011,facilities,Invoice 2396,disputed
T002158,2024-10-06,"₹392,848.70",INR,V9006,AC004,marketing,Invoice 3953,reconciled
T002159,2024-11-09,"₹68,528.24",INR,V0025,AC012,facilities,Invoice 3109,unreconciled
T002160,2024-12-01,"₹399,946.39",INR,V0030,AC010,consulting,Invoice 4709,unreconciled
T002161,2023-01-01,"₹340,796.31",INR,V0035,AC004,marketing,Invoice 9704,pending
T002162,2023-02-08,"₹186,309.82",INR,V0003,AC003,hardware,Invoice 8531,unreconciled
T002163,2023-03-02,"₹55,486.27",INR,V0045,AC002,consulting,Invoice 3285,reconciled
T002164,2023-04-15,"₹409,799.95",INR,V0025,AC009,facilities,Invoice 9957,pending
T002165,2023-05-22,"₹4,552.23",INR,V0027,AC010,consulting,Invoice 5495,disputed
T002166,2023-06-27,"₹322,844.83",INR,V0030,AC007,hardware,Invoice 1553,pending
T002167,2023-07-27,"₹136,735.80",INR,V0014,AC012,hardware,Invoice 1800,pending
T002168,2023-08-16,"₹234,974.00",INR,V9005,AC009,hardware,Invoice 3009,pending
T002169,2023-09-12,"₹169,563.98",INR,V0043,AC003,facilities,Invoice 5935,disputed
T002170,2023-10-24,"₹64,659.83",INR,V0011,AC011,hardware,Invoice 9626,disputed
T002171,2023-11-30,"₹427,808.78",INR,V0005,AC012,consulting,Invoice 9098,reconciled
T002172,2023-12-12,"₹220,918.93",INR,V9001,AC007,logistics,Invoice 6801,unreconciled
T002173,2024-01-04,"₹238,598.66",INR,V0037,AC004,consulting,Invoice 9620,disputed
T002174,2024-02-12,"₹167,406.89",INR,V0031,AC006,consulting,Invoice 6790,reconciled
T002175,2024-03-28,"₹154,831.00",INR,V0020,AC010,consulting,Invoice 7101,pending
T002176,2024-04-04,"₹7,129.09",INR,V0003,AC009,hardware,Invoice 8241,reconciled
T002177,2024-05-15,"₹235,410.73",INR,V0006,AC005,software,Invoice 7357,pending
T002178,2024-06-06,"₹193,431.81",INR,V0037,AC010,hardware,Invoice 4170,pending
T002179,2024-07-26,"₹439,971.63",INR,V0040,AC009,hardware,Invoice 4236,pending
T002180,2024-08-22,"₹473,922.96",INR,V0010,AC011,consulting,Invoice 5710,reconciled
T002181,2024-09-25,"₹385,349.91",INR,V0042,AC002,marketing,Invoice 6425,pending
T002182,2024-10-15,"₹440,606.26",INR,V9002,AC009,facilities,Invoice 3208,pending
T002183,2024-11-14,"₹222,534.91",INR,V0016,AC005,consulting,Invoice 9232,reconciled
T002184,2024-12-17,"₹437,569.35",INR,V0005,AC009,hardware,Invoice 8664,unreconciled
T002185,2023-01-14,"₹138,631.07",INR,V0041,AC012,consulting,Invoice 3561,reconciled
T002186,2023-02-05,"₹196,942.08",INR,V0002,AC009,software,Invoice 1190,reconciled
T002187,2023-03-26,"₹301,157.31",INR,V0005,AC008,marketing,Invoice 5939,reconciled
T002188,2023-04-13,"₹90,174.91",INR,V0020,AC005,marketing,Invoice 1071,unreconciled
T002189,2023-05-14,"₹341,631.71",INR,V0009,AC011,marketing,Invoice 9346,pending
T002190,2023-06-27,"₹408,015.26",INR,V0010,AC001,logistics,Invoice 9558,unreconciled
T002191,2023-07-19,"₹434,419.72",INR,V0015,AC010,hardware,Invoice 5500,disputed
T002192,2023-08-15,"₹441,140.88",INR,V0010,AC011,marketing,Invoice 1149,reconciled
T002193,2023-09-06,"₹25,297.69",INR,V0032,AC012,facilities,Invoice 5094,disputed
T002194,2023-10-30,"₹183,560.67",INR,V0028,AC003,logistics,Invoice 2938,unreconciled
T002195,2023-11-16,"₹338,793.09",INR,V0014,AC001,software,Invoice 8258,disputed
T002196,2023-12-23,"₹194,926.62",INR,V0018,AC009,logistics,Invoice 2256,disputed
T002197,2024-01-19,"₹289,092.85",INR,V0022,AC007,logistics,Invoice 3119,pending
T002198,2024-02-06,"₹78,354.41",INR,V0003,AC006,marketing,Invoice 5228,unreconciled
T002199,2024-03-30,"₹39,762.29",INR,V0025,AC007,software,Invoice 8624,reconciled
T002200,2024-04-25,"₹479,551.08",INR,V0005,AC007,marketing,Invoice 2596,disputed
T002201,2024-05-10,"₹238,471.18",INR,V0012,AC012,consulting,Invoice 9022,unreconciled
T002202,2024-06-21,"₹245,977.21",INR,V9001,AC007,consulting,Invoice 7473,unreconciled
T002203,2024-07-12,"₹389,357.07",INR,V0040,AC005,software,Invoice 3298,unreconciled
T002204,2024-08-03,"₹275,529.38",INR,V0032,AC005,marketing,Invoice 3341,unreconciled
T002205,2024-09-16,"₹254,098.20",INR,V0033,AC003,consulting,Invoice 6975,unreconciled
T002206,2024-10-12,"₹307,132.01",INR,V0035,AC004,logistics,Invoice 6637,unreconciled
T002207,2024-11-21,"₹54,778.30",INR,V0045,AC003,consulting,Invoice 6676,disputed
T002208,2024-12-10,"₹95,665.54",INR,V0028,AC007,logistics,Invoice 3862,disputed
T002209,2023-01-15,"₹107,980.97",INR,V0020,AC009,marketing,Invoice 9768,pending
T002210,2023-02-28,"₹240,102.74",INR,V0022,AC012,marketing,Invoice 6973,unreconciled
T002211,2023-03-15,"₹130,533.78",INR,V0010,AC011,hardware,Invoice 4105,unreconciled
T002212,2023-04-26,"₹376,980.02",INR,V0003,AC004,consulting,Invoice 5429,unreconciled
T002213,2023-05-19,"₹16,755.51",INR,V0026,AC011,marketing,Invoice 4004,unreconciled
T002214,2023-06-10,"₹142,712.66",INR,V0032,AC008,software,Invoice 7931,reconciled
T002215,2023-07-15,"₹399,350.53",INR,V0014,AC003,consulting,Invoice 4766,pending
T002216,2023-08-07,"₹187,576.88",INR,V0022,AC001,marketing,Invoice 9332,pending
T002217,2023-09-30,"₹274,830.84",INR,V0006,AC001,logistics,Invoice 3363,pending
T002218,2023-10-16,"₹272,118.38",INR,V0017,AC011,software,Invoice 9003,unreconciled
T002219,2023-11-23,"₹235,288.98",INR,V9005,AC006,software,Invoice 6767,disputed
T002220,2023-12-03,"₹148,730.07",INR,V0006,AC005,marketing,Invoice 7245,disputed
T002221,2024-01-09,"₹155,217.34",INR,V0028,AC004,marketing,Invoice 4311,unreconciled
T002222,2024-02-02,"₹415,745.79",INR,V0035,AC007,facilities,Invoice 5846,pending
T002223,2024-03-25,"₹311,592.51",INR,V9005,AC001,marketing,Invoice 7461,reconciled
T002224,2024-04-02,"₹44,789.69",INR,V0014,AC012,software,Invoice 2096,disputed
T002225,2024-05-31,"₹132,845.28",INR,V0028,AC011,hardware,Invoice 8172,reconciled
T002226,2024-06-16,"₹44,059.53",INR,V0042,AC010,logistics,Invoice 4095,pending
T002227,2024-07-17,"₹87,824.89",INR,V0015,AC007,marketing,Invoice 8522,unreconciled
T002228,2024-08-18,"₹8,892.44",INR,V0012,AC009,facilities,Invoice 6357,unreconciled
T002229,2024-09-12,"₹328,311.25",INR,V0017,AC003,consulting,Invoice 9216,unreconciled
T002230,2024-10-03,"₹370,328.33",INR,V0034,AC007,marketing,Invoice 4055,disputed
T002231,2024-11-11,"₹333,025.47",INR,V0006,AC002,hardware,Invoice 2607,pending
T002232,2024-12-13,"₹124,445.14",INR,V0001,AC008,logistics,Invoice 4365,disputed
T002233,2023-01-07,"₹89,496.68",INR,V0019,AC003,software,Invoice 6847,unreconciled
T002234,2023-02-04,"₹496,060.98",INR,V0035,AC006,facilities,Invoice 2462,disputed
T002235,2023-03-25,"₹196,763.27",INR,V0009,AC012,logistics,Invoice 6443,pending
T002236,2023-04-18,"₹343,669.21",INR,V0012,AC007,facilities,Invoice 7208,disputed
T002237,2023-05-15,"₹452,655.70",INR,V0013,AC001,consulting,Invoice 6416,reconciled
T002238,2023-06-18,"₹287,088.02",INR,V0003,AC006,consulting,Invoice 1652,pending
T002239,2023-07-25,"₹358,939.57",INR,V9001,AC005,consulting,Invoice 8579,unreconciled
T002240,2023-08-11,"₹199,184.55",INR,V0017,AC009,consulting,Invoice 5054,reconciled
T002241,2023-09-03,"₹437,322.45",INR,V0009,AC001,logistics,Invoice 1918,reconciled
T002242,2023-10-18,"₹52,100.81",INR,V0031,AC002,hardware,Invoice 7085,disputed
T002243,2023-11-16,"₹85,974.93",INR,V0029,AC002,facilities,Invoice 3727,unreconciled
T002244,2023-12-10,"₹127,776.67",INR,V9004,AC005,marketing,Invoice 4311,pending
T002245,2024-01-04,"₹178,985.26",INR,V0014,AC008,facilities,Invoice 4257,disputed
T002246,2024-02-12,"₹251,139.19",INR,V0001,AC006,hardware,Invoice 5966,unreconciled
T002247,2024-03-11,"₹381,846.67",INR,V0021,AC007,logistics,Invoice 1188,pending
T002248,2024-04-03,"₹73,717.90",INR,V0010,AC007,facilities,Invoice 1219,disputed
T002249,2024-05-31,"₹397,359.00",INR,V0032,AC012,facilities,Invoice 1072,reconciled
T002250,2024-06-03,"₹123,271.77",INR,V0022,AC005,facilities,Invoice 8812,disputed
T002251,2024-07-08,"₹200,768.30",INR,V0034,AC012,marketing,Invoice 2544,pending
T002252,2024-08-20,"₹376,944.04",INR,V0020,AC004,hardware,Invoice 8078,unreconciled
T002253,2024-09-30,"₹366,143.01",INR,V0016,AC009,facilities,Invoice 1887,disputed
T002254,2024-10-02,"₹75,552.69",INR,V0040,AC001,facilities,Invoice 6840,disputed
T002255,2024-11-13,"₹375,330.59",INR,V0032,AC008,consulting,Invoice 7414,disputed
T002256,2024-12-13,"₹145,789.04",INR,V0006,AC003,marketing,Invoice 4777,reconciled
T002257,2023-01-28,"₹346,952.20",INR,V0009,AC004,facilities,Invoice 3627,unreconciled
T002258,2023-02-01,"₹488,701.71",INR,V0014,AC012,software,Invoice 5702,unreconciled
T002259,2023-03-02,"₹145,886.92",INR,V0023,AC010,marketing,Invoice 2626,unreconciled
T002260,2023-04-30,"₹92,191.78",INR,V0012,AC012,facilities,Invoice 3857,reconciled
T002261,2023-05-08,"₹220,201.71",INR,V0039,AC006,marketing,Invoice 9961,pending
T002262,2023-06-22,"₹379,699.37",INR,V9006,AC006,marketing,Invoice 7463,pending
T002263,2023-07-07,"₹96,529.95",INR,V0010,AC004,facilities,Invoice 5536,unreconciled
T002264,2023-08-19,"₹27,419.49",INR,V0009,AC007,software,Invoice 2837,pending
T002265,2023-09-17,"₹365,518.46",INR,V0008,AC002,consulting,Invoice 3618,pending
T002266,2023-10-29,"₹223,558.34",INR,V0022,AC009,consulting,Invoice 8416,unreconciled
T002267,2023-11-16,"₹400,554.08",INR,V0008,AC008,hardware,Invoice 8031,unreconciled
T002268,2023-12-29,"₹375,102.20",INR,V9001,AC006,facilities,Invoice 7765,disputed
T002269,2024-01-22,"₹115,465.79",INR,V9003,AC008,marketing,Invoice 7013,unreconciled
T002270,2024-02-19,"₹245,062.19",INR,V0004,AC010,logistics,Invoice 4090,reconciled
T002271,2024-03-04,"₹455,111.93",INR,V0031,AC009,software,Invoice 8155,disputed
T002272,2024-04-09,"₹114,597.75",INR,V0030,AC005,software,Invoice 7945,reconciled
T002273,2024-05-25,"₹62,121.51",INR,V0032,AC010,software,Invoice 5398,disputed
T002274,2024-06-12,"₹318,299.65",INR,V0039,AC008,facilities,Invoice 1858,unreconciled
T002275,2024-07-07,"₹344,877.77",INR,V0044,AC001,consulting,Invoice 5362,reconciled
T002276,2024-08-26,"₹234,898.45",INR,V0022,AC001,marketing,Invoice 1035,reconciled
T002277,2024-09-25,"₹365,586.15",INR,V0017,AC004,consulting,Invoice 8569,pending
T002278,2024-10-21,"₹189,278.83",INR,V0008,AC006,facilities,Invoice 3102,disputed
T002279,2024-11-17,"₹423,850.61",INR,V0015,AC009,software,Invoice 2536,pending
T002280,2024-12-11,"₹84,487.56",INR,V0009,AC006,marketing,Invoice 5730,reconciled
T002281,2023-01-12,"₹268,980.03",INR,V0034,AC004,hardware,Invoice 5751,unreconciled
T002282,2023-02-19,"₹252,758.35",INR,V0037,AC006,facilities,Invoice 9450,disputed
T002283,2023-03-24,"₹147,708.04",INR,V0024,AC010,software,Invoice 5968,disputed
T002284,2023-04-17,"₹108,748.63",INR,V9006,AC003,hardware,Invoice 9396,pending
T002285,2023-05-04,"₹305,338.57",INR,V0033,AC003,facilities,Invoice 3183,disputed
T002286,2023-06-15,"₹240,582.61",INR,V0035,AC006,marketing,Invoice 3388,unreconciled
T002287,2023-07-24,"₹139,293.92",INR,V0042,AC001,software,Invoice 2512,reconciled
T002288,2023-08-15,"₹492,187.27",INR,V0040,AC011,consulting,Invoice 8185,reconciled
T002289,2023-09-04,"₹105,015.46",INR,V0017,AC003,facilities,Invoice 5003,pending
T002290,2023-10-26,"₹181,097.12",INR,V0004,AC008,consulting,Invoice 8478,reconciled
T002291,2023-11-04,"₹14,961.18",INR,V0022,AC009,software,Invoice 5597,reconciled
T002292,2023-12-30,"₹339,733.16",INR,V0003,AC009,facilities,Invoice 8597,disputed
T002293,2024-01-28,"₹223,594.79",INR,V9001,AC003,logistics,Invoice 5053,disputed
T002294,2024-02-17,"₹63,592.69",INR,V9002,AC008,marketing,Invoice 6490,disputed
T002295,2024-03-13,"₹185,767.97",INR,V0032,AC009,marketing,Invoice 3112,reconciled
T002296,2024-04-08,"₹382,182.85",INR,V0023,AC007,facilities,Invoice 1595,reconciled
T002297,2024-05-18,"₹250,127.85",INR,V0006,AC003,facilities,Invoice 1491,disputed
T002298,2024-06-09,"₹100,190.10",INR,V0019,AC012,software,Invoice 8575,unreconciled
T002299,2024-07-02,"₹423,204.93",INR,V0035,AC007,hardware,Invoice 6058,reconciled
T002300,2024-08-20,"₹364,830.71",INR,V0036,AC003,logistics,Invoice 2987,unreconciled
T002301,2024-09-19,"₹437,828.28",INR,V0023,AC001,software,Invoice 8501,unreconciled
T002302,2024-10-05,"₹106,843.28",INR,V9002,AC009,logistics,Invoice 4351,pending
T002303,2024-11-25,"₹163,814.56",INR,V0032,AC008,facilities,Invoice 3860,disputed
T002304,2024-12-26,"₹189,469.99",INR,V0044,AC010,marketing,Invoice 3123,unreconciled
T002305,2023-01-03,"₹26,371.96",INR,V0014,AC009,consulting,Invoice 9634,disputed
T002306,2023-02-26,"₹320,008.85",INR,V0042,AC009,facilities,Invoice 6145,reconciled
T002307,2023-03-13,"₹289,195.02",INR,V0009,AC007,facilities,Invoice 2035,reconciled
T002308,2023-04-29,"₹14,339.55",INR,V0028,AC012,facilities,Invoice 5210,disputed
T002309,2023-05-17,"₹213,461.28",INR,V0036,AC011,software,Invoice 5373,pending
T002310,2023-06-03,"₹376,739.27",INR,V9002,AC008,consulting,Invoice 4175,pending
T002311,2023-07-06,"₹431,959.55",INR,V0036,AC009,software,Invoice 8574,unreconciled
T002312,2023-08-01,"₹233,892.38",INR,V0006,AC010,hardware,Invoice 9358,pending
T002313,2023-09-24,"₹190,715.01",INR,V0043,AC009,logistics,Invoice 5335,reconciled
T002314,2023-10-13,"₹329,751.08",INR,V0037,AC005,logistics,Invoice 8841,pending
T002315,2023-11-26,"₹396,272.45",INR,V0002,AC012,hardware,Invoice 7917,unreconciled
T002316,2023-12-26,"₹280,177.85",INR,V0015,AC012,logistics,Invoice 9428,pending
T002317,2024-01-20,"₹264,977.45",INR,V0019,AC004,software,Invoice 5547,reconciled
T002318,2024-02-19,"₹90,530.13",INR,V0043,AC009,software,Invoice 7246,reconciled
T002319,2024-03-19,"₹446,009.74",INR,V0028,AC004,hardware,Invoice 3350,pending
T002320,2024-04-16,"₹384,075.04",INR,V0011,AC012,facilities,Invoice 6783,disputed
T002321,2024-05-03,"₹21,082.17",INR,V0013,AC004,hardware,Invoice 5366,disputed
T002322,2024-06-05,"₹72,993.06",INR,V0009,AC007,hardware,Invoice 8406,disputed
T002323,2024-07-02,"₹53,906.19",INR,V0035,AC009,marketing,Invoice 1880,disputed
T002324,2024-08-07,"₹342,113.38",INR,V0029,AC010,software,Invoice 8239,pending
T002325,2024-09-09,"₹266,186.92",INR,V0030,AC005,hardware,Invoice 8997,unreconciled
T002326,2024-10-21,"₹118,346.88",INR,V0045,AC010,software,Invoice 2438,pending
T002327,2024-11-25,"₹159,009.02",INR,V0034,AC010,software,Invoice 2384,disputed
T002328,2024-12-23,"₹392,317.31",INR,V0010,AC009,software,Invoice 5518,unreconciled
T002329,2023-01-01,"₹65,017.99",INR,V0029,AC008,consulting,Invoice 7061,disputed
T002330,2023-02-25,"₹55,414.74",INR,V0012,AC004,hardware,Invoice 2191,unreconciled
T002331,2023-03-20,"₹293,295.24",INR,V9001,AC002,consulting,Invoice 1359,reconciled
T002332,2023-04-08,"₹400,386.59",INR,V0006,AC004,logistics,Invoice 8680,reconciled
T002333,2023-05-11,"₹223,048.80",INR,V0038,AC008,consulting,Invoice 9775,pending
T002334,2023-06-18,"₹443,949.33",INR,V0014,AC004,logistics,Invoice 9228,unreconciled
T002335,2023-07-04,"₹443,336.92",INR,V0003,AC002,hardware,Invoice 9380,unreconciled
T002336,2023-08-22,"₹456,175.58",INR,V0021,AC011,marketing,Invoice 9722,reconciled
T002337,2023-09-21,"₹201,611.62",INR,V0003,AC004,logistics,Invoice 5286,unreconciled
T002338,2023-10-08,"₹146,305.51",INR,V0044,AC012,consulting,Invoice 5675,disputed
T002339,2023-11-07,"₹51,628.41",INR,V0035,AC009,hardware,Invoice 4164,unreconciled
T002340,2023-12-28,"₹61,413.87",INR,V0008,AC010,facilities,Invoice 3709,disputed
T002341,2024-01-21,"₹85,045.99",INR,V0039,AC012,facilities,Invoice 3138,unreconciled
T002342,2024-02-01,"₹316,339.98",INR,V9004,AC007,marketing,Invoice 1810,disputed
T002343,2024-03-19,"₹387,183.25",INR,V9002,AC010,marketing,Invoice 7100,unreconciled
T002344,2024-04-14,"₹440,206.52",INR,V0007,AC009,consulting,Invoice 6342,unreconciled
T002345,2024-05-16,"₹494,438.60",INR,V0017,AC010,marketing,Invoice 5825,reconciled
T002346,2024-06-12,"₹414,774.20",INR,V0017,AC003,marketing,Invoice 3452,unreconciled
T002347,2024-07-25,"₹57,338.39",INR,V0024,AC004,logistics,Invoice 2960,disputed
T002348,2024-08-29,"₹481,407.15",INR,V0026,AC001,facilities,Invoice 9321,disputed
T002349,2024-09-02,"₹384,428.83",INR,V9005,AC012,marketing,Invoice 4090,reconciled
T002350,2024-10-11,"₹325,793.41",INR,V0032,AC012,logistics,Invoice 2489,unreconciled
T002351,2024-11-29,"₹473,986.31",INR,V0021,AC011,consulting,Invoice 6833,disputed
T002352,2024-12-24,"₹475,178.97",INR,V0037,AC011,consulting,Invoice 5413,unreconciled
T002353,2023-01-10,"₹411,801.95",INR,V0020,AC011,software,Invoice 7378,unreconciled
T002354,2023-02-07,"₹44,732.14",INR,V0021,AC001,logistics,Invoice 3711,disputed
T002355,2023-03-07,"₹111,795.87",INR,V0008,AC005,software,Invoice 9286,unreconciled
T002356,2023-04-30,"₹285,376.99",INR,V0044,AC003,facilities,Invoice 4660,disputed
T002357,2023-05-24,"₹67,529.43",INR,V0012,AC005,hardware,Invoice 8732,disputed
T002358,2023-06-10,"₹386,018.38",INR,V0027,AC010,consulting,Invoice 5566,unreconciled
T002359,2023-07-25,"₹137,961.70",INR,V0013,AC004,hardware,Invoice 1939,unreconciled
T002360,2023-08-24,"₹406,166.56",INR,V0029,AC010,logistics,Invoice 1696,reconciled
T002361,2023-09-26,"₹264,813.93",INR,V9002,AC012,logistics,Invoice 8045,reconciled
T002362,2023-10-06,"₹294,426.47",INR,V0027,AC007,logistics,Invoice 7181,reconciled
T002363,2023-11-22,"₹110,571.87",INR,V0036,AC006,hardware,Invoice 3111,disputed
T002364,2023-12-11,"₹131,693.02",INR,V0032,AC010,facilities,Invoice 1898,pending
T002365,2024-01-12,"₹488,045.26",INR,V0009,AC012,marketing,Invoice 8500,pending
T002366,2024-02-22,"₹399,559.76",INR,V9005,AC004,consulting,Invoice 3229,reconciled
T002367,2024-03-02,"₹182,871.62",INR,V0017,AC003,software,Invoice 6495,pending
T002368,2024-04-17,"₹374,970.61",INR,V0002,AC010,marketing,Invoice 6936,disputed
T002369,2024-05-11,"₹77,914.71",INR,V0029,AC004,software,Invoice 6407,disputed
T002370,2024-06-12,"₹126,672.14",INR,V0038,AC010,consulting,Invoice 2573,unreconciled
T002371,2024-07-12,"₹94,484.98",INR,V0019,AC009,marketing,Invoice 1893,disputed
T002372,2024-08-09,"₹341,986.73",INR,V0025,AC007,marketing,Invoice 8282,disputed
T002373,2024-09-27,"₹275,317.89",INR,V0017,AC007,facilities,Invoice 3928,pending
T002374,2024-10-15,"₹188,927.27",INR,V0038,AC002,hardware,Invoice 2010,reconciled
T002375,2024-11-10,"₹125,611.39",INR,V0013,AC007,software,Invoice 4827,disputed
T002376,2024-12-23,"₹107,198.49",INR,V0042,AC005,facilities,Invoice 9485,disputed
T002377,2023-01-26,"₹54,968.22",INR,V0020,AC006,facilities,Invoice 3955,unreconciled
T002378,2023-02-14,"₹196,910.59",INR,V0007,AC006,software,Invoice 9679,unreconciled
T002379,2023-03-22,"₹373,294.90",INR,V0031,AC010,software,Invoice 5292,pending
T002380,2023-04-01,"₹339,819.54",INR,V0026,AC012,consulting,Invoice 8965,reconciled
T002381,2023-05-17,"₹337,323.19",INR,V0017,AC010,consulting,Invoice 7645,pending
T002382,2023-06-30,"₹42,604.56",INR,V9004,AC012,software,Invoice 9972,reconciled
T002383,2023-07-31,"₹155,109.88",INR,V0027,AC006,hardware,Invoice 5779,reconciled
T002384,2023-08-26,"₹414,207.45",INR,V0025,AC012,logistics,Invoice 6626,disputed
T002385,2023-09-10,"₹320,552.62",INR,V0028,AC005,marketing,Invoice 4600,unreconciled
T002386,2023-10-24,"₹11,377.31",INR,V9006,AC001,hardware,Invoice 7921,unreconciled
T002387,2023-11-09,"₹4,905.49",INR,V9006,AC006,facilities,Invoice 2219,unreconciled
T002388,2023-12-19,"₹65,907.42",INR,V9005,AC006,software,Invoice 7940,unreconciled
T002389,2024-01-17,"₹93,292.15",INR,V0008,AC003,hardware,Invoice 4225,reconciled
T002390,2024-02-26,"₹2,277.86",INR,V0026,AC012,hardware,Invoice 8432,reconciled
T002391,2024-03-09,"₹211,375.27",INR,V0004,AC010,software,Invoice 5000,reconciled
T002392,2024-04-25,"₹23,944.74",INR,V0007,AC011,consulting,Invoice 8235,unreconciled
T002393,2024-05-27,"₹129,053.98",INR,V0003,AC004,hardware,Invoice 6931,reconciled
T002394,2024-06-03,"₹7,629.07",INR,V0005,AC011,hardware,Invoice 5718,reconciled
T002395,2024-07-14,"₹124,648.04",INR,V0026,AC012,logistics,Invoice 6915,disputed
T002396,2024-08-28,"₹198,760.50",INR,V0027,AC004,consulting,Invoice 2480,pending
T002397,2024-09-13,"₹61,718.07",INR,V0011,AC008,marketing,Invoice 1144,unreconciled
T002398,2024-10-21,"₹180,682.47",INR,V0018,AC007,logistics,Invoice 7343,disputed
T002399,2024-11-12,"₹469,171.04",INR,V0034,AC001,facilities,Invoice 4156,unreconciled
T002400,2024-12-03,"₹199,157.80",INR,V0009,AC006,logistics,Invoice 9853,unreconciled
T002401,2023-01-08,"₹434,161.72",INR,V0001,AC012,software,Invoice 8070,unreconciled
T002402,2023-02-26,"₹160,571.82",INR,V0022,AC008,marketing,Invoice 5593,unreconciled
T002403,2023-03-05,"₹171,196.55",INR,V0029,AC003,hardware,Invoice 5576,disputed
T002404,2023-04-13,"₹102,176.48",INR,V9006,AC001,consulting,Invoice 5267,reconciled
T002405,2023-05-26,"₹177,583.63",INR,V0022,AC001,logistics,Invoice 2147,disputed
T002406,2023-06-12,"₹309,421.01",INR,V0014,AC004,marketing,Invoice 7163,pending
T002407,2023-07-30,"₹332,891.94",INR,V0007,AC006,logistics,Invoice 7494,reconciled
T002408,2023-08-31,"₹394,142.91",INR,V0016,AC009,marketing,Invoice 7866,unreconciled
T002409,2023-09-01,"₹351,762.53",INR,V0012,AC011,logistics,Invoice 5157,pending
T002410,2023-10-25,"₹370,349.90",INR,V0017,AC011,consulting,Invoice 3683,disputed
T002411,2023-11-29,"₹156,836.91",INR,V0015,AC002,software,Invoice 4290,disputed
T002412,2023-12-10,"₹89,873.29",INR,V0007,AC001,software,Invoice 7532,pending
T002413,2024-01-29,"₹403,316.72",INR,V0022,AC010,consulting,Invoice 3373,pending
T002414,2024-02-22,"₹19,059.24",INR,V0024,AC009,marketing,Invoice 9781,reconciled
T002415,2024-03-28,"₹300,972.99",INR,V0029,AC003,logistics,Invoice 7099,reconciled
T002416,2024-04-08,"₹243,310.72",INR,V0007,AC007,logistics,Invoice 2006,disputed
T002417,2024-05-16,"₹439,141.13",INR,V0023,AC011,hardware,Invoice 6461,pending
T002418,2024-06-20,"₹385,408.04",INR,V0009,AC002,hardware,Invoice 2838,pending
T002419,2024-07-25,"₹460,584.72",INR,V0044,AC006,consulting,Invoice 9681,reconciled
T002420,2024-08-15,"₹400,054.78",INR,V0014,AC006,facilities,Invoice 1007,pending
T002421,2024-09-08,"₹15,750.62",INR,V0042,AC007,facilities,Invoice 8987,disputed
T002422,2024-10-30,"₹68,457.05",INR,V9006,AC008,marketing,Invoice 6585,unreconciled
T002423,2024-11-18,"₹289,419.12",INR,V0001,AC004,consulting,Invoice 9995,unreconciled
T002424,2024-12-17,"₹178,921.08",INR,V9006,AC010,consulting,Invoice 1399,disputed
T002425,2023-01-13,"₹464,237.23",INR,V9003,AC006,hardware,Invoice 2782,disputed
T002426,2023-02-17,"₹120,541.98",INR,V0027,AC012,facilities,Invoice 5034,unreconciled
T002427,2023-03-31,"₹199,593.84",INR,V0032,AC005,hardware,Invoice 5337,unreconciled
T002428,2023-04-22,"₹419,003.97",INR,V0009,AC012,consulting,Invoice 2849,reconciled
T002429,2023-05-13,"₹90,530.85",INR,V0034,AC008,hardware,Invoice 7309,unreconciled
T002430,2023-06-05,"₹477,834.75",INR,V0044,AC006,consulting,Invoice 7370,disputed
T002431,2023-07-13,"₹334,118.92",INR,V0028,AC003,consulting,Invoice 7947,unreconciled
T002432,2023-08-28,"₹489,436.90",INR,V0003,AC010,logistics,Invoice 7496,reconciled
T002433,2023-09-25,"₹107,395.66",INR,V9004,AC006,consulting,Invoice 7462,pending
T002434,2023-10-06,"₹109,274.83",INR,V0030,AC006,logistics,Invoice 6787,disputed
T002435,2023-11-27,"₹175,483.38",INR,V9006,AC006,facilities,Invoice 4045,pending
T002436,2023-12-21,"₹416,998.18",INR,V0016,AC001,logistics,Invoice 6078,unreconciled
T002437,2024-01-26,"₹493,216.92",INR,V0018,AC001,software,Invoice 7581,unreconciled
T002438,2024-02-10,"₹240,841.47",INR,V0019,AC004,consulting,Invoice 8126,reconciled
T002439,2024-03-29,"₹378,569.34",INR,V0043,AC001,logistics,Invoice 8498,disputed
T002440,2024-04-24,"₹348,030.16",INR,V0009,AC003,marketing,Invoice 3449,pending
T002441,2024-05-30,"₹183,056.80",INR,V0013,AC011,consulting,Invoice 5730,disputed
T002442,2024-06-21,"₹327,881.23",INR,V9004,AC003,software,Invoice 8170,unreconciled
T002443,2024-07-20,"₹251,504.32",INR,V9005,AC006,marketing,Invoice 8467,disputed
T002444,2024-08-20,"₹183,084.46",INR,V9001,AC001,logistics,Invoice 1066,disputed
T002445,2024-09-01,"₹128,157.18",INR,V0001,AC005,hardware,Invoice 3411,pending
T002446,2024-10-08,"₹410,716.55",INR,V0004,AC004,consulting,Invoice 2981,unreconciled
T002447,2024-11-18,"₹299,515.41",INR,V0018,AC011,hardware,Invoice 4621,unreconciled
T002448,2024-12-12,"₹389,840.60",INR,V0001,AC012,marketing,Invoice 1469,unreconciled
T002449,2023-01-28,"₹355,282.64",INR,V0003,AC001,consulting,Invoice 1602,pending
T002450,2023-02-08,"₹377,837.45",INR,V9004,AC006,software,Invoice 2004,unreconciled
T002451,2023-03-24,"₹450,934.02",INR,V0035,AC008,software,Invoice 7047,pending
T002452,2023-04-29,"₹406,473.87",INR,V0011,AC007,logistics,Invoice 6085,reconciled
T002453,2023-05-13,"₹482,818.59",INR,V0037,AC005,hardware,Invoice 2774,unreconciled
T002454,2023-06-17,"₹424,308.48",INR,V9006,AC003,marketing,Invoice 3873,unreconciled
T002455,2023-07-10,"₹36,975.98",INR,V0030,AC011,consulting,Invoice 8692,reconciled
T002456,2023-08-14,"₹143,362.56",INR,V0009,AC003,hardware,Invoice 7800,reconciled
T002457,2023-09-08,"₹458,369.60",INR,V0037,AC003,software,Invoice 4799,reconciled
T002458,2023-10-23,"₹476,550.11",INR,V0003,AC012,software,Invoice 5742,pending
T002459,2023-11-06,"₹497,674.17",INR,V9001,AC011,hardware,Invoice 5322,unreconciled
T002460,2023-12-03,"₹242,454.40",INR,V0009,AC006,logistics,Invoice 8535,unreconciled
T002461,2024-01-02,"₹21,184.45",INR,V0022,AC008,marketing,Invoice 1341,unreconciled
T002462,2024-02-27,"₹315,431.97",INR,V9002,AC010,marketing,Invoice 1317,unreconciled
T002463,2024-03-24,"₹254,458.96",INR,V0018,AC007,hardware,Invoice 5276,pending
T002464,2024-04-30,"₹371,816.62",INR,V0013,AC003,software,Invoice 7352,reconciled
T002465,2024-05-17,"₹390,316.77",INR,V0024,AC009,facilities,Invoice 7995,pending
T002466,2024-06-24,"₹144,720.75",INR,V0019,AC003,marketing,Invoice 6253,pending
T002467,2024-07-28,"₹407,844.88",INR,V0003,AC003,hardware,Invoice 1638,unreconciled
T002468,2024-08-12,"₹12,625.72",INR,V0027,AC004,logistics,Invoice 5149,disputed
T002469,2024-09-14,"₹264,384.76",INR,V0013,AC006,software,Invoice 7931,disputed
T002470,2024-10-23,"₹118,098.10",INR,V0012,AC001,consulting,Invoice 5682,reconciled
T002471,2024-11-12,"₹148,768.30",INR,V0007,AC004,software,Invoice 7765,reconciled
T002472,2024-12-12,"₹191,220.21",INR,V0008,AC004,logistics,Invoice 5398,unreconciled
T002473,2023-01-01,"₹426,256.76",INR,V9005,AC006,logistics,Invoice 1644,unreconciled
T002474,2023-02-14,"₹161,878.97",INR,V0004,AC005,logistics,Invoice 7484,reconciled
T002475,2023-03-19,"₹336,960.39",INR,V0011,AC009,marketing,Invoice 3590,disputed
T002476,2023-04-24,"₹184,073.17",INR,V0013,AC007,logistics,Invoice 9424,disputed
T002477,2023-05-26,"₹297,488.05",INR,V0009,AC002,marketing,Invoice 4725,unreconciled
T002478,2023-06-14,"₹348,535.48",INR,V9005,AC004,consulting,Invoice 8981,reconciled
T002479,2023-07-06,"₹243,266.22",INR,V0013,AC005,software,Invoice 6643,reconciled
T002480,2023-08-16,"₹413,596.51",INR,V0001,AC007,logistics,Invoice 2755,unreconciled
T002481,2023-09-27,"₹153,401.80",INR,V0008,AC012,facilities,Invoice 4728,reconciled
T002482,2023-10-20,"₹309,096.25",INR,V9005,AC010,consulting,Invoice 5898,reconciled
T002483,2023-11-17,"₹190,304.03",INR,V0028,AC009,software,Invoice 1240,unreconciled
T002484,2023-12-26,"₹247,414.77",INR,V0033,AC010,logistics,Invoice 3242,disputed
T002485,2024-01-04,"₹195,000.63",INR,V0003,AC001,marketing,Invoice 9609,pending
T002486,2024-02-15,"₹283,703.87",INR,V0017,AC004,software,Invoice 2790,unreconciled
T002487,2024-03-17,"₹110,255.83",INR,V0009,AC012,facilities,Invoice 4414,reconciled
T002488,2024-04-11,"₹208,901.26",INR,V0001,AC003,consulting,Invoice 9968,reconciled
T002489,2024-05-03,"₹143,884.72",INR,V0001,AC004,hardware,Invoice 1113,unreconciled
T002490,2024-06-15,"₹11,217.77",INR,V0016,AC006,marketing,Invoice 3010,reconciled
T002491,2024-07-20,"₹166,019.25",INR,V0042,AC005,software,Invoice 6946,pending
T002492,2024-08-26,"₹169,871.23",INR,V0017,AC003,logistics,Invoice 9347,disputed
T002493,2024-09-22,"₹371,158.36",INR,V0045,AC011,marketing,Invoice 5132,pending
T002494,2024-10-01,"₹164,539.84",INR,V0012,AC006,logistics,Invoice 9291,unreconciled
T002495,2024-11-18,"₹387,438.73",INR,V0005,AC006,consulting,Invoice 4578,reconciled
T002496,2024-12-01,"₹95,553.12",INR,V0025,AC009,software,Invoice 7808,pending
T002497,2023-01-25,"₹76,968.53",INR,V0044,AC012,software,Invoice 6911,reconciled
T002498,2023-02-11,"₹489,950.15",INR,V0031,AC004,marketing,Invoice 1876,unreconciled
T002499,2023-03-28,"₹76,654.66",INR,V0018,AC007,hardware,Invoice 9385,disputed
T002500,2023-04-08,"₹80,399.62",INR,V0040,AC003,consulting,Invoice 5766,disputed
T002501,2023-05-16,"₹116,690.31",INR,V9004,AC011,software,Invoice 5375,unreconciled
T002502,2023-06-06,"₹189,149.42",INR,V0029,AC010,software,Invoice 6953,reconciled
T002503,2023-07-07,"₹21,252.82",INR,V0009,AC007,marketing,Invoice 3860,disputed
T002504,2023-08-18,"₹471,460.37",INR,V0037,AC011,hardware,Invoice 9892,disputed
T002505,2023-09-01,"₹463,026.16",INR,V0001,AC005,logistics,Invoice 4001,unreconciled
T002506,2023-10-30,"₹78,415.92",INR,V0037,AC006,facilities,Invoice 8001,pending
T002507,2023-11-16,"₹351,682.79",INR,V0030,AC001,software,Invoice 2585,disputed
T002508,2023-12-14,"₹498,453.56",INR,V0028,AC012,facilities,Invoice 8742,disputed
T002509,2024-01-07,"₹29,262.42",INR,V0034,AC004,marketing,Invoice 9056,reconciled
T002510,2024-02-14,"₹331,124.75",INR,V9001,AC010,facilities,Invoice 7537,unreconciled
T002511,2024-03-26,"₹329,330.91",INR,V0016,AC009,logistics,Invoice 4571,pending
T002512,2024-04-04,"₹54,368.02",INR,V0005,AC004,consulting,Invoice 9309,disputed
T002513,2024-05-02,"₹186,991.00",INR,V0024,AC007,consulting,Invoice 8598,disputed
T002514,2024-06-04,"₹172,069.13",INR,V0026,AC002,hardware,Invoice 9417,reconciled
T002515,2024-07-29,"₹147,920.11",INR,V0005,AC011,marketing,Invoice 4866,unreconciled
T002516,2024-08-27,"₹89,741.10",INR,V0041,AC011,hardware,Invoice 5612,unreconciled
T002517,2024-09-25,"₹49,293.86",INR,V0035,AC007,software,Invoice 9917,disputed
T002518,2024-10-30,"₹445,235.50",INR,V0015,AC007,facilities,Invoice 9990,reconciled
T002519,2024-11-25,"₹483,535.78",INR,V0036,AC011,hardware,Invoice 1640,disputed
T002520,2024-12-16,"₹331,597.29",INR,V9001,AC003,marketing,Invoice 7303,reconciled
T002521,2023-01-14,"₹100,505.73",INR,V0043,AC003,facilities,Invoice 3629,unreconciled
T002522,2023-02-13,"₹336,834.64",INR,V9006,AC012,logistics,Invoice 1819,reconciled
T002523,2023-03-24,"₹234,958.64",INR,V0007,AC012,consulting,Invoice 2331,unreconciled
T002524,2023-04-09,"₹340,827.12",INR,V0005,AC004,marketing,Invoice 8590,pending
T002525,2023-05-02,"₹25,588.65",INR,V0035,AC009,facilities,Invoice 6110,unreconciled
T002526,2023-06-15,"₹326,954.20",INR,V0022,AC008,marketing,Invoice 3649,disputed
T002527,2023-07-09,"₹446,361.46",INR,V0002,AC003,software,Invoice 8118,reconciled
T002528,2023-08-31,"₹103,957.68",INR,V0037,AC007,marketing,Invoice 4778,reconciled
T002529,2023-09-02,"₹185,298.31",INR,V0029,AC009,facilities,Invoice 5125,reconciled
T002530,2023-10-01,"₹267,973.88",INR,V0010,AC007,software,Invoice 7865,pending
T002531,2023-11-14,"₹358,004.05",INR,V0018,AC010,facilities,Invoice 7997,unreconciled
T002532,2023-12-25,"₹68,555.09",INR,V0003,AC002,software,Invoice 4140,reconciled
T002533,2024-01-21,"₹41,415.02",INR,V0029,AC004,marketing,Invoice 6454,disputed
T002534,2024-02-27,"₹447,318.20",INR,V0022,AC009,hardware,Invoice 7948,reconciled
T002535,2024-03-24,"₹321,148.00",INR,V9006,AC007,marketing,Invoice 6592,disputed
T002536,2024-04-04,"₹462,166.68",INR,V9004,AC004,marketing,Invoice 6767,unreconciled
T002537,2024-05-12,"₹100,197.85",INR,V0041,AC002,logistics,Invoice 2067,pending
T002538,2024-06-07,"₹213,676.93",INR,V0010,AC007,logistics,Invoice 3828,pending
T002539,2024-07-24,"₹421,470.33",INR,V0016,AC006,marketing,Invoice 5676,reconciled
T002540,2024-08-29,"₹338,431.84",INR,V0037,AC009,hardware,Invoice 6086,reconciled
T002541,2024-09-01,"₹419,031.44",INR,V0034,AC012,software,Invoice 7291,reconciled
T002542,2024-10-15,"₹230,636.86",INR,V0006,AC002,consulting,Invoice 8223,disputed
T002543,2024-11-04,"₹295,098.38",INR,V0007,AC005,marketing,Invoice 6612,disputed
T002544,2024-12-19,"₹36,327.76",INR,V0033,AC007,facilities,Invoice 3749,pending
T002545,2023-01-14,"₹336,832.55",INR,V0034,AC010,marketing,Invoice 8459,disputed
T002546,2023-02-05,"₹461,562.20",INR,V0005,AC006,logistics,Invoice 5082,unreconciled
T002547,2023-03-28,"₹163,019.32",INR,V0012,AC006,facilities,Invoice 1619,pending
T002548,2023-04-25,"₹460,069.48",INR,V0030,AC001,facilities,Invoice 8469,reconciled
T002549,2023-05-14,"₹42,352.31",INR,V0028,AC008,hardware,Invoice 3881,unreconciled
T002550,2023-06-01,"₹173,043.25",INR,V9002,AC003,facilities,Invoice 6132,reconciled
T002551,2023-07-14,"₹100,036.40",INR,V0017,AC001,marketing,Invoice 3173,unreconciled
T002552,2023-08-09,"₹348,173.15",INR,V0011,AC012,hardware,Invoice 6012,unreconciled
T002553,2023-09-06,"₹192,227.19",INR,V0043,AC011,software,Invoice 5731,reconciled
T002554,2023-10-15,"₹132,799.97",INR,V0025,AC011,logistics,Invoice 6329,disputed
T002555,2023-11-14,"₹151,552.20",INR,V0022,AC002,facilities,Invoice 8556,unreconciled
T002556,2023-12-06,"₹446,436.02",INR,V0010,AC001,consulting,Invoice 2906,pending
T002557,2024-01-03,"₹128,837.60",INR,V0011,AC005,software,Invoice 8474,pending
T002558,2024-02-19,"₹185,039.27",INR,V0033,AC004,marketing,Invoice 6655,disputed
T002559,2024-03-11,"₹413,311.36",INR,V0017,AC006,marketing,Invoice 3734,unreconciled
T002560,2024-04-25,"₹373,633.33",INR,V0033,AC012,marketing,Invoice 3494,disputed
T002561,2024-05-30,"₹382,311.97",INR,V0025,AC003,marketing,Invoice 3164,pending
T002562,2024-06-08,"₹238,886.64",INR,V0020,AC010,marketing,Invoice 6756,disputed
T002563,2024-07-07,"₹365,808.91",INR,V0014,AC005,consulting,Invoice 4964,pending
T002564,2024-08-23,"₹127,700.08",INR,V0012,AC005,hardware,Invoice 7060,disputed
T002565,2024-09-21,"₹275,459.01",INR,V0018,AC009,consulting,Invoice 8411,pending
T002566,2024-10-19,"₹116,512.49",INR,V0045,AC004,consulting,Invoice 1470,reconciled
T002567,2024-11-27,"₹447,511.47",INR,V0003,AC001,logistics,Invoice 6371,reconciled
T002568,2024-12-11,"₹436,656.74",INR,V0002,AC008,facilities,Invoice 8477,reconciled
T002569,2023-01-20,"₹49,632.04",INR,V0006,AC002,marketing,Invoice 9653,reconciled
T002570,2023-02-16,"₹190,184.88",INR,V0009,AC012,hardware,Invoice 8318,disputed
T002571,2023-03-01,"₹100,158.53",INR,V0036,AC007,marketing,Invoice 1179,pending
T002572,2023-04-16,"₹136,754.23",INR,V9004,AC008,marketing,Invoice 1544,reconciled
T002573,2023-05-16,"₹461,878.47",INR,V0012,AC008,consulting,Invoice 2733,pending
T002574,2023-06-29,"₹160,748.76",INR,V0030,AC006,consulting,Invoice 5433,reconciled
T002575,2023-07-05,"₹318,928.87",INR,V0017,AC010,consulting,Invoice 7897,reconciled
T002576,2023-08-21,"₹158,913.38",INR,V0010,AC009,consulting,Invoice 5428,reconciled
T002577,2023-09-06,"₹65,014.99",INR,V0019,AC004,hardware,Invoice 8459,pending
T002578,2023-10-29,"₹155,759.94",INR,V0041,AC006,software,Invoice 1486,unreconciled
T002579,2023-11-18,"₹19,816.22",INR,V0034,AC008,logistics,Invoice 2916,reconciled
T002580,2023-12-27,"₹369,920.73",INR,V0037,AC005,software,Invoice 1643,reconciled
T002581,2024-01-23,"₹204,337.55",INR,V0005,AC010,facilities,Invoice 5512,pending
T002582,2024-02-14,"₹47,285.09",INR,V0010,AC009,software,Invoice 5879,pending
T002583,2024-03-30,"₹474,977.86",INR,V0032,AC011,logistics,Invoice 9095,pending
T002584,2024-04-08,"₹224,144.45",INR,V0024,AC009,consulting,Invoice 3199,reconciled
T002585,2024-05-21,"₹126,235.62",INR,V0032,AC006,logistics,Invoice 6725,disputed
T002586,2024-06-10,"₹461,465.46",INR,V9002,AC011,software,Invoice 7881,unreconciled
T002587,2024-07-19,"₹387,028.04",INR,V0014,AC003,logistics,Invoice 5434,disputed
T002588,2024-08-05,"₹162,475.08",INR,V0001,AC009,hardware,Invoice 5311,disputed
T002589,2024-09-18,"₹72,968.59",INR,V0030,AC009,facilities,Invoice 2264,unreconciled
T002590,2024-10-10,"₹355,553.08",INR,V0031,AC008,facilities,Invoice 3629,unreconciled
T002591,2024-11-26,"₹142,904.40",INR,V0005,AC006,consulting,Invoice 3217,unreconciled
T002592,2024-12-02,"₹57,465.42",INR,V0032,AC003,software,Invoice 6951,pending
T002593,2023-01-24,"₹172,258.03",INR,V0033,AC001,facilities,Invoice 1711,reconciled
T002594,2023-02-27,"₹289,479.90",INR,V9002,AC012,marketing,Invoice 4697,reconciled
T002595,2023-03-18,"₹406,883.19",INR,V0001,AC001,hardware,Invoice 2592,unreconciled
T002596,2023-04-05,"₹201,945.10",INR,V0026,AC005,marketing,Invoice 3726,unreconciled
T002597,2023-05-06,"₹171,893.88",INR,V0014,AC008,software,Invoice 7377,disputed
T002598,2023-06-27,"₹93,142.79",INR,V0001,AC011,software,Invoice 9053,disputed
T002599,2023-07-11,"₹453,911.89",INR,V0034,AC004,logistics,Invoice 3695,reconciled
T002600,2023-08-05,"₹429,466.75",INR,V0044,AC004,facilities,Invoice 5518,reconciled
T002601,2023-09-12,"₹410,927.14",INR,V0033,AC008,marketing,Invoice 6268,pending
T002602,2023-10-08,"₹495,362.88",INR,V0032,AC002,logistics,Invoice 3417,disputed
T002603,2023-11-30,"₹482,647.20",INR,V0020,AC003,marketing,Invoice 1359,pending
T002604,2023-12-22,"₹197,651.46",INR,V9006,AC005,hardware,Invoice 6749,reconciled
T002605,2024-01-25,"₹148,435.13",INR,V0039,AC007,software,Invoice 4112,pending
T002606,2024-02-17,"₹366,066.46",INR,V0036,AC002,consulting,Invoice 7974,disputed
T002607,2024-03-22,"₹124,140.27",INR,V0024,AC001,marketing,Invoice 4681,reconciled
T002608,2024-04-08,"₹345,083.94",INR,V0005,AC004,hardware,Invoice 5905,disputed
T002609,2024-05-23,"₹109,298.38",INR,V0044,AC001,facilities,Invoice 7065,pending
T002610,2024-06-10,"₹331,373.70",INR,V0036,AC003,hardware,Invoice 1811,disputed
T002611,2024-07-07,"₹476,306.19",INR,V0008,AC012,software,Invoice 9342,reconciled
T002612,2024-08-24,"₹418,655.40",INR,V0016,AC006,logistics,Invoice 8278,reconciled
T002613,2024-09-12,"₹198,159.12",INR,V0037,AC008,marketing,Invoice 8868,pending
T002614,2024-10-06,"₹328,571.98",INR,V0003,AC011,hardware,Invoice 6932,disputed
T002615,2024-11-10,"₹407,571.65",INR,V0024,AC007,facilities,Invoice 9174,pending
T002616,2024-12-03,"₹83,095.94",INR,V0038,AC001,marketing,Invoice 1792,unreconciled
T002617,2023-01-20,"₹184,940.83",INR,V0024,AC011,facilities,Invoice 7671,unreconciled
T002618,2023-02-23,"₹136,800.96",INR,V9004,AC005,hardware,Invoice 4708,reconciled
T002619,2023-03-24,"₹288,620.59",INR,V0003,AC006,software,Invoice 9777,reconciled
T002620,2023-04-05,"₹477,552.41",INR,V0014,AC012,facilities,Invoice 3471,unreconciled
T002621,2023-05-11,"₹499,237.39",INR,V0025,AC009,hardware,Invoice 4650,pending
T002622,2023-06-23,"₹222,946.82",INR,V0037,AC003,logistics,Invoice 4036,reconciled
T002623,2023-07-30,"₹409,120.61",INR,V0032,AC008,marketing,Invoice 3349,disputed
T002624,2023-08-10,"₹52,198.85",INR,V0045,AC006,marketing,Invoice 3826,disputed
T002625,2023-09-08,"₹289,625.64",INR,V0031,AC007,marketing,Invoice 5499,unreconciled
T002626,2023-10-11,"₹369,417.28",INR,V0007,AC008,consulting,Invoice 8160,unreconciled
T002627,2023-11-23,"₹110,880.94",INR,V0016,AC001,hardware,Invoice 8186,unreconciled
T002628,2023-12-04,"₹377,529.75",INR,V0043,AC011,facilities,Invoice 2954,pending
T002629,2024-01-02,"₹70,572.15",INR,V0022,AC004,consulting,Invoice 8558,unreconciled
T002630,2024-02-09,"₹16,945.83",INR,V0024,AC012,marketing,Invoice 3094,disputed
T002631,2024-03-30,"₹62,164.42",INR,V0009,AC007,logistics,Invoice 8494,reconciled
T002632,2024-04-18,"₹441,197.82",INR,V0034,AC003,software,Invoice 7708,pending
T002633,2024-05-30,"₹287,575.95",INR,V0018,AC005,marketing,Invoice 2041,pending
T002634,2024-06-03,"₹367,588.67",INR,V0027,AC001,marketing,Invoice 4524,reconciled
T002635,2024-07-20,"₹186,452.53",INR,V0016,AC002,consulting,Invoice 9847,unreconciled
T002636,2024-08-14,"₹295,183.75",INR,V0002,AC009,hardware,Invoice 5177,pending
T002637,2024-09-15,"₹216,728.13",INR,V0013,AC012,logistics,Invoice 2621,reconciled
T002638,2024-10-07,"₹414,337.58",INR,V0023,AC005,hardware,Invoice 6337,reconciled
T002639,2024-11-27,"₹325,913.26",INR,V0002,AC006,consulting,Invoice 1544,disputed
T002640,2024-12-29,"₹394,814.75",INR,V9006,AC008,logistics,Invoice 3300,disputed
T002641,2023-01-05,"₹18,540.02",INR,V9004,AC007,hardware,Invoice 7210,pending
T002642,2023-02-09,"₹142,287.43",INR,V0009,AC004,logistics,Invoice 2621,unreconciled
T002643,2023-03-11,"₹233,956.55",INR,V0041,AC004,marketing,Invoice 5862,pending
T002644,2023-04-28,"₹361,015.37",INR,V9004,AC009,consulting,Invoice 7646,disputed
T002645,2023-05-04,"₹171,825.31",INR,V0011,AC002,software,Invoice 1552,disputed
T002646,2023-06-07,"₹195,534.57",INR,V0021,AC012,consulting,Invoice 1854,reconciled
T002647,2023-07-11,"₹491,055.83",INR,V0012,AC011,hardware,Invoice 6846,reconciled
T002648,2023-08-26,"₹119,103.19",INR,V0035,AC002,consulting,Invoice 5518,unreconciled
T002649,2023-09-23,"₹65,816.12",INR,V0033,AC004,consulting,Invoice 8319,unreconciled
T002650,2023-10-04,"₹324,469.50",INR,V0035,AC002,hardware,Invoice 7873,reconciled
T002651,2023-11-21,"₹269,371.56",INR,V9004,AC011,software,Invoice 9712,reconciled
T002652,2023-12-27,"₹174,738.66",INR,V0001,AC006,marketing,Invoice 8291,unreconciled
T002653,2024-01-21,"₹478,588.04",INR,V0008,AC012,software,Invoice 9049,pending
T002654,2024-02-22,"₹66,849.48",INR,V0008,AC012,hardware,Invoice 6963,disputed
T002655,2024-03-18,"₹216,712.70",INR,V0026,AC008,consulting,Invoice 9287,unreconciled
T002656,2024-04-23,"₹176,340.72",INR,V0003,AC002,facilities,Invoice 8447,pending
T002657,2024-05-28,"₹36,675.25",INR,V0029,AC009,facilities,Invoice 5918,unreconciled
T002658,2024-06-12,"₹398,095.38",INR,V0034,AC005,hardware,Invoice 5741,unreconciled
T002659,2024-07-26,"₹47,754.50",INR,V0008,AC007,marketing,Invoice 1194,unreconciled
T002660,2024-08-23,"₹336,673.49",INR,V0022,AC012,facilities,Invoice 7719,reconciled
T002661,2024-09-17,"₹418,239.03",INR,V0032,AC010,consulting,Invoice 9845,disputed
T002662,2024-10-20,"₹321,838.75",INR,V0020,AC007,hardware,Invoice 7508,disputed
T002663,2024-11-09,"₹98,656.38",INR,V0033,AC007,software,Invoice 9063,reconciled
T002664,2024-12-08,"₹340,613.54",INR,V0034,AC004,logistics,Invoice 1447,unreconciled
T002665,2023-01-06,"₹339,423.75",INR,V0020,AC006,hardware,Invoice 5719,pending
T002666,2023-02-14,"₹379,456.13",INR,V9003,AC001,logistics,Invoice 5464,pending
T002667,2023-03-28,"₹30,211.28",INR,V0019,AC012,consulting,Invoice 3914,pending
T002668,2023-04-16,"₹286,353.05",INR,V0045,AC005,marketing,Invoice 2137,reconciled
T002669,2023-05-29,"₹149,235.93",INR,V0024,AC001,software,Invoice 5672,reconciled
T002670,2023-06-18,"₹240,724.76",INR,V0035,AC009,software,Invoice 9023,disputed
T002671,2023-07-11,"₹109,896.39",INR,V0024,AC011,software,Invoice 8755,reconciled
T002672,2023-08-17,"₹331,585.76",INR,V0024,AC007,marketing,Invoice 7007,disputed
T002673,2023-09-09,"₹186,532.60",INR,V0018,AC007,consulting,Invoice 4254,disputed
T002674,2023-10-16,"₹194,901.84",INR,V0009,AC008,facilities,Invoice 3368,disputed
T002675,2023-11-09,"₹470,795.24",INR,V0021,AC011,logistics,Invoice 3236,disputed
T002676,2023-12-05,"₹169,648.58",INR,V0036,AC010,facilities,Invoice 6324,unreconciled
T002677,2024-01-17,"₹357,602.28",INR,V0039,AC012,logistics,Invoice 6321,disputed
T002678,2024-02-17,"₹251,706.14",INR,V0009,AC008,logistics,Invoice 1430,reconciled
T002679,2024-03-11,"₹445,744.89",INR,V0030,AC002,consulting,Invoice 3415,reconciled
T002680,2024-04-11,"₹337,106.34",INR,V0006,AC010,software,Invoice 9399,pending
T002681,2024-05-12,"₹3,265.76",INR,V0015,AC001,logistics,Invoice 2580,disputed
T002682,2024-06-09,"₹250,226.76",INR,V0016,AC012,consulting,Invoice 2106,reconciled
T002683,2024-07-18,"₹27,365.80",INR,V0016,AC011,logistics,Invoice 1105,reconciled
T002684,2024-08-09,"₹52,702.13",INR,V0035,AC001,software,Invoice 5961,unreconciled
T002685,2024-09-02,"₹207,421.02",INR,V0017,AC003,marketing,Invoice 5959,pending
T002686,2024-10-21,"₹302,913.59",INR,V9002,AC004,marketing,Invoice 3339,disputed
T002687,2024-11-07,"₹23,659.27",INR,V0024,AC006,software,Invoice 1782,disputed
T002688,2024-12-25,"₹172,747.41",INR,V0008,AC009,marketing,Invoice 1341,unreconciled
T002689,2023-01-05,"₹229,318.79",INR,V0043,AC012,logistics,Invoice 6191,reconciled
T002690,2023-02-20,"₹238,762.88",INR,V0037,AC005,consulting,Invoice 7329,disputed
T002691,2023-03-18,"₹442,804.16",INR,V0020,AC001,hardware,Invoice 1212,disputed
T002692,2023-04-19,"₹394,428.34",INR,V0014,AC005,consulting,Invoice 6404,disputed
T002693,2023-05-18,"₹311,759.51",INR,V0001,AC012,logistics,Invoice 5738,pending
T002694,2023-06-11,"₹59,980.49",INR,V0029,AC011,software,Invoice 1613,unreconciled
T002695,2023-07-23,"₹152,184.95",INR,V0015,AC012,hardware,Invoice 2167,pending
T002696,2023-08-02,"₹314,013.43",INR,V0008,AC008,marketing,Invoice 2776,unreconciled
T002697,2023-09-12,"₹251,967.45",INR,V0030,AC002,software,Invoice 4450,reconciled
T002698,2023-10-02,"₹133,406.57",INR,V0028,AC011,hardware,Invoice 3230,unreconciled
T002699,2023-11-02,"₹99,591.90",INR,V0034,AC004,marketing,Invoice 9909,pending
T002700,2023-12-19,"₹483,818.32",INR,V9006,AC012,consulting,Invoice 8016,unreconciled
T002701,2024-01-29,"₹335,567.34",INR,V0021,AC006,software,Invoice 1610,disputed
T002702,2024-02-20,"₹125,573.05",INR,V0024,AC007,logistics,Invoice 3665,pending
T002703,2024-03-17,"₹9,602.20",INR,V0040,AC007,logistics,Invoice 2516,reconciled
T002704,2024-04-21,"₹95,115.06",INR,V0031,AC005,software,Invoice 9512,unreconciled
T002705,2024-05-17,"₹71,324.40",INR,V0030,AC011,facilities,Invoice 3484,pending
T002706,2024-06-23,"₹329,552.83",INR,V0033,AC002,marketing,Invoice 1475,pending
T002707,2024-07-19,"₹117,148.91",INR,V0016,AC012,facilities,Invoice 4687,unreconciled
T002708,2024-08-08,"₹492,811.06",INR,V0003,AC011,consulting,Invoice 6482,unreconciled
T002709,2024-09-27,"₹135,180.29",INR,V0005,AC007,consulting,Invoice 8872,reconciled
T002710,2024-10-24,"₹185,924.52",INR,V9005,AC012,marketing,Invoice 5644,pending
T002711,2024-11-28,"₹280,329.98",INR,V0008,AC007,logistics,Invoice 1661,reconciled
T002712,2024-12-22,"₹211,887.34",INR,V9001,AC005,consulting,Invoice 1587,reconciled
T002713,2023-01-17,"₹105,616.55",INR,V0031,AC002,hardware,Invoice 3036,disputed
T002714,2023-02-05,"₹84,666.66",INR,V0026,AC011,logistics,Invoice 3246,reconciled
T002715,2023-03-09,"₹172,115.71",INR,V0043,AC002,hardware,Invoice 6576,unreconciled
T002716,2023-04-25,"₹205,955.45",INR,V0007,AC005,logistics,Invoice 9917,reconciled
T002717,2023-05-16,"₹252,813.44",INR,V0033,AC005,consulting,Invoice 7568,reconciled
T002718,2023-06-21,"₹133,486.99",INR,V0013,AC005,logistics,Invoice 8631,reconciled
T002719,2023-07-11,"₹281,419.56",INR,V0002,AC004,consulting,Invoice 5529,reconciled
T002720,2023-08-16,"₹449,151.96",INR,V0025,AC011,facilities,Invoice 6431,pending
T002721,2023-09-14,"₹243,228.54",INR,V0015,AC005,hardware,Invoice 3255,disputed
T002722,2023-10-31,"₹44,213.03",INR,V0001,AC009,hardware,Invoice 2437,disputed
T002723,2023-11-16,"₹242,134.31",INR,V0037,AC003,logistics,Invoice 8693,pending
T002724,2023-12-21,"₹499,277.55",INR,V0013,AC005,logistics,Invoice 2003,unreconciled
T002725,2024-01-18,"₹457,919.99",INR,V0041,AC001,consulting,Invoice 9132,reconciled
T002726,2024-02-01,"₹150,092.55",INR,V0037,AC004,logistics,Invoice 3941,disputed
T002727,2024-03-31,"₹84,651.06",INR,V0040,AC006,logistics,Invoice 7391,disputed
T002728,2024-04-02,"₹368,026.99",INR,V0022,AC011,consulting,Invoice 4162,reconciled
T002729,2024-05-22,"₹444,084.55",INR,V9003,AC002,hardware,Invoice 9317,pending
T002730,2024-06-21,"₹496,706.58",INR,V0041,AC011,facilities,Invoice 8972,pending
T002731,2024-07-09,"₹410,342.42",INR,V0009,AC006,software,Invoice 9083,unreconciled
T002732,2024-08-30,"₹479,578.84",INR,V0029,AC007,software,Invoice 4684,pending
T002733,2024-09-30,"₹231,872.19",INR,V0014,AC008,marketing,Invoice 3001,reconciled
T002734,2024-10-21,"₹108,596.31",INR,V0021,AC008,hardware,Invoice 4438,disputed
T002735,2024-11-29,"₹230,311.25",INR,V0025,AC004,logistics,Invoice 8621,disputed
T002736,2024-12-01,"₹57,618.78",INR,V9002,AC005,hardware,Invoice 7424,unreconciled
T002737,2023-01-06,"₹21,001.37",INR,V0026,AC010,logistics,Invoice 4346,reconciled
T002738,2023-02-23,"₹330,668.29",INR,V0020,AC012,logistics,Invoice 1749,disputed
T002739,2023-03-01,"₹91,645.83",INR,V9004,AC011,consulting,Invoice 6905,reconciled
T002740,2023-04-22,"₹302,708.69",INR,V0033,AC007,logistics,Invoice 1847,unreconciled
T002741,2023-05-13,"₹447,272.33",INR,V0023,AC007,software,Invoice 9663,disputed
T002742,2023-06-17,"₹221,864.50",INR,V0039,AC005,consulting,Invoice 7094,unreconciled
T002743,2023-07-24,"₹447,697.80",INR,V0011,AC009,marketing,Invoice 8410,pending
T002744,2023-08-12,"₹195,496.52",INR,V0014,AC003,software,Invoice 4836,pending
T002745,2023-09-24,"₹469,561.73",INR,V9005,AC012,hardware,Invoice 8368,reconciled
T002746,2023-10-13,"₹277,098.51",INR,V0009,AC005,logistics,Invoice 4111,pending
T002747,2023-11-01,"₹396,093.77",INR,V0014,AC006,marketing,Invoice 5997,unreconciled
T002748,2023-12-13,"₹106,416.27",INR,V0039,AC010,facilities,Invoice 5337,disputed
T002749,2024-01-05,"₹430,894.24",INR,V0017,AC011,hardware,Invoice 4065,disputed
T002750,2024-02-10,"₹471,325.06",INR,V0023,AC007,logistics,Invoice 2831,disputed
T002751,2024-03-30,"₹57,035.72",INR,V0038,AC001,logistics,Invoice 6901,disputed
T002752,2024-04-28,"₹418,825.26",INR,V0033,AC011,marketing,Invoice 7725,pending
T002753,2024-05-22,"₹327,779.83",INR,V0020,AC010,facilities,Invoice 4030,disputed
T002754,2024-06-05,"₹454,537.73",INR,V0003,AC008,logistics,Invoice 6559,pending
T002755,2024-07-09,"₹348,049.63",INR,V0010,AC004,logistics,Invoice 7583,disputed
T002756,2024-08-19,"₹2,971.85",INR,V0009,AC005,logistics,Invoice 4872,unreconciled
T002757,2024-09-06,"₹231,087.52",INR,V0029,AC009,marketing,Invoice 5358,unreconciled
T002758,2024-10-14,"₹261,588.73",INR,V0002,AC009,facilities,Invoice 3349,pending
T002759,2024-11-24,"₹493,537.73",INR,V0045,AC008,software,Invoice 4479,pending
T002760,2024-12-06,"₹492,657.22",INR,V0003,AC012,hardware,Invoice 5864,unreconciled
T002761,2023-01-20,"₹164,343.25",INR,V0027,AC009,hardware,Invoice 5833,unreconciled
T002762,2023-02-08,"₹103,566.67",INR,V0010,AC006,marketing,Invoice 1155,pending
T002763,2023-03-31,"₹329,893.63",INR,V0018,AC004,consulting,Invoice 9629,pending
T002764,2023-04-11,"₹69,127.83",INR,V0026,AC012,consulting,Invoice 9027,reconciled
T002765,2023-05-21,"₹226,486.41",INR,V0041,AC007,consulting,Invoice 9476,unreconciled
T002766,2023-06-03,"₹233,085.57",INR,V0003,AC005,facilities,Invoice 7834,disputed
T002767,2023-07-28,"₹16,856.56",INR,V9005,AC001,software,Invoice 6220,reconciled
T002768,2023-08-24,"₹84,566.70",INR,V9003,AC005,marketing,Invoice 7281,unreconciled
T002769,2023-09-13,"₹287,425.09",INR,V0016,AC008,marketing,Invoice 1540,unreconciled
T002770,2023-10-27,"₹404,383.39",INR,V9003,AC001,consulting,Invoice 6469,reconciled
T002771,2023-11-30,"₹89,673.91",INR,V0022,AC003,consulting,Invoice 7712,unreconciled
T002772,2023-12-07,"₹465,239.82",INR,V0036,AC008,hardware,Invoice 8635,pending
T002773,2024-01-07,"₹402,810.45",INR,V0044,AC006,hardware,Invoice 6423,reconciled
T002774,2024-02-01,"₹209,639.01",INR,V0022,AC001,hardware,Invoice 5172,pending
T002775,2024-03-03,"₹271,087.96",INR,V0032,AC009,consulting,Invoice 5164,unreconciled
T002776,2024-04-01,"₹108,546.16",INR,V0004,AC002,marketing,Invoice 9289,pending
T002777,2024-05-22,"₹122,361.95",INR,V0017,AC001,consulting,Invoice 7438,pending
T002778,2024-06-14,"₹369,048.55",INR,V0016,AC003,logistics,Invoice 8010,reconciled
T002779,2024-07-08,"₹231,038.04",INR,V0042,AC007,consulting,Invoice 6603,pending
T002780,2024-08-16,"₹418,621.51",INR,V9005,AC011,consulting,Invoice 6416,pending
T002781,2024-09-15,"₹337,249.66",INR,V0030,AC003,consulting,Invoice 5532,reconciled
T002782,2024-10-19,"₹345,175.21",INR,V0018,AC003,hardware,Invoice 4820,reconciled
T002783,2024-11-06,"₹201,576.01",INR,V0002,AC009,logistics,Invoice 1490,unreconciled
T002784,2024-12-09,"₹399,386.76",INR,V0017,AC008,marketing,Invoice 6407,disputed
T002785,2023-01-03,"₹473,655.51",INR,V9003,AC010,marketing,Invoice 4619,unreconciled
T002786,2023-02-14,"₹410,409.66",INR,V0009,AC005,hardware,Invoice 7359,pending
T002787,2023-03-25,"₹248,987.59",INR,V0029,AC007,marketing,Invoice 2828,disputed
T002788,2023-04-08,"₹373,222.95",INR,V0018,AC002,facilities,Invoice 2072,reconciled
T002789,2023-05-09,"₹394,419.98",INR,V0039,AC005,marketing,Invoice 2723,reconciled
T002790,2023-06-21,"₹271,032.44",INR,V0011,AC010,marketing,Invoice 4678,unreconciled
T002791,2023-07-24,"₹298,433.04",INR,V0035,AC007,hardware,Invoice 4711,unreconciled
T002792,2023-08-05,"₹194,252.09",INR,V0007,AC006,facilities,Invoice 8242,unreconciled
T002793,2023-09-18,"₹54,860.41",INR,V0005,AC010,marketing,Invoice 7178,disputed
T002794,2023-10-30,"₹495,685.36",INR,V0038,AC003,hardware,Invoice 9609,disputed
T002795,2023-11-02,"₹480,548.06",INR,V0043,AC004,software,Invoice 6193,unreconciled
T002796,2023-12-31,"₹96,958.75",INR,V0009,AC008,software,Invoice 5899,disputed
T002797,2024-01-09,"₹133,496.48",INR,V0005,AC001,consulting,Invoice 6290,unreconciled
T002798,2024-02-08,"₹187,797.41",INR,V0021,AC007,consulting,Invoice 8892,disputed
T002799,2024-03-28,"₹181,536.23",INR,V0039,AC001,facilities,Invoice 9424,unreconciled
T002800,2024-04-11,"₹262,997.27",INR,V9004,AC007,marketing,Invoice 5847,reconciled
T002801,2024-05-31,"₹371,195.50",INR,V9001,AC011,facilities,Invoice 2138,disputed
T002802,2024-06-23,"₹365,697.18",INR,V0016,AC006,consulting,Invoice 5839,disputed
T002803,2024-07-01,"₹434,635.18",INR,V0004,AC007,hardware,Invoice 9179,reconciled
T002804,2024-08-06,"₹48,020.60",INR,V0007,AC001,logistics,Invoice 6178,reconciled
T002805,2024-09-12,"₹435,528.06",INR,V0021,AC001,hardware,Invoice 8157,reconciled
T002806,2024-10-10,"₹498,912.84",INR,V0033,AC001,consulting,Invoice 1453,pending
T002807,2024-11-05,"₹359,435.91",INR,V0032,AC003,consulting,Invoice 3281,reconciled
T002808,2024-12-05,"₹335,785.00",INR,V0016,AC003,marketing,Invoice 6245,reconciled
T002809,2023-01-30,"₹494,640.86",INR,V0040,AC012,software,Invoice 2636,unreconciled
T002810,2023-02-01,"₹393,601.93",INR,V0036,AC010,software,Invoice 1087,disputed
T002811,2023-03-31,"₹138,639.31",INR,V0041,AC006,marketing,Invoice 6565,pending
T002812,2023-04-23,"₹21,486.97",INR,V9002,AC002,consulting,Invoice 3318,pending
T002813,2023-05-03,"₹397,282.99",INR,V0003,AC007,marketing,Invoice 3464,unreconciled
T002814,2023-06-24,"₹497,309.15",INR,V0028,AC008,logistics,Invoice 5727,unreconciled
T002815,2023-07-06,"₹187,363.12",INR,V0003,AC006,hardware,Invoice 2994,unreconciled
T002816,2023-08-20,"₹274,210.89",INR,V9004,AC008,facilities,Invoice 8737,reconciled
T002817,2023-09-01,"₹140,574.83",INR,V0041,AC012,consulting,Invoice 7789,unreconciled
T002818,2023-10-29,"₹439,416.98",INR,V0007,AC006,facilities,Invoice 4368,reconciled
T002819,2023-11-26,"₹359,689.04",INR,V0016,AC005,logistics,Invoice 5513,unreconciled
T002820,2023-12-05,"₹219,759.94",INR,V0038,AC003,marketing,Invoice 5914,unreconciled
T002821,2024-01-03,"₹480,459.63",INR,V9006,AC004,logistics,Invoice 1160,pending
T002822,2024-02-09,"₹19,982.65",INR,V0007,AC011,consulting,Invoice 6036,unreconciled
T002823,2024-03-24,"₹58,551.56",INR,V0002,AC009,facilities,Invoice 9704,reconciled
T002824,2024-04-11,"₹119,586.94",INR,V0011,AC007,hardware,Invoice 9606,unreconciled
T002825,2024-05-03,"₹91,711.82",INR,V0044,AC001,facilities,Invoice 1428,unreconciled
T002826,2024-06-08,"₹456,471.00",INR,V0007,AC008,software,Invoice 4538,reconciled
T002827,2024-07-30,"₹452,157.46",INR,V0005,AC012,consulting,Invoice 6934,unreconciled
T002828,2024-08-06,"₹252,937.49",INR,V0038,AC003,software,Invoice 9068,unreconciled
T002829,2024-09-11,"₹108,438.27",INR,V0020,AC001,facilities,Invoice 9151,reconciled
T002830,2024-10-14,"₹148,530.88",INR,V0006,AC002,software,Invoice 8975,unreconciled
T002831,2024-11-08,"₹456,354.65",INR,V0012,AC008,marketing,Invoice 7346,pending
T002832,2024-12-24,"₹372,459.71",INR,V0004,AC001,hardware,Invoice 1075,disputed
T002833,2023-01-16,"₹498,649.44",INR,V0018,AC005,logistics,Invoice 7733,disputed
T002834,2023-02-26,"₹196,554.21",INR,V0013,AC002,marketing,Invoice 5966,unreconciled
T002835,2023-03-31,"₹205,743.32",INR,V0011,AC003,consulting,Invoice 3394,unreconciled
T002836,2023-04-20,"₹65,322.99",INR,V0009,AC002,facilities,Invoice 5416,unreconciled
T002837,2023-05-16,"₹393,895.96",INR,V0039,AC004,marketing,Invoice 9979,disputed
T002838,2023-06-27,"₹434,946.85",INR,V0032,AC012,marketing,Invoice 7968,pending
T002839,2023-07-19,"₹143,243.10",INR,V0016,AC001,marketing,Invoice 5841,unreconciled
T002840,2023-08-22,"₹150,881.42",INR,V0039,AC003,marketing,Invoice 9540,unreconciled
T002841,2023-09-15,"₹358,562.21",INR,V0019,AC010,software,Invoice 5713,pending
T002842,2023-10-13,"₹489,637.26",INR,V0013,AC001,marketing,Invoice 3563,pending
T002843,2023-11-27,"₹469,420.90",INR,V0005,AC011,facilities,Invoice 2478,unreconciled
T002844,2023-12-25,"₹239,211.28",INR,V0044,AC004,hardware,Invoice 3792,reconciled
T002845,2024-01-19,"₹323,068.68",INR,V0011,AC001,software,Invoice 6616,unreconciled
T002846,2024-02-08,"₹325,183.19",INR,V0028,AC005,hardware,Invoice 6090,pending
T002847,2024-03-13,"₹47,850.03",INR,V0030,AC005,marketing,Invoice 6571,unreconciled
T002848,2024-04-12,"₹92,789.10",INR,V0040,AC011,consulting,Invoice 5663,disputed
T002849,2024-05-03,"₹202,695.80",INR,V0021,AC005,hardware,Invoice 9453,reconciled
T002850,2024-06-16,"₹471,267.90",INR,V0024,AC004,facilities,Invoice 8050,disputed
T002851,2024-07-18,"₹233,714.44",INR,V0018,AC008,logistics,Invoice 7571,unreconciled
T002852,2024-08-22,"₹145,856.59",INR,V0018,AC005,consulting,Invoice 1118,unreconciled
T002853,2024-09-28,"₹461,941.57",INR,V0017,AC012,hardware,Invoice 4557,pending
T002854,2024-10-27,"₹325,813.90",INR,V0017,AC005,logistics,Invoice 3153,unreconciled
T002855,2024-11-07,"₹437,428.18",INR,V9001,AC011,marketing,Invoice 5357,reconciled
T002856,2024-12-18,"₹13,292.96",INR,V0015,AC001,consulting,Invoice 3432,unreconciled
T002857,2023-01-26,"₹132,714.95",INR,V0036,AC007,software,Invoice 7811,pending
T002858,2023-02-14,"₹244,691.82",INR,V9005,AC010,marketing,Invoice 5710,unreconciled
T002859,2023-03-03,"₹101,256.63",INR,V0041,AC002,software,Invoice 6907,disputed
T002860,2023-04-22,"₹119,760.83",INR,V0005,AC004,facilities,Invoice 8729,pending
T002861,2023-05-03,"₹279,779.04",INR,V0039,AC008,software,Invoice 1597,unreconciled
T002862,2023-06-26,"₹44,681.30",INR,V9006,AC005,logistics,Invoice 8381,unreconciled
T002863,2023-07-23,"₹303,167.34",INR,V0041,AC003,hardware,Invoice 5608,disputed
T002864,2023-08-04,"₹24,477.94",INR,V0024,AC009,software,Invoice 6859,pending
T002865,2023-09-08,"₹382,910.11",INR,V0015,AC007,hardware,Invoice 2213,pending
T002866,2023-10-04,"₹263,710.19",INR,V0025,AC007,hardware,Invoice 3398,disputed
T002867,2023-11-05,"₹394,473.22",INR,V0040,AC009,consulting,Invoice 4779,pending
T002868,2023-12-19,"₹87,859.42",INR,V0004,AC009,consulting,Invoice 1347,pending
T002869,2024-01-15,"₹476,069.56",INR,V0034,AC012,consulting,Invoice 4489,disputed
T002870,2024-02-09,"₹339,340.03",INR,V0037,AC007,marketing,Invoice 7486,unreconciled
T002871,2024-03-18,"₹22,514.83",INR,V0042,AC002,software,Invoice 1065,reconciled
T002872,2024-04-03,"₹182,974.86",INR,V0039,AC003,consulting,Invoice 3506,pending
T002873,2024-05-20,"₹161,012.02",INR,V0011,AC008,logistics,Invoice 6853,reconciled
T002874,2024-06-01,"₹327,675.10",INR,V0033,AC006,software,Invoice 3033,reconciled
T002875,2024-07-05,"₹444,275.24",INR,V0034,AC010,software,Invoice 9019,unreconciled
T002876,2024-08-24,"₹369,512.41",INR,V0029,AC003,software,Invoice 2068,disputed
T002877,2024-09-07,"₹256,334.54",INR,V0014,AC009,logistics,Invoice 6101,unreconciled
T002878,2024-10-22,"₹476,519.83",INR,V9002,AC004,facilities,Invoice 6633,unreconciled
T002879,2024-11-21,"₹124,461.61",INR,V0033,AC003,software,Invoice 3117,pending
T002880,2024-12-24,"₹391,708.13",INR,V0021,AC005,logistics,Invoice 8127,unreconciled
T002881,2023-01-08,"₹12,504.18",INR,V9003,AC007,software,Invoice 2831,unreconciled
T002882,2023-02-08,"₹348,240.23",INR,V0033,AC003,logistics,Invoice 7393,unreconciled
T002883,2023-03-27,"₹231,273.78",INR,V0029,AC003,software,Invoice 5314,unreconciled
T002884,2023-04-28,"₹292,707.39",INR,V0024,AC001,facilities,Invoice 8405,disputed
T002885,2023-05-12,"₹440,174.76",INR,V0007,AC003,consulting,Invoice 8434,unreconciled
T002886,2023-06-21,"₹158,535.74",INR,V0031,AC010,hardware,Invoice 9804,reconciled
T002887,2023-07-18,"₹163,388.12",INR,V0045,AC011,hardware,Invoice 5363,disputed
T002888,2023-08-14,"₹216,498.35",INR,V0014,AC002,software,Invoice 7169,pending
T002889,2023-09-16,"₹461,123.88",INR,V9002,AC002,facilities,Invoice 4961,disputed
T002890,2023-10-07,"₹33,437.81",INR,V0002,AC004,consulting,Invoice 6195,reconciled
T002891,2023-11-05,"₹227,843.67",INR,V0036,AC002,logistics,Invoice 4813,disputed
T002892,2023-12-05,"₹437,235.70",INR,V0019,AC009,logistics,Invoice 5679,reconciled
T002893,2024-01-20,"₹263,947.04",INR,V0036,AC002,hardware,Invoice 1117,disputed
T002894,2024-02-07,"₹142,613.09",INR,V9005,AC007,facilities,Invoice 7272,unreconciled
T002895,2024-03-01,"₹18,840.55",INR,V0017,AC011,marketing,Invoice 4675,disputed
T002896,2024-04-08,"₹153,183.89",INR,V9005,AC003,logistics,Invoice 3556,reconciled
T002897,2024-05-16,"₹218,573.31",INR,V0027,AC012,marketing,Invoice 7819,unreconciled
T002898,2024-06-30,"₹167,426.90",INR,V0012,AC006,consulting,Invoice 9636,reconciled
T002899,2024-07-11,"₹102,854.54",INR,V0041,AC008,hardware,Invoice 8791,unreconciled
T002900,2024-08-30,"₹81,870.37",INR,V0045,AC008,software,Invoice 1813,disputed
T002901,2024-09-12,"₹109,018.80",INR,V0023,AC001,hardware,Invoice 7495,pending
T002902,2024-10-18,"₹174,362.79",INR,V0033,AC002,consulting,Invoice 8659,unreconciled
T002903,2024-11-28,"₹285,455.51",INR,V0034,AC004,consulting,Invoice 4253,reconciled
T002904,2024-12-25,"₹373,966.69",INR,V0015,AC009,logistics,Invoice 1421,pending
T002905,2023-01-21,"₹147,197.18",INR,V0036,AC011,marketing,Invoice 2045,unreconciled
T002906,2023-02-22,"₹388,292.96",INR,V0024,AC003,facilities,Invoice 4882,pending
T002907,2023-03-29,"₹4,965.66",INR,V0028,AC002,consulting,Invoice 7641,reconciled
T002908,2023-04-05,"₹80,012.54",INR,V0022,AC011,marketing,Invoice 3458,disputed
T002909,2023-05-06,"₹237,081.21",INR,V0027,AC002,facilities,Invoice 1280,reconciled
T002910,2023-06-01,"₹381,666.59",INR,V0031,AC010,consulting,Invoice 3965,reconciled
T002911,2023-07-24,"₹42,511.57",INR,V0001,AC012,hardware,Invoice 3344,unreconciled
T002912,2023-08-12,"₹229,115.48",INR,V0043,AC009,hardware,Invoice 5544,pending
T002913,2023-09-09,"₹278,915.31",INR,V0018,AC007,facilities,Invoice 4913,reconciled
T002914,2023-10-17,"₹45,238.04",INR,V9002,AC002,hardware,Invoice 1777,reconciled
T002915,2023-11-27,"₹485,967.90",INR,V0025,AC006,hardware,Invoice 4862,unreconciled
T002916,2023-12-03,"₹292,650.28",INR,V0002,AC002,facilities,Invoice 7319,unreconciled
T002917,2024-01-22,"₹432,363.41",INR,V0009,AC009,marketing,Invoice 7004,pending
T002918,2024-02-11,"₹276,194.59",INR,V9002,AC010,hardware,Invoice 1801,reconciled
T002919,2024-03-05,"₹4,856.52",INR,V0001,AC004,marketing,Invoice 6798,disputed
T002920,2024-04-04,"₹491,581.95",INR,V0002,AC001,consulting,Invoice 4834,disputed
T002921,2024-05-20,"₹492,852.93",INR,V9003,AC009,marketing,Invoice 8400,unreconciled
T002922,2024-06-19,"₹483,064.17",INR,V9001,AC010,consulting,Invoice 3283,disputed
T002923,2024-07-05,"₹79,771.20",INR,V0032,AC001,consulting,Invoice 2790,unreconciled
T002924,2024-08-13,"₹46,540.69",INR,V0037,AC006,logistics,Invoice 6013,pending
T002925,2024-09-16,"₹375,040.59",INR,V0013,AC008,hardware,Invoice 4138,unreconciled
T002926,2024-10-21,"₹140,072.13",INR,V0011,AC010,logistics,Invoice 1889,pending
T002927,2024-11-05,"₹17,718.71",INR,V0009,AC003,hardware,Invoice 7659,unreconciled
T002928,2024-12-24,"₹484,981.76",INR,V0006,AC002,software,Invoice 4898,unreconciled
T002929,2023-01-31,"₹451,208.66",INR,V0016,AC008,consulting,Invoice 9293,unreconciled
T002930,2023-02-27,"₹421,503.79",INR,V0019,AC001,consulting,Invoice 8285,reconciled
T002931,2023-03-15,"₹432,717.56",INR,V0018,AC007,facilities,Invoice 9292,unreconciled
T002932,2023-04-01,"₹39,979.08",INR,V0016,AC001,facilities,Invoice 2030,pending
T002933,2023-05-13,"₹19,145.57",INR,V0042,AC002,facilities,Invoice 4500,disputed
T002934,2023-06-28,"₹348,081.33",INR,V0037,AC005,logistics,Invoice 2489,unreconciled
T002935,2023-07-08,"₹319,204.11",INR,V0034,AC006,software,Invoice 3159,pending
T002936,2023-08-25,"₹479,603.21",INR,V0011,AC008,consulting,Invoice 9324,pending
T002937,2023-09-25,"₹491,563.65",INR,V0031,AC010,marketing,Invoice 2251,pending
T002938,2023-10-09,"₹272,342.14",INR,V9003,AC002,consulting,Invoice 3493,unreconciled
T002939,2023-11-30,"₹346,028.93",INR,V9003,AC007,software,Invoice 2274,reconciled
T002940,2023-12-02,"₹314,543.35",INR,V9001,AC001,facilities,Invoice 1823,pending
T002941,2024-01-12,"₹347,817.65",INR,V0012,AC006,marketing,Invoice 1433,unreconciled
T002942,2024-02-03,"₹173,058.09",INR,V0007,AC004,marketing,Invoice 3190,pending
T002943,2024-03-07,"₹449,829.40",INR,V9005,AC008,consulting,Invoice 2435,reconciled
T002944,2024-04-01,"₹108,306.95",INR,V0038,AC004,hardware,Invoice 7033,pending
T002945,2024-05-05,"₹57,945.85",INR,V0037,AC003,software,Invoice 9537,disputed
T002946,2024-06-13,"₹276,143.31",INR,V0007,AC005,logistics,Invoice 8290,unreconciled
T002947,2024-07-17,"₹76,964.19",INR,V0039,AC012,consulting,Invoice 7044,pending
T002948,2024-08-21,"₹371,838.17",INR,V0013,AC004,marketing,Invoice 7697,reconciled
T002949,2024-09-22,"₹137,853.04",INR,V0033,AC003,logistics,Invoice 2294,reconciled
T002950,2024-10-07,"₹24,583.85",INR,V0004,AC007,marketing,Invoice 1700,reconciled
T002951,2024-11-09,"₹160,253.46",INR,V0021,AC006,logistics,Invoice 7581,disputed
T002952,2024-12-13,"₹311,133.28",INR,V0014,AC002,consulting,Invoice 5164,disputed
T002953,2023-01-24,"₹15,294.03",INR,V0030,AC001,facilities,Invoice 9288,pending
T002954,2023-02-18,"₹91,180.93",INR,V0028,AC010,hardware,Invoice 2902,reconciled
T002955,2023-03-14,"₹335,000.73",INR,V0043,AC006,hardware,Invoice 6054,disputed
T002956,2023-04-09,"₹149,858.70",INR,V0036,AC012,software,Invoice 5944,pending
T002957,2023-05-24,"₹471,634.37",INR,V0025,AC008,hardware,Invoice 7219,disputed
T002958,2023-06-15,"₹398,011.44",INR,V0011,AC002,logistics,Invoice 9942,pending
T002959,2023-07-23,"₹470,361.23",INR,V0031,AC003,marketing,Invoice 9244,pending
T002960,2023-08-15,"₹44,305.95",INR,V0007,AC002,consulting,Invoice 4959,unreconciled
T002961,2023-09-12,"₹136,615.30",INR,V9004,AC001,consulting,Invoice 5810,unreconciled
T002962,2023-10-14,"₹285,658.64",INR,V0023,AC004,logistics,Invoice 5965,disputed
T002963,2023-11-23,"₹63,025.73",INR,V0044,AC005,software,Invoice 1368,pending
T002964,2023-12-18,"₹165,549.43",INR,V9004,AC011,software,Invoice 2478,reconciled
T002965,2024-01-07,"₹473,906.64",INR,V0014,AC005,software,Invoice 9409,unreconciled
T002966,2024-02-02,"₹38,931.36",INR,V0041,AC004,facilities,Invoice 1467,disputed
T002967,2024-03-16,"₹218,777.99",INR,V0031,AC012,logistics,Invoice 7623,reconciled
T002968,2024-04-16,"₹248,952.73",INR,V0036,AC002,consulting,Invoice 2365,unreconciled
T002969,2024-05-12,"₹171,255.37",INR,V0040,AC009,marketing,Invoice 2213,unreconciled
T002970,2024-06-25,"₹186,175.06",INR,V0020,AC001,marketing,Invoice 1863,unreconciled
T002971,2024-07-26,"₹54,216.20",INR,V0027,AC010,consulting,Invoice 8277,reconciled
T002972,2024-08-15,"₹336,186.98",INR,V9005,AC012,consulting,Invoice 8856,disputed
T002973,2024-09-14,"₹367,858.81",INR,V0009,AC006,hardware,Invoice 1309,pending
T002974,2024-10-24,"₹423,186.92",INR,V0044,AC004,software,Invoice 4646,unreconciled
T002975,2024-11-27,"₹327,750.54",INR,V0045,AC004,facilities,Invoice 3651,pending
T002976,2024-12-25,"₹473,715.14",INR,V0021,AC006,logistics,Invoice 3524,disputed
T002977,2023-01-29,"₹449,767.79",INR,V0045,AC002,hardware,Invoice 1233,unreconciled
T002978,2023-02-19,"₹486,678.00",INR,V0027,AC009,facilities,Invoice 2194,disputed
T002979,2023-03-06,"₹244,897.53",INR,V0015,AC003,hardware,Invoice 1172,pending
T002980,2023-04-03,"₹155,645.74",INR,V0038,AC010,logistics,Invoice 8010,reconciled
T002981,2023-05-06,"₹64,812.47",INR,V0041,AC002,consulting,Invoice 6018,unreconciled
T002982,2023-06-21,"₹114,635.08",INR,V0011,AC006,software,Invoice 7200,pending
T002983,2023-07-09,"₹377,534.36",INR,V0012,AC005,consulting,Invoice 4192,unreconciled
T002984,2023-08-30,"₹230,662.60",INR,V0029,AC006,consulting,Invoice 9587,reconciled
T002985,2023-09-27,"₹199,981.02",INR,V0037,AC010,logistics,Invoice 5057,disputed
T002986,2023-10-29,"₹391,865.63",INR,V0028,AC003,consulting,Invoice 7085,disputed
T002987,2023-11-29,"₹72,538.13",INR,V0040,AC012,software,Invoice 7278,reconciled
T002988,2023-12-11,"₹397,867.06",INR,V0024,AC001,consulting,Invoice 7960,pending
T002989,2024-01-04,"₹480,634.72",INR,V0014,AC002,software,Invoice 4055,pending
T002990,2024-02-14,"₹6,409.83",INR,V0033,AC011,software,Invoice 5783,unreconciled
T002991,2024-03-05,"₹198,438.63",INR,V0009,AC006,consulting,Invoice 5566,pending
T002992,2024-04-26,"₹425,394.61",INR,V0028,AC006,hardware,Invoice 4389,pending
T002993,2024-05-07,"₹357,309.26",INR,V0015,AC001,marketing,Invoice 5300,unreconciled
T002994,2024-06-04,"₹25,136.49",INR,V0024,AC007,software,Invoice 3043,pending
T002995,2024-07-06,"₹1,187.34",INR,V0014,AC012,software,Invoice 2977,pending
T002996,2024-08-16,"₹136,983.33",INR,V0019,AC004,consulting,Invoice 4966,pending
T002997,2024-09-03,"₹276,735.93",INR,V0016,AC004,marketing,Invoice 2543,unreconciled
T002998,2024-10-27,"₹221,528.61",INR,V0036,AC004,marketing,Invoice 2511,unreconciled
T002999,2024-11-13,"₹179,632.09",INR,V0032,AC008,consulting,Invoice 7925,disputed
T003000,2024-12-14,"₹361,288.74",INR,V0030,AC001,facilities,Invoice 7003,reconciled
T003001,2023-01-06,"₹215,970.62",INR,V0015,AC001,facilities,Invoice 1589,disputed
T003002,2023-02-21,"₹364,148.99",INR,V0004,AC008,marketing,Invoice 5030,unreconciled
T003003,2023-03-08,₹784.64,INR,V9004,AC011,hardware,Invoice 9766,unreconciled
T003004,2023-04-30,"₹389,289.71",INR,V0017,AC008,consulting,Invoice 3650,unreconciled
T003005,2023-05-01,"₹163,518.16",INR,V0009,AC009,hardware,Invoice 4548,pending
T003006,2023-06-17,"₹59,520.28",INR,V0008,AC009,hardware,Invoice 6935,unreconciled
T003007,2023-07-14,"₹208,198.43",INR,V0032,AC006,hardware,Invoice 2096,disputed
T003008,2023-08-28,"₹293,643.19",INR,V9003,AC006,marketing,Invoice 9228,pending
T003009,2023-09-02,"₹251,164.67",INR,V0009,AC002,facilities,Invoice 2745,unreconciled
T003010,2023-10-10,"₹340,435.10",INR,V0011,AC010,consulting,Invoice 2502,disputed
T003011,2023-11-20,"₹498,707.87",INR,V0026,AC009,hardware,Invoice 6835,reconciled
T003012,2023-12-11,"₹92,575.38",INR,V0045,AC008,hardware,Invoice 2551,reconciled
T003013,2024-01-01,"₹120,336.68",INR,V0019,AC002,logistics,Invoice 5708,disputed
T003014,2024-02-27,"₹77,484.30",INR,V0013,AC011,facilities,Invoice 7640,reconciled
T003015,2024-03-02,"₹338,019.47",INR,V0039,AC010,software,Invoice 3064,pending
T003016,2024-04-28,"₹355,161.79",INR,V0010,AC001,facilities,Invoice 3802,unreconciled
T003017,2024-05-27,"₹191,216.88",INR,V0033,AC011,consulting,Invoice 3734,unreconciled
T003018,2024-06-05,"₹248,349.44",INR,V0044,AC010,hardware,Invoice 8692,pending
T003019,2024-07-05,"₹184,336.80",INR,V0045,AC011,software,Invoice 5238,unreconciled
T003020,2024-08-07,"₹140,220.17",INR,V0011,AC012,logistics,Invoice 5395,unreconciled
T003021,2024-09-13,"₹74,589.36",INR,V0041,AC001,facilities,Invoice 8555,unreconciled
T003022,2024-10-21,"₹73,090.94",INR,V0003,AC009,consulting,Invoice 4631,unreconciled
T003023,2024-11-20,"₹435,729.29",INR,V0030,AC009,software,Invoice 1110,pending
T003024,2024-12-20,"₹138,954.92",INR,V0030,AC010,consulting,Invoice 1411,unreconciled
T003025,2023-01-11,"₹493,452.42",INR,V0023,AC001,facilities,Invoice 2450,reconciled
T003026,2023-02-03,"₹342,397.85",INR,V0009,AC011,facilities,Invoice 7372,unreconciled
T003027,2023-03-28,"₹155,538.50",INR,V0038,AC012,logistics,Invoice 5048,unreconciled
T003028,2023-04-04,"₹407,340.67",INR,V0031,AC003,consulting,Invoice 6111,unreconciled
T003029,2023-05-03,"₹102,039.71",INR,V0023,AC008,software,Invoice 9647,unreconciled
T003030,2023-06-06,"₹147,246.19",INR,V0030,AC004,marketing,Invoice 3676,unreconciled
T003031,2023-07-30,"₹219,802.25",INR,V0015,AC011,logistics,Invoice 4139,unreconciled
T003032,2023-08-05,"₹246,714.78",INR,V0033,AC003,software,Invoice 8849,pending
T003033,2023-09-19,"₹341,867.73",INR,V0032,AC006,facilities,Invoice 8594,unreconciled
T003034,2023-10-20,"₹74,611.69",INR,V0019,AC001,software,Invoice 1877,disputed
T003035,2023-11-07,"₹17,021.56",INR,V0037,AC006,software,Invoice 1872,unreconciled
T003036,2023-12-29,"₹280,016.35",INR,V0014,AC009,logistics,Invoice 1020,unreconciled
T003037,2024-01-29,"₹428,940.25",INR,V0006,AC005,logistics,Invoice 3534,reconciled
T003038,2024-02-07,"₹381,559.27",INR,V0020,AC012,facilities,Invoice 9545,unreconciled
T003039,2024-03-27,"₹97,539.72",INR,V9006,AC006,logistics,Invoice 8138,reconciled
T003040,2024-04-20,"₹69,682.98",INR,V0008,AC001,logistics,Invoice 7869,reconciled
T003041,2024-05-17,"₹296,249.31",INR,V0026,AC006,marketing,Invoice 9964,disputed
T003042,2024-06-17,"₹46,836.19",INR,V0020,AC005,facilities,Invoice 9070,reconciled
T003043,2024-07-14,"₹463,566.04",INR,V0001,AC005,software,Invoice 1227,reconciled
T003044,2024-08-28,"₹257,983.29",INR,V0022,AC006,marketing,Invoice 9855,reconciled
T003045,2024-09-21,"₹88,312.65",INR,V0019,AC002,logistics,Invoice 2144,reconciled
T003046,2024-10-01,"₹174,730.27",INR,V0010,AC001,marketing,Invoice 5812,reconciled
T003047,2024-11-08,"₹174,548.01",INR,V0027,AC003,software,Invoice 9438,reconciled
T003048,2024-12-11,"₹331,229.77",INR,V0026,AC004,hardware,Invoice 6499,disputed
T003049,2023-01-10,"₹61,352.07",INR,V0035,AC009,consulting,Invoice 7370,pending
T003050,2023-02-11,"₹465,125.17",INR,V0026,AC005,software,Invoice 4077,unreconciled
T003051,2023-03-05,"₹357,433.95",INR,V0033,AC004,consulting,Invoice 1249,disputed
T003052,2023-04-22,"₹321,696.86",INR,V0022,AC006,hardware,Invoice 4099,reconciled
T003053,2023-05-01,"₹250,183.55",INR,V0022,AC004,marketing,Invoice 7815,pending
T003054,2023-06-06,"₹358,326.66",INR,V0017,AC010,marketing,Invoice 6931,pending
T003055,2023-07-24,"₹269,055.80",INR,V0031,AC007,hardware,Invoice 1956,reconciled
T003056,2023-08-11,"₹304,741.11",INR,V0010,AC010,marketing,Invoice 8359,pending
T003057,2023-09-06,"₹153,685.07",INR,V0009,AC005,consulting,Invoice 5576,unreconciled
T003058,2023-10-01,"₹90,501.27",INR,V0020,AC010,marketing,Invoice 4536,unreconciled
T003059,2023-11-04,"₹446,233.35",INR,V0007,AC001,software,Invoice 6741,reconciled
T003060,2023-12-25,"₹45,224.37",INR,V0044,AC004,logistics,Invoice 1839,unreconciled
T003061,2024-01-25,"₹148,379.49",INR,V0002,AC003,logistics,Invoice 1606,disputed
T003062,2024-02-13,"₹5,340.13",INR,V0039,AC005,marketing,Invoice 3779,unreconciled
T003063,2024-03-09,"₹166,609.84",INR,V0029,AC001,hardware,Invoice 7339,unreconciled
T003064,2024-04-09,"₹478,754.99",INR,V9005,AC007,logistics,Invoice 6968,unreconciled
T003065,2024-05-13,"₹362,974.51",INR,V0008,AC001,facilities,Invoice 9336,disputed
T003066,2024-06-04,"₹314,483.50",INR,V0018,AC003,hardware,Invoice 3315,disputed
T003067,2024-07-10,"₹358,289.93",INR,V0028,AC007,marketing,Invoice 8782,unreconciled
T003068,2024-08-16,"₹107,017.75",INR,V0028,AC009,software,Invoice 4730,pending
T003069,2024-09-05,"₹67,130.06",INR,V0011,AC004,consulting,Invoice 7327,unreconciled
T003070,2024-10-18,"₹227,248.46",INR,V9003,AC009,facilities,Invoice 9143,pending
T003071,2024-11-08,"₹367,700.06",INR,V0039,AC002,software,Invoice 5192,disputed
T003072,2024-12-27,"₹162,741.17",INR,V0016,AC005,consulting,Invoice 2685,disputed
T003073,2023-01-23,"₹104,186.15",INR,V9006,AC005,hardware,Invoice 8678,disputed
T003074,2023-02-27,"₹18,410.29",INR,V0013,AC003,software,Invoice 6183,disputed
T003075,2023-03-01,"₹358,255.83",INR,V0023,AC012,marketing,Invoice 8933,unreconciled
T003076,2023-04-25,"₹336,389.30",INR,V0038,AC003,marketing,Invoice 1711,disputed
T003077,2023-05-01,"₹205,673.91",INR,V0022,AC012,marketing,Invoice 9893,reconciled
T003078,2023-06-22,"₹102,560.73",INR,V0031,AC009,hardware,Invoice 7379,unreconciled
T003079,2023-07-10,"₹175,692.37",INR,V0017,AC006,logistics,Invoice 9734,pending
T003080,2023-08-17,"₹206,525.75",INR,V0001,AC005,software,Invoice 3088,unreconciled
T003081,2023-09-18,"₹183,432.77",INR,V0031,AC007,logistics,Invoice 8496,disputed
T003082,2023-10-05,"₹437,464.25",INR,V0024,AC003,consulting,Invoice 5656,unreconciled
T003083,2023-11-30,"₹27,195.35",INR,V9004,AC001,software,Invoice 5123,disputed
T003084,2023-12-18,"₹107,723.21",INR,V0043,AC009,facilities,Invoice 3073,reconciled
T003085,2024-01-10,"₹108,397.12",INR,V0003,AC005,hardware,Invoice 5048,pending
T003086,2024-02-25,"₹302,494.20",INR,V0006,AC004,hardware,Invoice 5473,reconciled
T003087,2024-03-07,"₹74,598.84",INR,V0026,AC009,consulting,Invoice 7106,reconciled
T003088,2024-04-14,"₹381,023.77",INR,V0015,AC007,facilities,Invoice 9704,reconciled
T003089,2024-05-20,"₹23,327.21",INR,V0015,AC012,logistics,Invoice 5102,disputed
T003090,2024-06-10,"₹370,214.58",INR,V0021,AC004,consulting,Invoice 3708,pending
T003091,2024-07-06,"₹465,436.81",INR,V0025,AC010,hardware,Invoice 3680,unreconciled
T003092,2024-08-06,"₹60,671.79",INR,V0027,AC012,marketing,Invoice 9559,unreconciled
T003093,2024-09-13,"₹496,919.68",INR,V9006,AC002,hardware,Invoice 6120,reconciled
T003094,2024-10-28,"₹422,022.78",INR,V0033,AC006,marketing,Invoice 8553,reconciled
T003095,2024-11-03,"₹478,363.35",INR,V0013,AC006,marketing,Invoice 2592,pending
T003096,2024-12-16,"₹383,766.40",INR,V0037,AC003,consulting,Invoice 4344,disputed
T003097,2023-01-29,"₹475,960.48",INR,V0011,AC007,marketing,Invoice 7339,pending
T003098,2023-02-20,"₹14,715.65",INR,V0029,AC002,marketing,Invoice 9636,pending
T003099,2023-03-28,"₹234,733.15",INR,V0026,AC001,software,Invoice 4225,unreconciled
T003100,2023-04-10,"₹17,822.40",INR,V9002,AC001,hardware,Invoice 8090,disputed
T003101,2023-05-03,"₹19,561.60",INR,V0020,AC010,marketing,Invoice 4436,pending
T003102,2023-06-15,"₹463,511.89",INR,V0036,AC001,marketing,Invoice 1422,reconciled
T003103,2023-07-18,"₹373,423.66",INR,V0021,AC007,marketing,Invoice 1420,unreconciled
T003104,2023-08-31,"₹97,480.11",INR,V0004,AC001,software,Invoice 3032,unreconciled
T003105,2023-09-23,"₹158,195.77",INR,V0004,AC010,marketing,Invoice 5661,disputed
T003106,2023-10-22,"₹283,873.52",INR,V0032,AC008,marketing,Invoice 6454,disputed
T003107,2023-11-22,"₹7,768.62",INR,V0017,AC001,logistics,Invoice 8046,unreconciled
T003108,2023-12-10,"₹290,681.18",INR,V0004,AC009,hardware,Invoice 7523,reconciled
T003109,2024-01-03,"₹126,472.33",INR,V0022,AC010,software,Invoice 7575,pending
T003110,2024-02-03,"₹284,768.26",INR,V0040,AC011,facilities,Invoice 7942,unreconciled
T003111,2024-03-19,"₹113,738.71",INR,V0027,AC005,hardware,Invoice 1720,reconciled
T003112,2024-04-09,"₹179,996.36",INR,V0001,AC009,consulting,Invoice 3838,pending
T003113,2024-05-05,"₹429,404.50",INR,V0023,AC007,consulting,Invoice 8799,disputed
T003114,2024-06-09,"₹477,010.55",INR,V9003,AC003,consulting,Invoice 9058,reconciled
T003115,2024-07-25,"₹186,157.32",INR,V9004,AC008,hardware,Invoice 4492,disputed
T003116,2024-08-25,"₹342,337.04",INR,V0040,AC009,hardware,Invoice 1160,disputed
T003117,2024-09-27,"₹243,757.87",INR,V0044,AC009,marketing,Invoice 9912,reconciled
T003118,2024-10-06,"₹328,389.64",INR,V0044,AC003,facilities,Invoice 5905,disputed
T003119,2024-11-05,"₹172,586.23",INR,V0017,AC001,marketing,Invoice 4476,disputed
T003120,2024-12-25,"₹484,777.80",INR,V0041,AC004,facilities,Invoice 1812,reconciled
T003121,2023-01-30,"₹470,002.89",INR,V0001,AC006,marketing,Invoice 9421,reconciled
T003122,2023-02-04,"₹274,388.66",INR,V0007,AC007,software,Invoice 6914,disputed
T003123,2023-03-04,"₹483,132.15",INR,V0044,AC011,software,Invoice 7438,reconciled
T003124,2023-04-24,"₹332,670.39",INR,V0021,AC012,marketing,Invoice 6217,unreconciled
T003125,2023-05-21,"₹397,451.26",INR,V0009,AC008,hardware,Invoice 2248,pending
T003126,2023-06-14,"₹116,642.93",INR,V0041,AC003,software,Invoice 3695,reconciled
T003127,2023-07-09,"₹260,870.58",INR,V0018,AC011,logistics,Invoice 9055,unreconciled
T003128,2023-08-06,"₹12,703.55",INR,V0039,AC012,marketing,Invoice 4106,pending
T003129,2023-09-27,"₹101,792.90",INR,V0043,AC004,consulting,Invoice 4794,unreconciled
T003130,2023-10-17,"₹71,703.70",INR,V0011,AC011,hardware,Invoice 1253,unreconciled
T003131,2023-11-27,"₹257,284.64",INR,V0033,AC012,software,Invoice 8089,reconciled
T003132,2023-12-30,"₹211,640.27",INR,V0010,AC007,logistics,Invoice 9336,reconciled
T003133,2024-01-09,"₹261,526.61",INR,V0040,AC009,logistics,Invoice 5673,reconciled
T003134,2024-02-11,"₹259,047.42",INR,V0037,AC001,software,Invoice 3841,pending
T003135,2024-03-05,"₹280,364.78",INR,V0028,AC004,marketing,Invoice 9262,disputed
T003136,2024-04-09,"₹317,086.49",INR,V0008,AC004,marketing,Invoice 8221,unreconciled
T003137,2024-05-17,"₹65,943.10",INR,V0022,AC012,software,Invoice 1800,unreconciled
T003138,2024-06-09,"₹308,211.11",INR,V9006,AC008,logistics,Invoice 8181,disputed
T003139,2024-07-06,"₹283,221.20",INR,V0043,AC004,logistics,Invoice 1009,pending
T003140,2024-08-27,"₹293,926.25",INR,V0003,AC002,hardware,Invoice 4099,unreconciled
T003141,2024-09-04,"₹173,409.31",INR,V0001,AC010,marketing,Invoice 2478,pending
T003142,2024-10-03,"₹351,294.82",INR,V0034,AC006,consulting,Invoice 8652,unreconciled
T003143,2024-11-18,"₹93,084.90",INR,V9006,AC002,software,Invoice 8043,unreconciled
T003144,2024-12-04,"₹267,838.62",INR,V0035,AC011,consulting,Invoice 1607,unreconciled
T003145,2023-01-08,"₹154,388.05",INR,V0045,AC004,consulting,Invoice 4942,unreconciled
T003146,2023-02-25,"₹127,841.04",INR,V0042,AC012,hardware,Invoice 7916,reconciled
T003147,2023-03-13,"₹492,124.28",INR,V0039,AC001,marketing,Invoice 3464,pending
T003148,2023-04-10,"₹121,983.19",INR,V0011,AC011,facilities,Invoice 8184,unreconciled
T003149,2023-05-25,"₹424,082.36",INR,V0011,AC010,facilities,Invoice 3618,disputed
T003150,2023-06-29,"₹159,045.51",INR,V0026,AC003,software,Invoice 1389,reconciled
T003151,2023-07-07,"₹248,095.52",INR,V0004,AC007,facilities,Invoice 3366,unreconciled
T003152,2023-08-22,"₹224,678.20",INR,V0026,AC006,consulting,Invoice 4706,pending
T003153,2023-09-22,"₹269,699.68",INR,V0038,AC005,facilities,Invoice 8677,unreconciled
T003154,2023-10-18,"₹372,388.06",INR,V0013,AC010,logistics,Invoice 6004,pending
T003155,2023-11-18,"₹438,800.49",INR,V0003,AC009,consulting,Invoice 9340,reconciled
T003156,2023-12-10,"₹299,860.19",INR,V0006,AC006,consulting,Invoice 3800,disputed
T003157,2024-01-08,"₹428,827.99",INR,V9001,AC008,marketing,Invoice 2074,reconciled
T003158,2024-02-14,"₹352,947.06",INR,V0004,AC007,hardware,Invoice 6839,unreconciled
T003159,2024-03-19,"₹376,605.59",INR,V0021,AC012,hardware,Invoice 1723,unreconciled
T003160,2024-04-28,"₹410,678.74",INR,V0037,AC009,marketing,Invoice 2841,pending
T003161,2024-05-05,"₹102,931.25",INR,V0001,AC004,consulting,Invoice 9517,pending
T003162,2024-06-08,"₹93,414.15",INR,V0045,AC011,logistics,Invoice 7225,reconciled
T003163,2024-07-17,"₹105,182.44",INR,V0026,AC008,software,Invoice 8103,unreconciled
T003164,2024-08-04,"₹119,806.52",INR,V0016,AC002,software,Invoice 9481,reconciled
T003165,2024-09-21,"₹360,522.25",INR,V0020,AC009,facilities,Invoice 5148,pending
T003166,2024-10-26,"₹180,629.40",INR,V0011,AC001,software,Invoice 3490,pending
T003167,2024-11-20,"₹291,384.75",INR,V0035,AC003,logistics,Invoice 6692,pending
T003168,2024-12-31,"₹396,147.28",INR,V0022,AC004,software,Invoice 5671,unreconciled
T003169,2023-01-04,"₹463,926.05",INR,V0003,AC008,software,Invoice 7436,disputed
T003170,2023-02-11,"₹360,337.14",INR,V0010,AC010,marketing,Invoice 5374,disputed
T003171,2023-03-26,"₹472,908.90",INR,V9001,AC011,marketing,Invoice 1603,reconciled
T003172,2023-04-01,"₹57,520.49",INR,V0041,AC007,facilities,Invoice 2891,reconciled
T003173,2023-05-15,"₹16,441.45",INR,V0016,AC012,software,Invoice 5793,unreconciled
T003174,2023-06-29,"₹498,600.78",INR,V0011,AC006,software,Invoice 5827,reconciled
T003175,2023-07-24,"₹207,057.87",INR,V0036,AC008,hardware,Invoice 5825,disputed
T003176,2023-08-09,"₹48,211.96",INR,V0021,AC006,logistics,Invoice 6063,disputed
T003177,2023-09-17,"₹313,137.46",INR,V0042,AC006,hardware,Invoice 8429,unreconciled
T003178,2023-10-25,"₹55,831.45",INR,V0031,AC006,hardware,Invoice 8950,unreconciled
T003179,2023-11-18,"₹35,658.08",INR,V0035,AC008,software,Invoice 2541,disputed
T003180,2023-12-06,"₹92,914.78",INR,V0039,AC001,consulting,Invoice 6085,reconciled
T003181,2024-01-31,"₹38,509.64",INR,V9005,AC008,logistics,Invoice 5880,disputed
T003182,2024-02-13,"₹324,804.77",INR,V0026,AC005,consulting,Invoice 8138,disputed
T003183,2024-03-14,"₹100,309.45",INR,V0020,AC004,consulting,Invoice 7789,unreconciled
T003184,2024-04-15,"₹72,974.19",INR,V0004,AC003,facilities,Invoice 3994,reconciled
T003185,2024-05-28,"₹323,658.99",INR,V0027,AC012,facilities,Invoice 2677,reconciled
T003186,2024-06-22,"₹416,184.36",INR,V0045,AC012,software,Invoice 2052,reconciled
T003187,2024-07-19,"₹192,336.51",INR,V0008,AC001,consulting,Invoice 4447,disputed
T003188,2024-08-13,"₹138,334.78",INR,V0027,AC008,consulting,Invoice 5056,pending
T003189,2024-09-15,"₹368,487.16",INR,V0001,AC005,software,Invoice 2303,disputed
T003190,2024-10-01,"₹6,294.10",INR,V0025,AC012,hardware,Invoice 7170,pending
T003191,2024-11-12,"₹438,226.74",INR,V0039,AC011,logistics,Invoice 1050,pending
T003192,2024-12-15,"₹99,979.66",INR,V0044,AC006,logistics,Invoice 5661,disputed
T003193,2023-01-11,"₹307,039.64",INR,V0025,AC005,marketing,Invoice 5118,unreconciled
T003194,2023-02-21,"₹59,883.09",INR,V0044,AC001,facilities,Invoice 3374,disputed
T003195,2023-03-07,"₹381,862.73",INR,V0013,AC009,facilities,Invoice 2358,disputed
T003196,2023-04-19,"₹148,026.32",INR,V9001,AC007,hardware,Invoice 5950,unreconciled
T003197,2023-05-20,"₹415,930.73",INR,V0006,AC004,hardware,Invoice 6577,unreconciled
T003198,2023-06-17,"₹195,551.26",INR,V0029,AC005,consulting,Invoice 4507,disputed
T003199,2023-07-01,"₹301,561.12",INR,V0019,AC002,facilities,Invoice 5732,pending
T003200,2023-08-10,"₹137,846.09",INR,V0026,AC005,logistics,Invoice 6360,unreconciled
T003201,2023-09-05,"₹155,942.50",INR,V0014,AC005,marketing,Invoice 8161,pending
T003202,2023-10-18,"₹4,204.78",INR,V0031,AC008,facilities,Invoice 2962,disputed
T003203,2023-11-04,"₹417,777.79",INR,V0005,AC009,logistics,Invoice 5534,reconciled
T003204,2023-12-02,"₹237,062.17",INR,V9002,AC001,facilities,Invoice 8850,reconciled
T003205,2024-01-22,"₹54,691.51",INR,V0011,AC010,logistics,Invoice 8353,unreconciled
T003206,2024-02-05,"₹218,962.54",INR,V0015,AC007,hardware,Invoice 3301,pending
T003207,2024-03-15,"₹296,148.23",INR,V9001,AC002,marketing,Invoice 4250,unreconciled
T003208,2024-04-26,"₹363,199.05",INR,V0009,AC002,facilities,Invoice 1614,unreconciled
T003209,2024-05-27,"₹89,911.34",INR,V0035,AC004,software,Invoice 5679,pending
T003210,2024-06-04,"₹173,911.47",INR,V0015,AC003,marketing,Invoice 7259,reconciled
T003211,2024-07-11,"₹187,484.14",INR,V9004,AC010,marketing,Invoice 6716,pending
T003212,2024-08-17,"₹476,405.81",INR,V0044,AC010,facilities,Invoice 3937,pending
T003213,2024-09-27,"₹499,614.21",INR,V0004,AC008,consulting,Invoice 8846,reconciled
T003214,2024-10-04,"₹225,944.66",INR,V0020,AC011,marketing,Invoice 7918,reconciled
T003215,2024-11-02,"₹22,826.28",INR,V0007,AC007,software,Invoice 4290,pending
T003216,2024-12-28,"₹305,284.45",INR,V0032,AC012,software,Invoice 8578,reconciled
T003217,2023-01-29,"₹132,737.01",INR,V0027,AC004,software,Invoice 5819,disputed
T003218,2023-02-01,"₹57,358.20",INR,V0015,AC003,hardware,Invoice 2111,unreconciled
T003219,2023-03-05,"₹281,159.70",INR,V0044,AC006,hardware,Invoice 1513,pending
T003220,2023-04-19,"₹26,701.37",INR,V0034,AC009,hardware,Invoice 4585,unreconciled
T003221,2023-05-24,"₹470,018.33",INR,V0018,AC010,marketing,Invoice 5771,pending
T003222,2023-06-15,"₹407,054.55",INR,V9006,AC010,marketing,Invoice 9249,pending
T003223,2023-07-11,"₹73,101.01",INR,V0016,AC010,consulting,Invoice 7167,unreconciled
T003224,2023-08-10,"₹239,960.37",INR,V9006,AC003,consulting,Invoice 8192,pending
T003225,2023-09-30,"₹208,652.68",INR,V0031,AC002,facilities,Invoice 3221,unreconciled
T003226,2023-10-01,"₹466,865.58",INR,V0013,AC004,software,Invoice 4321,reconciled
T003227,2023-11-07,"₹75,593.52",INR,V0023,AC004,software,Invoice 4377,reconciled
T003228,2023-12-11,"₹369,590.85",INR,V0010,AC012,hardware,Invoice 8956,reconciled
T003229,2024-01-17,"₹51,307.55",INR,V0034,AC002,consulting,Invoice 4893,unreconciled
T003230,2024-02-16,"₹331,099.54",INR,V0031,AC010,consulting,Invoice 8807,reconciled
T003231,2024-03-30,"₹362,832.64",INR,V0041,AC003,software,Invoice 4599,unreconciled
T003232,2024-04-27,"₹485,333.88",INR,V0040,AC008,software,Invoice 5474,unreconciled
T003233,2024-05-31,"₹317,182.50",INR,V0040,AC001,hardware,Invoice 3815,pending
T003234,2024-06-20,"₹451,805.93",INR,V0026,AC005,marketing,Invoice 3272,unreconciled
T003235,2024-07-28,"₹465,548.41",INR,V9002,AC011,consulting,Invoice 4168,pending
T003236,2024-08-18,"₹292,850.19",INR,V0044,AC002,facilities,Invoice 5445,unreconciled
T003237,2024-09-21,"₹106,957.90",INR,V0018,AC006,marketing,Invoice 6738,pending
T003238,2024-10-09,"₹74,967.16",INR,V0036,AC007,facilities,Invoice 4837,unreconciled
T003239,2024-11-20,"₹270,426.68",INR,V0019,AC011,software,Invoice 8097,pending
T003240,2024-12-18,"₹200,575.40",INR,V0019,AC002,facilities,Invoice 6893,disputed
T003241,2023-01-22,"₹130,573.11",INR,V0005,AC004,facilities,Invoice 4613,pending
T003242,2023-02-19,"₹428,522.71",INR,V0020,AC008,software,Invoice 6045,unreconciled
T003243,2023-03-26,"₹400,339.22",INR,V9006,AC004,software,Invoice 5360,unreconciled
T003244,2023-04-07,"₹17,967.45",INR,V9005,AC005,consulting,Invoice 8762,reconciled
T003245,2023-05-17,"₹422,132.54",INR,V0001,AC007,logistics,Invoice 6992,reconciled
T003246,2023-06-02,"₹98,107.31",INR,V0042,AC011,logistics,Invoice 5088,disputed
T003247,2023-07-28,"₹187,946.25",INR,V0011,AC010,consulting,Invoice 5806,pending
T003248,2023-08-06,"₹212,419.76",INR,V0029,AC005,consulting,Invoice 2789,pending
T003249,2023-09-29,"₹251,498.58",INR,V0030,AC003,logistics,Invoice 4600,reconciled
T003250,2023-10-23,"₹32,789.03",INR,V0021,AC008,marketing,Invoice 5218,pending
T003251,2023-11-04,"₹88,428.14",INR,V0044,AC010,facilities,Invoice 7093,unreconciled
T003252,2023-12-07,"₹133,712.25",INR,V0002,AC008,software,Invoice 8893,reconciled
T003253,2024-01-15,"₹256,538.18",INR,V0032,AC006,marketing,Invoice 4718,pending
T003254,2024-02-11,"₹172,664.48",INR,V0022,AC004,software,Invoice 6877,reconciled
T003255,2024-03-01,"₹272,717.67",INR,V9003,AC005,marketing,Invoice 5518,unreconciled
T003256,2024-04-22,"₹8,131.08",INR,V0036,AC001,logistics,Invoice 5855,disputed
T003257,2024-05-17,"₹169,501.25",INR,V0030,AC003,logistics,Invoice 1094,reconciled
T003258,2024-06-19,"₹479,934.99",INR,V0031,AC011,logistics,Invoice 1430,disputed
T003259,2024-07-27,"₹65,964.04",INR,V0039,AC009,software,Invoice 6021,unreconciled
T003260,2024-08-07,"₹294,103.86",INR,V0003,AC007,facilities,Invoice 2852,pending
T003261,2024-09-26,"₹469,384.11",INR,V0022,AC009,hardware,Invoice 4627,pending
T003262,2024-10-29,"₹359,816.39",INR,V0016,AC010,hardware,Invoice 9281,unreconciled
T003263,2024-11-27,"₹350,949.47",INR,V0037,AC003,hardware,Invoice 7662,unreconciled
T003264,2024-12-21,"₹355,788.23",INR,V0045,AC002,facilities,Invoice 2816,disputed
T003265,2023-01-13,"₹465,541.60",INR,V0022,AC011,consulting,Invoice 3285,reconciled
T003266,2023-02-04,"₹19,888.61",INR,V0030,AC002,marketing,Invoice 4165,unreconciled
T003267,2023-03-02,"₹360,345.45",INR,V9005,AC012,marketing,Invoice 7627,reconciled
T003268,2023-04-30,"₹125,893.19",INR,V0028,AC006,hardware,Invoice 9448,pending
T003269,2023-05-01,"₹90,835.79",INR,V0003,AC006,hardware,Invoice 2048,pending
T003270,2023-06-18,"₹317,029.54",INR,V0038,AC012,hardware,Invoice 5325,pending
T003271,2023-07-23,"₹334,984.46",INR,V0012,AC009,facilities,Invoice 8407,reconciled
T003272,2023-08-30,"₹491,812.06",INR,V9002,AC007,facilities,Invoice 4840,unreconciled
T003273,2023-09-25,"₹474,939.66",INR,V0028,AC008,marketing,Invoice 8111,pending
T003274,2023-10-02,"₹183,654.95",INR,V0038,AC008,logistics,Invoice 5376,unreconciled
T003275,2023-11-02,"₹43,020.22",INR,V0040,AC001,logistics,Invoice 9387,reconciled
T003276,2023-12-31,"₹77,057.00",INR,V0027,AC006,consulting,Invoice 7908,pending
T003277,2024-01-26,"₹88,921.68",INR,V0030,AC005,logistics,Invoice 9497,unreconciled
T003278,2024-02-28,"₹97,308.99",INR,V0032,AC010,marketing,Invoice 8248,pending
T003279,2024-03-16,"₹86,039.17",INR,V0005,AC001,consulting,Invoice 8849,unreconciled
T003280,2024-04-08,"₹45,587.71",INR,V9005,AC012,hardware,Invoice 8833,pending
T003281,2024-05-29,"₹34,061.14",INR,V0009,AC010,marketing,Invoice 8413,disputed
T003282,2024-06-08,"₹329,660.70",INR,V9002,AC007,software,Invoice 8699,reconciled
T003283,2024-07-25,"₹74,493.44",INR,V0028,AC012,marketing,Invoice 4547,unreconciled
T003284,2024-08-25,"₹321,878.56",INR,V0039,AC005,software,Invoice 9230,unreconciled
T003285,2024-09-15,"₹183,020.31",INR,V9003,AC004,marketing,Invoice 2431,disputed
T003286,2024-10-15,"₹481,252.79",INR,V9002,AC012,facilities,Invoice 3443,disputed
T003287,2024-11-19,"₹431,861.63",INR,V0017,AC006,facilities,Invoice 5207,reconciled
T003288,2024-12-18,"₹441,321.24",INR,V0043,AC009,software,Invoice 7370,unreconciled
T003289,2023-01-26,"₹138,469.36",INR,V0034,AC001,facilities,Invoice 5466,reconciled
T003290,2023-02-15,"₹66,088.56",INR,V0025,AC003,facilities,Invoice 4956,reconciled
T003291,2023-03-16,"₹227,354.04",INR,V0043,AC011,hardware,Invoice 1412,unreconciled
T003292,2023-04-16,"₹400,187.33",INR,V0039,AC003,consulting,Invoice 6446,pending
T003293,2023-05-10,"₹306,861.91",INR,V0016,AC004,logistics,Invoice 8914,unreconciled
T003294,2023-06-23,"₹91,743.67",INR,V0015,AC001,consulting,Invoice 5439,reconciled
T003295,2023-07-21,"₹228,254.49",INR,V0045,AC011,logistics,Invoice 5615,reconciled
T003296,2023-08-10,"₹178,513.47",INR,V0005,AC009,software,Invoice 5849,unreconciled
T003297,2023-09-26,"₹387,199.81",INR,V0001,AC005,logistics,Invoice 6923,reconciled
T003298,2023-10-03,"₹197,354.28",INR,V0026,AC012,software,Invoice 7347,pending
T003299,2023-11-13,"₹50,650.36",INR,V0013,AC004,hardware,Invoice 9020,unreconciled
T003300,2023-12-07,"₹453,710.74",INR,V0011,AC006,facilities,Invoice 9183,pending
T003301,2024-01-05,"₹135,469.98",INR,V0006,AC006,logistics,Invoice 3558,reconciled
T003302,2024-02-26,"₹318,809.23",INR,V0016,AC009,hardware,Invoice 8904,reconciled
T003303,2024-03-04,"₹461,386.92",INR,V9004,AC010,consulting,Invoice 2174,reconciled
T003304,2024-04-18,"₹172,363.92",INR,V9005,AC005,facilities,Invoice 7231,unreconciled
T003305,2024-05-07,"₹27,690.89",INR,V0034,AC004,hardware,Invoice 6120,reconciled
T003306,2024-06-13,"₹237,928.22",INR,V0022,AC002,software,Invoice 4942,unreconciled
T003307,2024-07-13,"₹3,712.24",INR,V0017,AC012,consulting,Invoice 4679,reconciled
T003308,2024-08-15,"₹228,710.26",INR,V0034,AC008,software,Invoice 8221,reconciled
T003309,2024-09-05,"₹461,296.70",INR,V0031,AC002,marketing,Invoice 7548,pending
T003310,2024-10-18,"₹17,802.62",INR,V9002,AC009,software,Invoice 9748,disputed
T003311,2024-11-19,"₹292,981.44",INR,V0006,AC010,hardware,Invoice 2094,unreconciled
T003312,2024-12-28,"₹130,294.95",INR,V0008,AC010,marketing,Invoice 3297,disputed
T003313,2023-01-17,"₹38,715.77",INR,V0037,AC005,marketing,Invoice 8561,unreconciled
T003314,2023-02-11,"₹81,103.58",INR,V0010,AC011,hardware,Invoice 5886,unreconciled
T003315,2023-03-29,"₹193,970.98",INR,V0041,AC012,consulting,Invoice 6372,unreconciled
T003316,2023-04-27,"₹172,489.17",INR,V0041,AC005,facilities,Invoice 1980,disputed
T003317,2023-05-21,"₹107,583.70",INR,V0034,AC007,hardware,Invoice 1765,unreconciled
T003318,2023-06-28,"₹498,439.41",INR,V9001,AC011,logistics,Invoice 6243,disputed
T003319,2023-07-30,"₹112,100.50",INR,V0039,AC003,consulting,Invoice 3797,unreconciled
T003320,2023-08-14,"₹399,666.83",INR,V0009,AC002,logistics,Invoice 9523,pending
T003321,2023-09-18,"₹51,378.21",INR,V0043,AC011,marketing,Invoice 4840,unreconciled
T003322,2023-10-29,"₹276,285.14",INR,V9004,AC002,logistics,Invoice 5596,reconciled
T003323,2023-11-03,"₹460,810.38",INR,V0023,AC008,facilities,Invoice 7593,disputed
T003324,2023-12-29,"₹132,540.22",INR,V9004,AC003,marketing,Invoice 2245,reconciled
T003325,2024-01-23,"₹444,356.69",INR,V0009,AC012,hardware,Invoice 6749,reconciled
T003326,2024-02-12,"₹414,684.07",INR,V0006,AC004,marketing,Invoice 3918,pending
T003327,2024-03-29,"₹62,804.34",INR,V9005,AC012,consulting,Invoice 7140,reconciled
T003328,2024-04-06,"₹368,469.76",INR,V0041,AC007,logistics,Invoice 5829,pending
T003329,2024-05-24,"₹247,478.15",INR,V0008,AC002,consulting,Invoice 8220,unreconciled
T003330,2024-06-10,"₹408,913.01",INR,V0041,AC001,marketing,Invoice 3518,unreconciled
T003331,2024-07-13,"₹51,734.94",INR,V0030,AC004,hardware,Invoice 1843,reconciled
T003332,2024-08-25,"₹266,629.58",INR,V0007,AC012,logistics,Invoice 8764,reconciled
T003333,2024-09-19,"₹50,041.11",INR,V0018,AC006,logistics,Invoice 1699,unreconciled
T003334,2024-10-04,"₹165,104.74",INR,V0035,AC007,logistics,Invoice 8716,unreconciled
T003335,2024-11-12,"₹483,991.40",INR,V0025,AC009,marketing,Invoice 5658,disputed
T003336,2024-12-03,"₹192,135.98",INR,V0035,AC007,software,Invoice 6851,disputed
T003337,2023-01-20,"₹171,037.65",INR,V0023,AC009,software,Invoice 5231,unreconciled
T003338,2023-02-05,"₹221,052.54",INR,V0007,AC010,marketing,Invoice 3466,unreconciled
T003339,2023-03-29,"₹410,008.86",INR,V0035,AC003,facilities,Invoice 2102,unreconciled
T003340,2023-04-30,"₹363,082.21",INR,V0021,AC009,facilities,Invoice 4482,reconciled
T003341,2023-05-25,"₹469,433.43",INR,V0045,AC003,consulting,Invoice 1918,disputed
T003342,2023-06-11,"₹44,655.03",INR,V0042,AC003,consulting,Invoice 7846,pending
T003343,2023-07-27,"₹473,051.82",INR,V0030,AC007,facilities,Invoice 5965,reconciled
T003344,2023-08-30,"₹348,146.23",INR,V9005,AC006,consulting,Invoice 8340,reconciled
T003345,2023-09-19,"₹307,905.06",INR,V0031,AC008,facilities,Invoice 8668,pending
T003346,2023-10-25,"₹7,636.32",INR,V0008,AC004,hardware,Invoice 4085,unreconciled
T003347,2023-11-20,"₹66,240.18",INR,V0044,AC011,logistics,Invoice 4706,unreconciled
T003348,2023-12-29,"₹497,342.12",INR,V0023,AC010,marketing,Invoice 8603,disputed
T003349,2024-01-19,"₹48,990.32",INR,V0025,AC007,logistics,Invoice 7965,disputed
T003350,2024-02-25,"₹125,558.77",INR,V9005,AC007,software,Invoice 6318,disputed
T003351,2024-03-14,"₹219,889.15",INR,V0005,AC007,software,Invoice 5725,unreconciled
T003352,2024-04-27,"₹292,594.34",INR,V0016,AC001,consulting,Invoice 3718,unreconciled
T003353,2024-05-19,"₹80,957.45",INR,V0012,AC007,consulting,Invoice 1878,pending
T003354,2024-06-09,"₹95,531.68",INR,V0032,AC010,software,Invoice 9434,disputed
T003355,2024-07-30,"₹472,081.22",INR,V0037,AC004,software,Invoice 4465,disputed
T003356,2024-08-19,"₹410,347.00",INR,V0037,AC006,consulting,Invoice 6094,unreconciled
T003357,2024-09-22,"₹139,760.66",INR,V0027,AC002,marketing,Invoice 1821,pending
T003358,2024-10-30,"₹187,654.24",INR,V0010,AC004,software,Invoice 8862,disputed
T003359,2024-11-06,"₹296,083.64",INR,V0028,AC009,software,Invoice 5342,unreconciled
T003360,2024-12-03,"₹33,331.28",INR,V9005,AC012,logistics,Invoice 2465,unreconciled
T003361,2023-01-31,"₹186,817.55",INR,V0034,AC012,software,Invoice 8802,disputed
T003362,2023-02-06,"₹224,292.50",INR,V0021,AC001,marketing,Invoice 4598,disputed
T003363,2023-03-27,"₹315,750.42",INR,V0016,AC006,hardware,Invoice 2300,unreconciled
T003364,2023-04-28,"₹376,056.42",INR,V0031,AC003,software,Invoice 4278,unreconciled
T003365,2023-05-10,"₹82,777.43",INR,V0040,AC005,hardware,Invoice 6987,disputed
T003366,2023-06-25,"₹282,672.13",INR,V0028,AC003,software,Invoice 2194,unreconciled
T003367,2023-07-07,"₹488,180.40",INR,V0016,AC007,software,Invoice 6065,unreconciled
T003368,2023-08-22,"₹395,490.49",INR,V0034,AC006,marketing,Invoice 9746,disputed
T003369,2023-09-19,"₹191,939.40",INR,V0006,AC012,facilities,Invoice 6215,unreconciled
T003370,2023-10-01,"₹205,394.39",INR,V0006,AC001,software,Invoice 5626,unreconciled
T003371,2023-11-28,"₹357,434.42",INR,V0024,AC005,software,Invoice 7905,reconciled
T003372,2023-12-30,"₹55,757.05",INR,V0034,AC003,marketing,Invoice 3198,reconciled
T003373,2024-01-11,"₹138,538.02",INR,V0036,AC003,logistics,Invoice 7877,disputed
T003374,2024-02-26,"₹95,045.51",INR,V0008,AC009,marketing,Invoice 1362,disputed
T003375,2024-03-27,"₹187,704.71",INR,V0028,AC002,marketing,Invoice 2126,disputed
T003376,2024-04-07,"₹172,080.85",INR,V0019,AC008,facilities,Invoice 4848,unreconciled
T003377,2024-05-11,"₹445,702.04",INR,V0008,AC011,marketing,Invoice 1051,pending
T003378,2024-06-18,"₹387,197.66",INR,V0025,AC008,software,Invoice 2624,unreconciled
T003379,2024-07-08,"₹99,632.47",INR,V0027,AC012,marketing,Invoice 1908,unreconciled
T003380,2024-08-29,"₹365,109.67",INR,V0035,AC003,hardware,Invoice 6910,unreconciled
T003381,2024-09-11,"₹459,771.05",INR,V0022,AC001,consulting,Invoice 9384,disputed
T003382,2024-10-07,"₹347,184.18",INR,V0029,AC004,software,Invoice 2672,disputed
T003383,2024-11-01,"₹414,070.43",INR,V0014,AC008,logistics,Invoice 8055,pending
T003384,2024-12-26,"₹192,341.25",INR,V0036,AC009,marketing,Invoice 9115,disputed
T003385,2023-01-09,"₹435,776.13",INR,V0017,AC007,hardware,Invoice 3735,reconciled
T003386,2023-02-20,"₹209,008.79",INR,V0019,AC001,hardware,Invoice 6910,pending
T003387,2023-03-07,"₹463,746.62",INR,V0025,AC003,software,Invoice 8486,unreconciled
T003388,2023-04-26,"₹216,126.52",INR,V0031,AC002,consulting,Invoice 7540,pending
T003389,2023-05-07,"₹315,097.93",INR,V0038,AC011,consulting,Invoice 8315,pending
T003390,2023-06-19,"₹459,823.62",INR,V0012,AC007,facilities,Invoice 6930,pending
T003391,2023-07-10,"₹336,081.85",INR,V0030,AC011,hardware,Invoice 4596,pending
T003392,2023-08-16,"₹374,434.26",INR,V0009,AC006,consulting,Invoice 2305,unreconciled
T003393,2023-09-16,"₹392,344.77",INR,V0016,AC005,hardware,Invoice 4120,disputed
T003394,2023-10-08,"₹451,524.49",INR,V0009,AC008,hardware,Invoice 7683,pending
T003395,2023-11-21,"₹452,550.92",INR,V0015,AC005,consulting,Invoice 4678,reconciled
T003396,2023-12-06,"₹195,145.62",INR,V0017,AC002,software,Invoice 3189,reconciled
T003397,2024-01-31,"₹208,461.48",INR,V0039,AC007,logistics,Invoice 6029,reconciled
T003398,2024-02-20,"₹289,144.26",INR,V0041,AC005,consulting,Invoice 1354,disputed
T003399,2024-03-01,"₹94,600.46",INR,V0030,AC008,hardware,Invoice 8456,reconciled
T003400,2024-04-07,"₹273,922.91",INR,V0026,AC010,marketing,Invoice 4615,disputed
T003401,2024-05-05,"₹427,695.65",INR,V0021,AC005,consulting,Invoice 2118,reconciled
T003402,2024-06-27,"₹60,670.43",INR,V0016,AC010,facilities,Invoice 2616,pending
T003403,2024-07-01,"₹325,366.93",INR,V0011,AC010,logistics,Invoice 2637,unreconciled
T003404,2024-08-18,"₹302,857.79",INR,V0023,AC009,marketing,Invoice 5119,pending
T003405,2024-09-20,"₹282,011.63",INR,V0016,AC004,consulting,Invoice 5615,reconciled
T003406,2024-10-22,"₹150,521.79",INR,V0018,AC001,marketing,Invoice 1199,disputed
T003407,2024-11-12,"₹409,825.77",INR,V0030,AC002,hardware,Invoice 7244,disputed
T003408,2024-12-31,"₹316,146.58",INR,V0042,AC009,hardware,Invoice 8769,reconciled
T003409,2023-01-09,"₹336,315.58",INR,V0043,AC009,facilities,Invoice 8638,reconciled
T003410,2023-02-19,"₹346,463.00",INR,V9006,AC005,consulting,Invoice 5889,pending
T003411,2023-03-17,"₹174,728.93",INR,V0009,AC001,hardware,Invoice 8635,unreconciled
T003412,2023-04-29,"₹420,638.04",INR,V0036,AC001,marketing,Invoice 9512,reconciled
T003413,2023-05-07,"₹258,484.91",INR,V0012,AC012,hardware,Invoice 3115,disputed
T003414,2023-06-19,"₹46,409.88",INR,V0010,AC001,facilities,Invoice 8923,unreconciled
T003415,2023-07-31,"₹220,488.08",INR,V0006,AC012,logistics,Invoice 7774,pending
T003416,2023-08-21,"₹355,568.73",INR,V0034,AC009,logistics,Invoice 4148,pending
T003417,2023-09-07,"₹455,556.81",INR,V9001,AC011,consulting,Invoice 9616,reconciled
T003418,2023-10-16,"₹126,074.49",INR,V0012,AC001,software,Invoice 8388,pending
T003419,2023-11-19,"₹125,399.63",INR,V0004,AC007,logistics,Invoice 9644,pending
T003420,2023-12-26,"₹88,710.05",INR,V9003,AC002,consulting,Invoice 3695,disputed
T003421,2024-01-01,"₹351,118.02",INR,V0030,AC010,consulting,Invoice 8378,unreconciled
T003422,2024-02-04,"₹330,105.67",INR,V0008,AC012,facilities,Invoice 8989,unreconciled
T003423,2024-03-02,"₹402,624.27",INR,V0012,AC008,software,Invoice 3106,pending
T003424,2024-04-28,"₹106,060.10",INR,V0007,AC007,marketing,Invoice 4803,disputed
T003425,2024-05-09,"₹258,043.46",INR,V0031,AC004,facilities,Invoice 4979,unreconciled
T003426,2024-06-17,"₹87,470.64",INR,V0039,AC008,consulting,Invoice 1008,disputed
T003427,2024-07-25,"₹483,642.26",INR,V0007,AC011,marketing,Invoice 5665,reconciled
T003428,2024-08-04,"₹112,027.28",INR,V0034,AC009,logistics,Invoice 3040,pending
T003429,2024-09-30,"₹325,748.68",INR,V0035,AC003,logistics,Invoice 8886,pending
T003430,2024-10-02,"₹70,381.52",INR,V0035,AC011,logistics,Invoice 9777,disputed
T003431,2024-11-11,"₹100,873.55",INR,V0013,AC003,logistics,Invoice 4777,pending
T003432,2024-12-07,"₹443,231.08",INR,V0035,AC005,software,Invoice 8331,unreconciled
T003433,2023-01-11,"₹222,311.33",INR,V0040,AC006,logistics,Invoice 2132,unreconciled
T003434,2023-02-06,"₹104,424.12",INR,V0032,AC005,hardware,Invoice 2996,reconciled
T003435,2023-03-07,"₹466,198.41",INR,V0035,AC010,software,Invoice 9188,disputed
T003436,2023-04-28,"₹122,131.65",INR,V0012,AC007,logistics,Invoice 1402,disputed
T003437,2023-05-30,"₹62,053.72",INR,V0005,AC001,software,Invoice 7463,reconciled
T003438,2023-06-01,"₹105,425.17",INR,V0023,AC010,marketing,Invoice 3334,pending
T003439,2023-07-17,"₹191,075.54",INR,V9004,AC007,logistics,Invoice 6234,reconciled
T003440,2023-08-12,"₹344,903.48",INR,V0021,AC007,hardware,Invoice 5859,unreconciled
T003441,2023-09-10,"₹333,738.03",INR,V0041,AC010,marketing,Invoice 2440,unreconciled
T003442,2023-10-03,"₹227,191.26",INR,V0006,AC003,logistics,Invoice 5169,reconciled
T003443,2023-11-20,"₹199,398.32",INR,V0009,AC012,consulting,Invoice 6557,reconciled
T003444,2023-12-14,"₹416,105.92",INR,V0040,AC001,consulting,Invoice 6991,disputed
T003445,2024-01-09,"₹455,804.70",INR,V0036,AC008,marketing,Invoice 7694,pending
T003446,2024-02-21,"₹268,283.64",INR,V0037,AC011,software,Invoice 2157,unreconciled
T003447,2024-03-11,"₹471,383.39",INR,V0001,AC001,hardware,Invoice 6889,reconciled
T003448,2024-04-30,"₹178,126.64",INR,V9002,AC004,hardware,Invoice 4919,unreconciled
T003449,2024-05-09,"₹191,467.93",INR,V0034,AC001,consulting,Invoice 9331,reconciled
T003450,2024-06-22,"₹426,228.23",INR,V0010,AC005,consulting,Invoice 9735,pending
T003451,2024-07-20,"₹185,679.86",INR,V0005,AC010,consulting,Invoice 9190,disputed
T003452,2024-08-18,"₹387,922.65",INR,V0015,AC009,hardware,Invoice 4478,unreconciled
T003453,2024-09-18,"₹398,605.03",INR,V0031,AC006,hardware,Invoice 4002,pending
T003454,2024-10-08,"₹364,936.08",INR,V0012,AC010,consulting,Invoice 8934,pending
T003455,2024-11-02,"₹99,255.41",INR,V0044,AC007,consulting,Invoice 2726,pending
T003456,2024-12-03,"₹178,840.61",INR,V0006,AC001,marketing,Invoice 6251,unreconciled
T003457,2023-01-11,"₹295,773.84",INR,V0002,AC003,marketing,Invoice 4171,unreconciled
T003458,2023-02-24,"₹141,223.92",INR,V0001,AC001,consulting,Invoice 4211,pending
T003459,2023-03-23,"₹21,257.59",INR,V0035,AC007,facilities,Invoice 2856,unreconciled
T003460,2023-04-29,"₹452,052.68",INR,V0042,AC006,hardware,Invoice 9499,disputed
T003461,2023-05-29,"₹54,856.91",INR,V0015,AC003,facilities,Invoice 4439,disputed
T003462,2023-06-29,"₹450,777.05",INR,V0028,AC006,facilities,Invoice 4396,reconciled
T003463,2023-07-23,"₹65,637.66",INR,V0010,AC004,software,Invoice 9643,pending
T003464,2023-08-20,"₹305,696.54",INR,V9003,AC003,logistics,Invoice 9368,reconciled
T003465,2023-09-20,"₹15,463.58",INR,V0038,AC005,consulting,Invoice 6056,disputed
T003466,2023-10-10,"₹285,211.01",INR,V0028,AC006,logistics,Invoice 5956,disputed
T003467,2023-11-01,"₹493,406.64",INR,V0008,AC005,software,Invoice 8191,unreconciled
T003468,2023-12-20,"₹132,952.76",INR,V0027,AC003,marketing,Invoice 7240,pending
T003469,2024-01-30,"₹79,325.32",INR,V0034,AC011,logistics,Invoice 5734,pending
T003470,2024-02-28,"₹337,058.35",INR,V0011,AC011,logistics,Invoice 9337,unreconciled
T003471,2024-03-18,"₹193,102.60",INR,V0005,AC008,software,Invoice 9454,disputed
T003472,2024-04-14,"₹309,229.35",INR,V0011,AC001,facilities,Invoice 1757,reconciled
T003473,2024-05-30,"₹128,682.33",INR,V0037,AC003,facilities,Invoice 9655,reconciled
T003474,2024-06-12,"₹42,605.87",INR,V0015,AC002,marketing,Invoice 6148,unreconciled
T003475,2024-07-17,"₹296,202.21",INR,V0031,AC004,software,Invoice 8163,pending
T003476,2024-08-20,"₹106,126.44",INR,V0021,AC004,consulting,Invoice 1353,pending
T003477,2024-09-21,"₹251,693.12",INR,V0005,AC001,marketing,Invoice 7274,unreconciled
T003478,2024-10-03,"₹299,726.27",INR,V0023,AC004,consulting,Invoice 1664,reconciled
T003479,2024-11-07,"₹381,930.63",INR,V0020,AC005,hardware,Invoice 7488,disputed
T003480,2024-12-09,"₹63,160.12",INR,V9004,AC006,software,Invoice 8102,disputed
T003481,2023-01-29,"₹123,497.14",INR,V0018,AC005,consulting,Invoice 6380,unreconciled
T003482,2023-02-01,"₹95,831.20",INR,V0005,AC006,consulting,Invoice 8820,disputed
T003483,2023-03-21,"₹283,651.59",INR,V0023,AC009,hardware,Invoice 2499,disputed
T003484,2023-04-24,"₹379,508.32",INR,V0005,AC002,facilities,Invoice 8519,unreconciled
T003485,2023-05-06,"₹115,608.14",INR,V0032,AC008,hardware,Invoice 1833,disputed
T003486,2023-06-02,"₹427,883.92",INR,V0019,AC001,marketing,Invoice 4795,disputed
T003487,2023-07-20,"₹301,882.09",INR,V0018,AC010,consulting,Invoice 5820,unreconciled
T003488,2023-08-27,"₹335,461.67",INR,V0032,AC001,hardware,Invoice 2401,unreconciled
T003489,2023-09-20,"₹329,342.27",INR,V0040,AC009,hardware,Invoice 6481,disputed
T003490,2023-10-31,"₹258,120.35",INR,V9002,AC010,hardware,Invoice 5109,unreconciled
T003491,2023-11-15,"₹473,525.28",INR,V0021,AC012,facilities,Invoice 6327,reconciled
T003492,2023-12-05,"₹178,253.62",INR,V0003,AC001,hardware,Invoice 6967,unreconciled
T003493,2024-01-01,"₹19,977.48",INR,V0005,AC004,consulting,Invoice 3644,unreconciled
T003494,2024-02-11,"₹153,472.89",INR,V0009,AC011,hardware,Invoice 1964,unreconciled
T003495,2024-03-15,"₹212,123.41",INR,V0019,AC004,software,Invoice 7254,unreconciled
T003496,2024-04-17,"₹278,774.96",INR,V0009,AC006,logistics,Invoice 2656,unreconciled
T003497,2024-05-27,"₹367,348.21",INR,V0043,AC003,hardware,Invoice 2968,disputed
T003498,2024-06-17,"₹253,735.23",INR,V0022,AC006,marketing,Invoice 8911,unreconciled
T003499,2024-07-28,"₹48,599.82",INR,V9005,AC002,facilities,Invoice 4581,pending
T003500,2024-08-02,"₹150,770.48",INR,V0045,AC009,consulting,Invoice 5946,disputed
T003501,2024-09-01,"₹95,202.68",INR,V9003,AC007,logistics,Invoice 3801,pending
T003502,2024-10-07,"₹258,988.97",INR,V0024,AC004,marketing,Invoice 3826,disputed
T003503,2024-11-23,"₹463,825.65",INR,V0003,AC009,marketing,Invoice 3867,pending
T003504,2024-12-03,"₹440,460.88",INR,V0013,AC011,consulting,Invoice 2244,reconciled
T003505,2023-01-23,"₹332,049.77",INR,V0011,AC001,facilities,Invoice 4446,reconciled
T003506,2023-02-05,"₹98,256.22",INR,V0045,AC001,hardware,Invoice 4977,reconciled
T003507,2023-03-09,₹540.83,INR,V0041,AC010,hardware,Invoice 1912,unreconciled
T003508,2023-04-12,"₹25,327.92",INR,V0038,AC002,software,Invoice 1652,reconciled
T003509,2023-05-29,"₹220,092.54",INR,V9006,AC003,software,Invoice 3702,pending
T003510,2023-06-30,"₹426,252.76",INR,V0036,AC010,hardware,Invoice 4965,disputed
T003511,2023-07-07,"₹158,971.88",INR,V0004,AC011,hardware,Invoice 3362,reconciled
T003512,2023-08-05,"₹445,042.84",INR,V0038,AC008,consulting,Invoice 4213,pending
T003513,2023-09-24,"₹230,677.43",INR,V0013,AC009,facilities,Invoice 6966,reconciled
T003514,2023-10-03,"₹18,592.29",INR,V0001,AC004,logistics,Invoice 1556,disputed
T003515,2023-11-18,"₹378,457.81",INR,V0028,AC007,marketing,Invoice 9599,unreconciled
T003516,2023-12-25,"₹164,231.42",INR,V0002,AC009,hardware,Invoice 7093,reconciled
T003517,2024-01-24,"₹171,122.08",INR,V0028,AC002,consulting,Invoice 7792,unreconciled
T003518,2024-02-20,"₹416,774.73",INR,V0030,AC009,marketing,Invoice 4993,unreconciled
T003519,2024-03-20,"₹375,910.92",INR,V0011,AC005,consulting,Invoice 4099,reconciled
T003520,2024-04-18,"₹289,039.39",INR,V0044,AC001,logistics,Invoice 4638,disputed
T003521,2024-05-21,"₹115,808.72",INR,V0020,AC011,marketing,Invoice 9579,unreconciled
T003522,2024-06-01,"₹208,136.37",INR,V0010,AC008,marketing,Invoice 9681,reconciled
T003523,2024-07-02,"₹199,830.11",INR,V0007,AC007,hardware,Invoice 5616,reconciled
T003524,2024-08-04,"₹152,768.84",INR,V0038,AC008,facilities,Invoice 3005,reconciled
T003525,2024-09-21,"₹489,479.52",INR,V0003,AC011,consulting,Invoice 5572,unreconciled
T003526,2024-10-16,"₹468,482.81",INR,V9002,AC005,marketing,Invoice 8278,reconciled
T003527,2024-11-20,"₹457,649.28",INR,V0033,AC005,hardware,Invoice 9056,reconciled
T003528,2024-12-29,"₹316,111.14",INR,V0013,AC009,facilities,Invoice 4536,reconciled
T003529,2023-01-09,"₹91,578.95",INR,V0007,AC006,hardware,Invoice 5204,unreconciled
T003530,2023-02-01,"₹62,574.26",INR,V0024,AC009,facilities,Invoice 2092,reconciled
T003531,2023-03-27,"₹488,046.73",INR,V0019,AC012,hardware,Invoice 5136,disputed
T003532,2023-04-07,"₹45,510.56",INR,V0010,AC010,hardware,Invoice 4013,reconciled
T003533,2023-05-23,"₹251,476.37",INR,V9001,AC008,facilities,Invoice 5542,disputed
T003534,2023-06-29,"₹145,672.11",INR,V0031,AC011,logistics,Invoice 6697,reconciled
T003535,2023-07-28,"₹127,449.07",INR,V0044,AC005,logistics,Invoice 1659,reconciled
T003536,2023-08-29,"₹60,044.97",INR,V0002,AC012,marketing,Invoice 5034,disputed
T003537,2023-09-03,"₹447,932.40",INR,V0036,AC006,software,Invoice 6778,reconciled
T003538,2023-10-27,"₹450,463.81",INR,V0042,AC007,facilities,Invoice 7373,unreconciled
T003539,2023-11-28,"₹39,784.58",INR,V0036,AC007,software,Invoice 2244,pending
T003540,2023-12-25,"₹434,485.54",INR,V0040,AC001,marketing,Invoice 9117,unreconciled
T003541,2024-01-01,"₹419,503.01",INR,V0017,AC009,facilities,Invoice 1174,unreconciled
T003542,2024-02-12,"₹307,091.04",INR,V0018,AC011,hardware,Invoice 3468,reconciled
T003543,2024-03-23,"₹435,087.36",INR,V0015,AC011,facilities,Invoice 5758,reconciled
T003544,2024-04-21,"₹431,674.50",INR,V0014,AC001,software,Invoice 1957,unreconciled
T003545,2024-05-13,"₹47,395.78",INR,V0042,AC007,hardware,Invoice 7715,disputed
T003546,2024-06-10,"₹427,735.59",INR,V0041,AC004,facilities,Invoice 3350,pending
T003547,2024-07-13,"₹221,139.08",INR,V0043,AC011,marketing,Invoice 9440,unreconciled
T003548,2024-08-28,"₹4,544.10",INR,V0043,AC003,consulting,Invoice 7508,reconciled
T003549,2024-09-27,"₹283,617.51",INR,V0014,AC002,marketing,Invoice 8835,disputed
T003550,2024-10-21,"₹234,062.97",INR,V0029,AC002,marketing,Invoice 1363,reconciled
T003551,2024-11-28,"₹285,598.99",INR,V0010,AC003,facilities,Invoice 6761,unreconciled
T003552,2024-12-02,"₹97,825.69",INR,V0022,AC005,facilities,Invoice 7547,pending
T003553,2023-01-02,"₹103,313.83",INR,V0028,AC005,hardware,Invoice 6678,unreconciled
T003554,2023-02-01,"₹271,663.56",INR,V0015,AC011,hardware,Invoice 3496,pending
T003555,2023-03-03,"₹441,511.60",INR,V0005,AC006,logistics,Invoice 2650,disputed
T003556,2023-04-13,"₹106,762.89",INR,V0017,AC004,facilities,Invoice 5485,unreconciled
T003557,2023-05-24,"₹62,865.02",INR,V9002,AC011,hardware,Invoice 6670,disputed
T003558,2023-06-18,"₹135,939.99",INR,V0035,AC007,facilities,Invoice 9029,disputed
T003559,2023-07-04,"₹234,188.86",INR,V0004,AC007,software,Invoice 5817,unreconciled
T003560,2023-08-26,"₹460,405.14",INR,V9002,AC005,software,Invoice 9509,unreconciled
T003561,2023-09-28,"₹384,280.72",INR,V0044,AC009,marketing,Invoice 5527,pending
T003562,2023-10-26,"₹430,803.19",INR,V0018,AC004,hardware,Invoice 9539,reconciled
T003563,2023-11-21,"₹25,108.37",INR,V0032,AC010,logistics,Invoice 4013,reconciled
T003564,2023-12-02,"₹245,930.26",INR,V0022,AC005,marketing,Invoice 9131,unreconciled
T003565,2024-01-27,"₹181,015.51",INR,V9006,AC004,hardware,Invoice 7751,unreconciled
T003566,2024-02-16,"₹111,336.87",INR,V9004,AC010,logistics,Invoice 2105,pending
T003567,2024-03-09,"₹430,263.35",INR,V9004,AC002,marketing,Invoice 3518,reconciled
T003568,2024-04-21,"₹150,652.77",INR,V0002,AC002,hardware,Invoice 9860,unreconciled
T003569,2024-05-30,"₹412,809.88",INR,V0021,AC001,software,Invoice 8101,unreconciled
T003570,2024-06-30,"₹174,489.73",INR,V0044,AC006,logistics,Invoice 7780,disputed
T003571,2024-07-22,"₹192,392.57",INR,V0011,AC007,marketing,Invoice 9495,unreconciled
T003572,2024-08-04,"₹22,946.74",INR,V9006,AC003,consulting,Invoice 3202,unreconciled
T003573,2024-09-04,"₹288,701.48",INR,V0038,AC007,logistics,Invoice 2043,reconciled
T003574,2024-10-01,"₹216,908.16",INR,V0004,AC003,facilities,Invoice 1790,disputed
T003575,2024-11-12,"₹399,973.97",INR,V0006,AC001,consulting,Invoice 1988,unreconciled
T003576,2024-12-02,"₹167,302.98",INR,V0004,AC009,logistics,Invoice 7886,pending
T003577,2023-01-13,"₹205,433.22",INR,V0042,AC001,hardware,Invoice 5266,reconciled
T003578,2023-02-22,"₹361,296.20",INR,V0028,AC010,facilities,Invoice 8673,pending
T003579,2023-03-29,"₹406,520.70",INR,V0041,AC008,marketing,Invoice 3980,pending
T003580,2023-04-27,"₹218,248.50",INR,V0027,AC006,consulting,Invoice 8920,unreconciled
T003581,2023-05-27,"₹240,954.07",INR,V9001,AC010,marketing,Invoice 5222,unreconciled
T003582,2023-06-03,"₹318,217.66",INR,V0018,AC012,hardware,Invoice 3314,unreconciled
T003583,2023-07-15,"₹199,896.20",INR,V0042,AC008,hardware,Invoice 1703,pending
T003584,2023-08-28,"₹79,807.00",INR,V0022,AC004,consulting,Invoice 1806,disputed
T003585,2023-09-27,"₹133,657.06",INR,V9006,AC003,facilities,Invoice 9850,pending
T003586,2023-10-19,"₹333,225.24",INR,V0006,AC003,software,Invoice 1569,unreconciled
T003587,2023-11-15,"₹374,328.80",INR,V0027,AC001,software,Invoice 5935,disputed
T003588,2023-12-15,"₹24,548.15",INR,V0039,AC011,facilities,Invoice 9532,unreconciled
T003589,2024-01-02,"₹62,994.89",INR,V0004,AC001,hardware,Invoice 1156,unreconciled
T003590,2024-02-27,"₹97,805.99",INR,V0041,AC012,facilities,Invoice 4834,unreconciled
T003591,2024-03-04,"₹187,347.89",INR,V0022,AC005,consulting,Invoice 9184,unreconciled
T003592,2024-04-16,"₹147,071.95",INR,V0024,AC004,hardware,Invoice 5899,disputed
T003593,2024-05-24,"₹377,056.30",INR,V0025,AC002,marketing,Invoice 5502,reconciled
T003594,2024-06-28,"₹273,219.97",INR,V0016,AC008,hardware,Invoice 1624,disputed
T003595,2024-07-26,"₹327,054.96",INR,V0026,AC008,logistics,Invoice 5501,disputed
T003596,2024-08-18,"₹164,933.07",INR,V0020,AC005,software,Invoice 3315,reconciled
T003597,2024-09-10,"₹248,937.45",INR,V0004,AC002,facilities,Invoice 8153,pending
T003598,2024-10-18,"₹420,200.51",INR,V0022,AC007,facilities,Invoice 7546,unreconciled
T003599,2024-11-02,"₹388,463.11",INR,V0040,AC007,marketing,Invoice 8448,disputed
T003600,2024-12-29,"₹354,558.98",INR,V0008,AC007,consulting,Invoice 6351,disputed
T003601,2023-01-13,"₹18,113.39",INR,V0031,AC008,consulting,Invoice 6589,disputed
T003602,2023-02-03,"₹234,900.56",INR,V0005,AC008,hardware,Invoice 2557,reconciled
T003603,2023-03-02,"₹441,928.39",INR,V0021,AC004,software,Invoice 6471,unreconciled
T003604,2023-04-09,"₹450,200.48",INR,V0030,AC002,marketing,Invoice 6295,unreconciled
T003605,2023-05-14,"₹280,797.23",INR,V0036,AC002,facilities,Invoice 2169,pending
T003606,2023-06-16,"₹204,739.04",INR,V0019,AC008,consulting,Invoice 7395,unreconciled
T003607,2023-07-27,"₹300,149.32",INR,V9006,AC011,consulting,Invoice 9065,disputed
T003608,2023-08-27,"₹341,929.92",INR,V0045,AC011,hardware,Invoice 7891,pending
T003609,2023-09-15,"₹74,093.68",INR,V0008,AC012,marketing,Invoice 2392,unreconciled
T003610,2023-10-23,"₹345,981.11",INR,V0037,AC006,logistics,Invoice 5428,unreconciled
T003611,2023-11-08,"₹356,596.99",INR,V0041,AC006,hardware,Invoice 3945,unreconciled
T003612,2023-12-29,"₹56,854.81",INR,V0031,AC007,logistics,Invoice 2170,unreconciled
T003613,2024-01-01,"₹135,851.41",INR,V0026,AC004,software,Invoice 4551,disputed
T003614,2024-02-16,"₹230,940.92",INR,V9003,AC004,consulting,Invoice 1148,reconciled
T003615,2024-03-03,"₹201,283.24",INR,V0033,AC008,software,Invoice 3036,disputed
T003616,2024-04-12,"₹216,298.53",INR,V0026,AC011,hardware,Invoice 7711,unreconciled
T003617,2024-05-28,"₹222,510.02",INR,V0010,AC010,hardware,Invoice 7195,disputed
T003618,2024-06-01,"₹290,141.93",INR,V0034,AC012,logistics,Invoice 7988,unreconciled
T003619,2024-07-07,"₹384,667.33",INR,V0034,AC010,logistics,Invoice 2422,reconciled
T003620,2024-08-16,"₹358,514.62",INR,V0031,AC009,marketing,Invoice 8321,reconciled
T003621,2024-09-02,"₹177,846.32",INR,V0008,AC008,marketing,Invoice 9087,disputed
T003622,2024-10-02,"₹150,418.27",INR,V0039,AC011,hardware,Invoice 3043,unreconciled
T003623,2024-11-09,"₹115,127.37",INR,V0029,AC009,logistics,Invoice 7113,pending
T003624,2024-12-22,"₹209,913.94",INR,V0034,AC010,consulting,Invoice 7411,unreconciled
T003625,2023-01-13,"₹455,425.03",INR,V0023,AC008,logistics,Invoice 9195,reconciled
T003626,2023-02-24,"₹244,051.07",INR,V0022,AC007,facilities,Invoice 5528,disputed
T003627,2023-03-17,"₹159,596.55",INR,V0043,AC012,hardware,Invoice 2388,pending
T003628,2023-04-05,"₹151,397.38",INR,V0007,AC010,facilities,Invoice 5013,unreconciled
T003629,2023-05-19,"₹447,102.87",INR,V0018,AC003,logistics,Invoice 6012,reconciled
T003630,2023-06-07,"₹369,701.23",INR,V0018,AC004,software,Invoice 1638,disputed
T003631,2023-07-25,"₹468,389.27",INR,V0030,AC012,consulting,Invoice 8549,pending
T003632,2023-08-03,"₹462,079.18",INR,V0013,AC004,facilities,Invoice 6466,disputed
T003633,2023-09-25,"₹9,394.69",INR,V0036,AC002,logistics,Invoice 2368,reconciled
T003634,2023-10-23,"₹283,442.55",INR,V0039,AC004,consulting,Invoice 9632,unreconciled
T003635,2023-11-17,"₹78,804.98",INR,V0036,AC012,marketing,Invoice 3411,disputed
T003636,2023-12-03,"₹384,118.33",INR,V0033,AC003,software,Invoice 9696,reconciled
T003637,2024-01-17,"₹433,294.38",INR,V9006,AC007,hardware,Invoice 9489,reconciled
T003638,2024-02-18,"₹356,814.25",INR,V0031,AC005,facilities,Invoice 3871,disputed
T003639,2024-03-05,"₹299,071.75",INR,V0003,AC011,hardware,Invoice 8008,reconciled
T003640,2024-04-12,"₹417,296.66",INR,V0006,AC009,consulting,Invoice 9364,pending
T003641,2024-05-24,"₹227,058.36",INR,V0010,AC008,consulting,Invoice 6838,disputed
T003642,2024-06-17,"₹80,446.57",INR,V0038,AC012,logistics,Invoice 6757,reconciled
T003643,2024-07-12,"₹56,341.20",INR,V9006,AC008,marketing,Invoice 7471,reconciled
T003644,2024-08-17,"₹378,296.57",INR,V0042,AC011,logistics,Invoice 6906,disputed
T003645,2024-09-21,"₹8,254.38",INR,V0011,AC006,logistics,Invoice 3698,unreconciled
T003646,2024-10-25,"₹468,141.83",INR,V9003,AC003,hardware,Invoice 8899,reconciled
T003647,2024-11-23,"₹470,412.12",INR,V0023,AC008,consulting,Invoice 9885,unreconciled
T003648,2024-12-10,"₹197,295.40",INR,V0038,AC005,facilities,Invoice 4311,reconciled
T003649,2023-01-02,"₹277,249.96",INR,V0044,AC004,hardware,Invoice 7157,reconciled
T003650,2023-02-19,"₹243,943.13",INR,V0040,AC012,consulting,Invoice 3885,pending
T003651,2023-03-27,"₹323,590.20",INR,V0034,AC007,hardware,Invoice 4761,unreconciled
T003652,2023-04-15,"₹59,401.25",INR,V0027,AC001,consulting,Invoice 7321,unreconciled
T003653,2023-05-10,"₹29,427.09",INR,V0020,AC005,consulting,Invoice 2050,pending
T003654,2023-06-27,"₹372,594.40",INR,V0007,AC004,logistics,Invoice 6856,reconciled
T003655,2023-07-01,"₹265,155.50",INR,V0038,AC008,marketing,Invoice 3625,reconciled
T003656,2023-08-02,"₹408,260.78",INR,V0027,AC008,facilities,Invoice 3926,pending
T003657,2023-09-02,"₹427,780.52",INR,V0012,AC010,hardware,Invoice 8070,pending
T003658,2023-10-10,"₹142,916.31",INR,V0037,AC010,software,Invoice 8521,disputed
T003659,2023-11-12,"₹180,886.54",INR,V0011,AC005,software,Invoice 5669,reconciled
T003660,2023-12-08,"₹326,827.84",INR,V9004,AC002,software,Invoice 8954,pending
T003661,2024-01-31,"₹48,880.14",INR,V0039,AC012,logistics,Invoice 4452,pending
T003662,2024-02-04,"₹315,696.76",INR,V9006,AC009,software,Invoice 3302,reconciled
T003663,2024-03-15,"₹379,470.87",INR,V0003,AC012,consulting,Invoice 7234,unreconciled
T003664,2024-04-20,"₹325,392.90",INR,V0023,AC012,logistics,Invoice 1920,disputed
T003665,2024-05-06,"₹24,117.21",INR,V0041,AC004,logistics,Invoice 8915,pending
T003666,2024-06-07,"₹397,728.06",INR,V9001,AC011,logistics,Invoice 2827,unreconciled
T003667,2024-07-15,"₹482,009.43",INR,V0013,AC007,logistics,Invoice 5187,unreconciled
T003668,2024-08-10,"₹152,539.19",INR,V0031,AC001,logistics,Invoice 8074,pending
T003669,2024-09-25,"₹190,902.13",INR,V0013,AC008,facilities,Invoice 2337,disputed
T003670,2024-10-20,"₹192,803.73",INR,V0042,AC001,facilities,Invoice 1555,unreconciled
T003671,2024-11-10,"₹256,373.43",INR,V0024,AC003,facilities,Invoice 3642,reconciled
T003672,2024-12-31,"₹331,798.48",INR,V0027,AC011,logistics,Invoice 9870,unreconciled
T003673,2023-01-17,"₹492,328.15",INR,V0024,AC003,facilities,Invoice 8558,pending
T003674,2023-02-23,"₹477,106.21",INR,V0035,AC004,marketing,Invoice 1678,reconciled
T003675,2023-03-30,"₹31,813.08",INR,V0022,AC012,marketing,Invoice 1980,pending
T003676,2023-04-18,"₹180,442.77",INR,V0041,AC006,hardware,Invoice 1141,reconciled
T003677,2023-05-25,"₹295,605.74",INR,V0032,AC002,hardware,Invoice 7698,pending
T003678,2023-06-09,"₹275,719.96",INR,V0009,AC005,facilities,Invoice 9350,reconciled
T003679,2023-07-20,"₹404,314.73",INR,V0043,AC007,hardware,Invoice 3597,pending
T003680,2023-08-01,"₹324,077.04",INR,V0037,AC001,hardware,Invoice 8037,reconciled
T003681,2023-09-03,"₹288,791.13",INR,V9005,AC003,software,Invoice 8878,disputed
T003682,2023-10-22,"₹146,820.84",INR,V0012,AC004,facilities,Invoice 5007,reconciled
T003683,2023-11-11,"₹369,107.78",INR,V0010,AC007,facilities,Invoice 5887,pending
T003684,2023-12-23,"₹411,832.97",INR,V0004,AC005,hardware,Invoice 2864,reconciled
T003685,2024-01-16,"₹465,838.47",INR,V0006,AC001,facilities,Invoice 1952,unreconciled
T003686,2024-02-03,"₹215,032.43",INR,V0043,AC006,consulting,Invoice 6648,unreconciled
T003687,2024-03-07,"₹432,503.46",INR,V0031,AC011,logistics,Invoice 2963,disputed
T003688,2024-04-24,"₹46,737.44",INR,V9001,AC003,facilities,Invoice 5945,unreconciled
T003689,2024-05-15,"₹9,294.21",INR,V0026,AC002,hardware,Invoice 8670,unreconciled
T003690,2024-06-26,"₹113,974.46",INR,V0004,AC006,logistics,Invoice 6869,unreconciled
T003691,2024-07-24,"₹159,550.34",INR,V0012,AC004,facilities,Invoice 1929,unreconciled
T003692,2024-08-31,"₹53,599.35",INR,V0022,AC001,facilities,Invoice 8338,reconciled
T003693,2024-09-12,"₹86,683.91",INR,V9004,AC001,consulting,Invoice 4592,reconciled
T003694,2024-10-05,"₹133,786.78",INR,V0040,AC006,hardware,Invoice 7401,pending
T003695,2024-11-24,"₹194,428.25",INR,V0043,AC006,marketing,Invoice 2204,reconciled
T003696,2024-12-21,"₹61,979.45",INR,V0041,AC010,marketing,Invoice 8134,reconciled
T003697,2023-01-24,"₹401,386.01",INR,V0006,AC009,consulting,Invoice 3352,disputed
T003698,2023-02-12,"₹365,810.17",INR,V0032,AC012,hardware,Invoice 7571,unreconciled
T003699,2023-03-12,"₹338,648.82",INR,V0041,AC006,marketing,Invoice 2312,unreconciled
T003700,2023-04-17,"₹338,610.40",INR,V0039,AC003,software,Invoice 3767,pending
T003701,2023-05-30,"₹122,177.48",INR,V0027,AC009,software,Invoice 9366,reconciled
T003702,2023-06-05,"₹394,049.90",INR,V0022,AC007,logistics,Invoice 6198,unreconciled
T003703,2023-07-16,"₹184,620.88",INR,V0041,AC002,facilities,Invoice 1259,pending
T003704,2023-08-25,"₹170,223.00",INR,V0031,AC006,marketing,Invoice 9569,pending
T003705,2023-09-22,"₹288,399.55",INR,V0026,AC005,marketing,Invoice 1314,reconciled
T003706,2023-10-17,"₹411,902.46",INR,V0028,AC005,facilities,Invoice 6388,reconciled
T003707,2023-11-20,"₹3,273.17",INR,V0031,AC003,marketing,Invoice 3199,unreconciled
T003708,2023-12-21,"₹494,606.49",INR,V0035,AC010,consulting,Invoice 7688,unreconciled
T003709,2024-01-04,"₹22,788.07",INR,V0039,AC005,marketing,Invoice 6780,unreconciled
T003710,2024-02-16,"₹10,144.18",INR,V0040,AC010,software,Invoice 7374,reconciled
T003711,2024-03-01,"₹9,811.26",INR,V0030,AC012,marketing,Invoice 3248,disputed
T003712,2024-04-24,"₹144,813.60",INR,V0017,AC006,marketing,Invoice 5245,unreconciled
T003713,2024-05-28,"₹402,522.61",INR,V0028,AC011,software,Invoice 3629,unreconciled
T003714,2024-06-16,"₹338,648.93",INR,V9001,AC008,marketing,Invoice 6786,reconciled
T003715,2024-07-13,"₹319,774.34",INR,V0041,AC005,facilities,Invoice 9803,disputed
T003716,2024-08-28,"₹457,231.91",INR,V0011,AC010,consulting,Invoice 5184,reconciled
T003717,2024-09-24,"₹419,511.90",INR,V0036,AC004,consulting,Invoice 1394,unreconciled
T003718,2024-10-01,"₹301,635.85",INR,V0036,AC008,facilities,Invoice 2225,reconciled
T003719,2024-11-16,"₹312,711.77",INR,V0037,AC003,marketing,Invoice 1340,pending
T003720,2024-12-07,"₹39,421.26",INR,V0037,AC011,logistics,Invoice 8221,disputed
T003721,2023-01-28,"₹228,347.86",INR,V0034,AC002,consulting,Invoice 4822,pending
T003722,2023-02-23,"₹414,389.61",INR,V0036,AC004,software,Invoice 4697,disputed
T003723,2023-03-09,"₹56,488.32",INR,V0007,AC002,consulting,Invoice 8801,pending
T003724,2023-04-21,"₹382,365.58",INR,V0031,AC007,hardware,Invoice 9413,pending
T003725,2023-05-09,"₹198,518.92",INR,V0027,AC007,software,Invoice 7917,disputed
T003726,2023-06-26,"₹275,379.54",INR,V0025,AC008,facilities,Invoice 9776,unreconciled
T003727,2023-07-05,"₹232,944.16",INR,V9003,AC011,software,Invoice 7222,pending
T003728,2023-08-21,"₹351,626.45",INR,V0020,AC006,facilities,Invoice 1032,pending
T003729,2023-09-01,"₹255,075.72",INR,V0013,AC003,software,Invoice 2198,disputed
T003730,2023-10-02,"₹95,318.25",INR,V9005,AC011,marketing,Invoice 4237,pending
T003731,2023-11-04,"₹99,457.45",INR,V0038,AC010,logistics,Invoice 7635,disputed
T003732,2023-12-26,"₹286,127.54",INR,V9003,AC012,logistics,Invoice 3754,unreconciled
T003733,2024-01-06,"₹85,262.51",INR,V0027,AC002,logistics,Invoice 6129,disputed
T003734,2024-02-29,"₹142,063.04",INR,V0003,AC008,logistics,Invoice 9202,reconciled
T003735,2024-03-26,"₹103,253.20",INR,V0030,AC006,facilities,Invoice 3205,reconciled
T003736,2024-04-03,"₹329,164.97",INR,V9001,AC003,hardware,Invoice 5743,disputed
T003737,2024-05-11,"₹290,229.35",INR,V0003,AC010,consulting,Invoice 5700,pending
T003738,2024-06-16,"₹470,338.36",INR,V0014,AC008,hardware,Invoice 9602,unreconciled
T003739,2024-07-09,"₹311,287.33",INR,V0027,AC012,logistics,Invoice 3466,pending
T003740,2024-08-18,"₹288,905.16",INR,V0022,AC001,consulting,Invoice 8235,pending
T003741,2024-09-14,"₹486,592.07",INR,V0003,AC011,hardware,Invoice 8887,disputed
T003742,2024-10-23,"₹289,726.78",INR,V9004,AC010,consulting,Invoice 3257,unreconciled
T003743,2024-11-13,"₹337,325.01",INR,V0025,AC001,facilities,Invoice 5762,unreconciled
T003744,2024-12-10,"₹80,340.47",INR,V0020,AC012,marketing,Invoice 3504,reconciled
T003745,2023-01-14,"₹351,583.96",INR,V0006,AC007,logistics,Invoice 2952,reconciled
T003746,2023-02-14,"₹103,021.80",INR,V9002,AC011,consulting,Invoice 6213,disputed
T003747,2023-03-29,"₹291,972.01",INR,V0015,AC011,facilities,Invoice 9142,disputed
T003748,2023-04-03,"₹491,320.94",INR,V0037,AC012,logistics,Invoice 3208,pending
T003749,2023-05-16,"₹396,102.21",INR,V0003,AC012,marketing,Invoice 2015,unreconciled
T003750,2023-06-02,"₹454,685.56",INR,V0017,AC005,software,Invoice 7793,pending
T003751,2023-07-24,"₹26,282.54",INR,V0040,AC004,software,Invoice 2868,disputed
T003752,2023-08-12,"₹163,368.94",INR,V0035,AC002,consulting,Invoice 1543,reconciled
T003753,2023-09-09,"₹357,517.56",INR,V0042,AC001,facilities,Invoice 4416,unreconciled
T003754,2023-10-24,"₹139,266.71",INR,V0044,AC003,consulting,Invoice 6865,disputed
T003755,2023-11-06,"₹399,074.79",INR,V0038,AC006,facilities,Invoice 1091,disputed
T003756,2023-12-20,"₹483,222.86",INR,V0028,AC002,consulting,Invoice 6200,pending
T003757,2024-01-15,"₹209,843.86",INR,V0042,AC002,consulting,Invoice 5413,unreconciled
T003758,2024-02-08,"₹330,032.24",INR,V0033,AC001,consulting,Invoice 1831,unreconciled
T003759,2024-03-01,"₹320,916.71",INR,V0010,AC005,software,Invoice 5173,disputed
T003760,2024-04-26,"₹300,419.97",INR,V0034,AC001,marketing,Invoice 8713,reconciled
T003761,2024-05-16,"₹272,140.61",INR,V0009,AC009,marketing,Invoice 4351,unreconciled
T003762,2024-06-28,"₹241,593.35",INR,V0040,AC011,software,Invoice 3375,reconciled
T003763,2024-07-26,"₹203,396.75",INR,V0011,AC011,consulting,Invoice 8058,reconciled
T003764,2024-08-24,"₹104,911.38",INR,V0005,AC012,hardware,Invoice 7178,unreconciled
T003765,2024-09-27,"₹316,389.63",INR,V0026,AC011,marketing,Invoice 8697,disputed
T003766,2024-10-05,"₹305,640.68",INR,V0004,AC008,hardware,Invoice 8781,unreconciled
T003767,2024-11-10,"₹307,889.19",INR,V0006,AC009,logistics,Invoice 1003,unreconciled
T003768,2024-12-14,"₹115,519.35",INR,V0016,AC008,marketing,Invoice 8143,reconciled
T003769,2023-01-15,"₹153,774.25",INR,V0040,AC003,software,Invoice 3867,reconciled
T003770,2023-02-23,"₹283,956.68",INR,V0037,AC002,consulting,Invoice 9333,disputed
T003771,2023-03-04,"₹482,929.48",INR,V0022,AC006,marketing,Invoice 3369,unreconciled
T003772,2023-04-03,"₹108,534.74",INR,V0018,AC010,software,Invoice 5163,disputed
T003773,2023-05-05,"₹129,029.11",INR,V0011,AC004,marketing,Invoice 9559,disputed
T003774,2023-06-28,"₹167,306.30",INR,V9006,AC011,logistics,Invoice 2738,unreconciled
T003775,2023-07-03,"₹470,633.01",INR,V0004,AC003,consulting,Invoice 2248,reconciled
T003776,2023-08-17,"₹173,980.73",INR,V0027,AC006,software,Invoice 7234,pending
T003777,2023-09-24,"₹348,749.81",INR,V0036,AC009,software,Invoice 5282,reconciled
T003778,2023-10-12,"₹410,013.32",INR,V0009,AC011,hardware,Invoice 7479,disputed
T003779,2023-11-06,"₹418,188.23",INR,V0043,AC001,facilities,Invoice 6114,unreconciled
T003780,2023-12-10,"₹315,239.71",INR,V0034,AC004,facilities,Invoice 1566,unreconciled
T003781,2024-01-27,"₹471,150.80",INR,V0014,AC010,hardware,Invoice 8950,disputed
T003782,2024-02-16,"₹218,212.75",INR,V0010,AC011,consulting,Invoice 5255,disputed
T003783,2024-03-04,"₹389,701.20",INR,V0009,AC003,consulting,Invoice 4572,unreconciled
T003784,2024-04-30,"₹269,722.28",INR,V0002,AC001,marketing,Invoice 5125,unreconciled
T003785,2024-05-28,"₹165,816.41",INR,V9001,AC005,facilities,Invoice 1081,unreconciled
T003786,2024-06-12,"₹104,526.98",INR,V0024,AC006,hardware,Invoice 9604,disputed
T003787,2024-07-14,"₹60,753.04",INR,V0006,AC008,hardware,Invoice 2263,reconciled
T003788,2024-08-29,"₹52,657.14",INR,V0045,AC003,marketing,Invoice 7237,unreconciled
T003789,2024-09-04,"₹246,976.93",INR,V0013,AC010,hardware,Invoice 3225,pending
T003790,2024-10-14,"₹86,853.50",INR,V0028,AC012,logistics,Invoice 5711,disputed
T003791,2024-11-17,"₹244,254.24",INR,V0006,AC012,hardware,Invoice 5397,pending
T003792,2024-12-21,"₹109,887.50",INR,V0032,AC002,software,Invoice 5851,unreconciled
T003793,2023-01-14,"₹342,317.16",INR,V0035,AC003,logistics,Invoice 1324,pending
T003794,2023-02-22,"₹199,883.80",INR,V0029,AC009,marketing,Invoice 7610,pending
T003795,2023-03-17,"₹361,645.01",INR,V0010,AC007,software,Invoice 6728,unreconciled
T003796,2023-04-27,"₹232,479.62",INR,V0033,AC008,consulting,Invoice 6388,pending
T003797,2023-05-30,"₹212,037.16",INR,V0029,AC010,facilities,Invoice 3403,unreconciled
T003798,2023-06-29,"₹258,605.75",INR,V9001,AC002,consulting,Invoice 9043,unreconciled
T003799,2023-07-01,"₹274,866.02",INR,V0032,AC001,consulting,Invoice 4865,unreconciled
T003800,2023-08-13,"₹201,126.05",INR,V0031,AC010,marketing,Invoice 1548,disputed
T003801,2023-09-08,"₹131,567.78",INR,V0013,AC004,hardware,Invoice 2703,unreconciled
T003802,2023-10-13,"₹408,704.48",INR,V0038,AC006,logistics,Invoice 4466,unreconciled
T003803,2023-11-06,"₹217,505.53",INR,V0032,AC010,facilities,Invoice 5495,unreconciled
T003804,2023-12-26,"₹170,969.41",INR,V0036,AC012,logistics,Invoice 2311,reconciled
T003805,2024-01-02,"₹402,024.32",INR,V0030,AC002,marketing,Invoice 5702,pending
T003806,2024-02-23,"₹239,336.80",INR,V9001,AC005,logistics,Invoice 1667,unreconciled
T003807,2024-03-28,"₹226,655.69",INR,V0010,AC011,marketing,Invoice 3638,reconciled
T003808,2024-04-28,"₹446,170.18",INR,V0030,AC011,marketing,Invoice 5397,reconciled
T003809,2024-05-22,"₹398,336.99",INR,V0033,AC009,marketing,Invoice 8329,pending
T003810,2024-06-12,"₹202,514.86",INR,V0009,AC010,consulting,Invoice 9065,disputed
T003811,2024-07-30,"₹256,694.64",INR,V0028,AC004,hardware,Invoice 4211,disputed
T003812,2024-08-19,"₹171,318.53",INR,V0039,AC006,logistics,Invoice 5436,pending
T003813,2024-09-27,"₹60,441.11",INR,V0045,AC006,consulting,Invoice 6180,pending
T003814,2024-10-28,"₹312,354.92",INR,V0026,AC003,logistics,Invoice 9155,reconciled
T003815,2024-11-01,"₹389,511.58",INR,V9005,AC005,hardware,Invoice 3399,unreconciled
T003816,2024-12-21,"₹135,501.31",INR,V0002,AC010,marketing,Invoice 2247,disputed
T003817,2023-01-23,"₹494,542.51",INR,V0007,AC009,consulting,Invoice 4605,unreconciled
T003818,2023-02-23,"₹280,834.81",INR,V0009,AC002,marketing,Invoice 6447,pending
T003819,2023-03-24,"₹80,456.72",INR,V0043,AC010,hardware,Invoice 9495,disputed
T003820,2023-04-02,"₹73,001.22",INR,V0034,AC009,consulting,Invoice 9658,reconciled
T003821,2023-05-15,"₹37,876.30",INR,V0037,AC006,consulting,Invoice 6029,pending
T003822,2023-06-22,"₹232,767.76",INR,V0033,AC002,marketing,Invoice 2928,reconciled
T003823,2023-07-15,"₹398,300.59",INR,V0019,AC012,facilities,Invoice 4735,unreconciled
T003824,2023-08-29,"₹384,067.10",INR,V0032,AC006,marketing,Invoice 4226,pending
T003825,2023-09-01,"₹371,116.69",INR,V9005,AC008,marketing,Invoice 3920,pending
T003826,2023-10-17,"₹451,231.10",INR,V0040,AC007,logistics,Invoice 8282,disputed
T003827,2023-11-06,"₹362,082.25",INR,V0004,AC003,facilities,Invoice 7434,unreconciled
T003828,2023-12-03,"₹144,553.13",INR,V0041,AC011,consulting,Invoice 3434,disputed
T003829,2024-01-10,"₹52,323.67",INR,V0006,AC003,facilities,Invoice 8088,disputed
T003830,2024-02-29,"₹167,723.48",INR,V0009,AC008,software,Invoice 5304,reconciled
T003831,2024-03-24,"₹289,714.14",INR,V0012,AC010,facilities,Invoice 4346,reconciled
T003832,2024-04-05,"₹441,345.15",INR,V0013,AC010,marketing,Invoice 1077,disputed
T003833,2024-05-27,"₹18,455.04",INR,V0018,AC005,marketing,Invoice 3255,disputed
T003834,2024-06-20,"₹275,960.61",INR,V0032,AC009,software,Invoice 7989,reconciled
T003835,2024-07-15,"₹482,952.43",INR,V9004,AC003,facilities,Invoice 5587,disputed
T003836,2024-08-07,"₹478,013.49",INR,V0043,AC004,software,Invoice 1153,disputed
T003837,2024-09-25,"₹285,495.51",INR,V0029,AC004,marketing,Invoice 7305,pending
T003838,2024-10-31,"₹183,938.50",INR,V0022,AC011,hardware,Invoice 2363,reconciled
T003839,2024-11-14,"₹190,587.05",INR,V0040,AC011,consulting,Invoice 6481,reconciled
T003840,2024-12-17,"₹225,855.43",INR,V9003,AC007,logistics,Invoice 3498,disputed
T003841,2023-01-21,"₹495,445.46",INR,V0043,AC012,facilities,Invoice 8649,disputed
T003842,2023-02-23,"₹255,408.80",INR,V0042,AC006,consulting,Invoice 8393,disputed
T003843,2023-03-23,"₹345,306.20",INR,V0031,AC009,software,Invoice 3829,reconciled
T003844,2023-04-01,"₹22,796.23",INR,V0037,AC009,software,Invoice 5289,pending
T003845,2023-05-16,"₹470,370.40",INR,V0040,AC004,logistics,Invoice 9207,unreconciled
T003846,2023-06-30,"₹281,717.42",INR,V0031,AC006,marketing,Invoice 6966,unreconciled
T003847,2023-07-04,"₹78,242.86",INR,V0025,AC001,hardware,Invoice 6820,pending
T003848,2023-08-26,"₹210,527.98",INR,V9005,AC008,facilities,Invoice 4248,disputed
T003849,2023-09-12,"₹401,347.60",INR,V9006,AC012,software,Invoice 3783,unreconciled
T003850,2023-10-20,"₹428,011.98",INR,V0002,AC008,marketing,Invoice 5391,reconciled
T003851,2023-11-21,"₹154,223.63",INR,V0036,AC005,facilities,Invoice 1373,reconciled
T003852,2023-12-31,"₹159,632.75",INR,V0043,AC012,consulting,Invoice 3778,unreconciled
T003853,2024-01-04,"₹73,840.00",INR,V0007,AC011,consulting,Invoice 6485,pending
T003854,2024-02-10,"₹34,120.07",INR,V0004,AC004,hardware,Invoice 2089,unreconciled
T003855,2024-03-13,"₹305,573.48",INR,V0013,AC006,software,Invoice 1814,disputed
T003856,2024-04-20,"₹207,109.32",INR,V9003,AC001,hardware,Invoice 4572,unreconciled
T003857,2024-05-19,"₹380,629.53",INR,V0021,AC009,logistics,Invoice 8170,pending
T003858,2024-06-01,"₹138,640.82",INR,V0033,AC001,logistics,Invoice 3927,pending
T003859,2024-07-25,"₹82,478.04",INR,V0025,AC005,marketing,Invoice 2524,disputed
T003860,2024-08-04,"₹58,275.16",INR,V0006,AC012,consulting,Invoice 4851,disputed
T003861,2024-09-26,"₹400,944.86",INR,V0035,AC009,marketing,Invoice 7977,disputed
T003862,2024-10-09,"₹253,014.98",INR,V0028,AC007,logistics,Invoice 8501,disputed
T003863,2024-11-05,"₹389,956.96",INR,V0041,AC009,logistics,Invoice 2111,unreconciled
T003864,2024-12-09,"₹311,000.30",INR,V0021,AC004,software,Invoice 4849,unreconciled
T003865,2023-01-18,"₹380,375.83",INR,V9001,AC011,marketing,Invoice 4229,pending
T003866,2023-02-08,"₹427,988.49",INR,V0018,AC007,facilities,Invoice 1367,pending
T003867,2023-03-07,"₹36,764.61",INR,V0033,AC004,consulting,Invoice 5308,reconciled
T003868,2023-04-09,"₹155,662.31",INR,V0015,AC009,logistics,Invoice 4906,disputed
T003869,2023-05-31,"₹189,723.83",INR,V0004,AC003,hardware,Invoice 1368,disputed
T003870,2023-06-01,"₹161,530.05",INR,V0027,AC009,hardware,Invoice 7509,reconciled
T003871,2023-07-21,"₹470,713.69",INR,V0027,AC008,marketing,Invoice 7410,unreconciled
T003872,2023-08-04,"₹212,679.83",INR,V0035,AC003,marketing,Invoice 9963,disputed
T003873,2023-09-30,"₹494,108.38",INR,V0045,AC007,software,Invoice 1640,unreconciled
T003874,2023-10-29,"₹302,360.97",INR,V0004,AC011,software,Invoice 3456,unreconciled
T003875,2023-11-11,"₹496,714.74",INR,V0021,AC010,consulting,Invoice 6100,disputed
T003876,2023-12-04,"₹108,021.13",INR,V0004,AC012,marketing,Invoice 7503,unreconciled
T003877,2024-01-29,"₹435,736.19",INR,V0032,AC001,marketing,Invoice 5866,pending
T003878,2024-02-28,"₹13,295.94",INR,V9003,AC004,logistics,Invoice 5308,reconciled
T003879,2024-03-24,"₹496,138.23",INR,V0029,AC009,consulting,Invoice 4995,disputed
T003880,2024-04-10,"₹318,448.49",INR,V0020,AC011,logistics,Invoice 6490,unreconciled
T003881,2024-05-22,"₹190,338.57",INR,V0014,AC003,software,Invoice 3603,disputed
T003882,2024-06-22,"₹20,838.15",INR,V0002,AC009,logistics,Invoice 6468,pending
T003883,2024-07-28,"₹34,542.78",INR,V9001,AC002,logistics,Invoice 9828,unreconciled
T003884,2024-08-01,"₹103,981.05",INR,V0006,AC001,facilities,Invoice 7472,pending
T003885,2024-09-27,₹884.99,INR,V9006,AC008,hardware,Invoice 5019,reconciled
T003886,2024-10-26,"₹51,233.82",INR,V0019,AC003,hardware,Invoice 3848,reconciled
T003887,2024-11-05,"₹143,048.66",INR,V0033,AC002,hardware,Invoice 9820,reconciled
T003888,2024-12-20,"₹450,175.84",INR,V0014,AC009,software,Invoice 8471,disputed
T003889,2023-01-23,"₹144,276.57",INR,V0034,AC012,logistics,Invoice 6180,unreconciled
T003890,2023-02-04,"₹92,592.29",INR,V0036,AC007,facilities,Invoice 5165,reconciled
T003891,2023-03-24,"₹166,796.91",INR,V0039,AC005,marketing,Invoice 2742,pending
T003892,2023-04-13,"₹200,924.94",INR,V0019,AC007,facilities,Invoice 5958,disputed
T003893,2023-05-06,"₹446,507.65",INR,V0008,AC009,consulting,Invoice 4140,unreconciled
T003894,2023-06-12,"₹10,258.72",INR,V0005,AC006,facilities,Invoice 1697,reconciled
T003895,2023-07-10,"₹378,107.03",INR,V0024,AC008,facilities,Invoice 1583,unreconciled
T003896,2023-08-31,"₹348,067.92",INR,V9004,AC001,marketing,Invoice 8236,pending
T003897,2023-09-25,"₹121,320.79",INR,V0003,AC009,consulting,Invoice 4915,disputed
T003898,2023-10-27,"₹55,510.80",INR,V0031,AC006,consulting,Invoice 6816,unreconciled
T003899,2023-11-17,"₹13,375.16",INR,V0040,AC003,logistics,Invoice 1601,disputed
T003900,2023-12-16,"₹19,895.11",INR,V0008,AC006,logistics,Invoice 9261,reconciled
T003901,2024-01-03,"₹77,973.08",INR,V0030,AC005,logistics,Invoice 3946,disputed
T003902,2024-02-26,"₹267,532.12",INR,V0010,AC004,hardware,Invoice 8669,pending
T003903,2024-03-03,"₹303,181.54",INR,V0043,AC007,hardware,Invoice 3582,unreconciled
T003904,2024-04-12,"₹246,669.92",INR,V9006,AC001,consulting,Invoice 1351,disputed
T003905,2024-05-22,"₹164,982.91",INR,V9002,AC007,consulting,Invoice 4666,unreconciled
T003906,2024-06-30,"₹95,540.14",INR,V0017,AC004,logistics,Invoice 4082,reconciled
T003907,2024-07-15,"₹489,914.94",INR,V0045,AC001,hardware,Invoice 7724,unreconciled
T003908,2024-08-19,"₹478,619.33",INR,V0045,AC003,software,Invoice 5060,reconciled
T003909,2024-09-19,"₹454,094.27",INR,V0017,AC001,consulting,Invoice 1733,unreconciled
T003910,2024-10-15,"₹362,092.98",INR,V0020,AC012,consulting,Invoice 2509,reconciled
T003911,2024-11-20,"₹278,650.64",INR,V0044,AC001,facilities,Invoice 8946,pending
T003912,2024-12-03,"₹290,032.42",INR,V0043,AC002,marketing,Invoice 1522,unreconciled
T003913,2023-01-16,"₹275,171.78",INR,V0021,AC009,software,Invoice 3160,disputed
T003914,2023-02-21,"₹217,752.54",INR,V0036,AC012,software,Invoice 5957,pending
T003915,2023-03-31,"₹179,207.43",INR,V0040,AC010,consulting,Invoice 2759,unreconciled
T003916,2023-04-08,"₹237,928.55",INR,V0036,AC008,logistics,Invoice 2375,reconciled
T003917,2023-05-17,"₹85,534.06",INR,V0030,AC005,software,Invoice 1457,reconciled
T003918,2023-06-18,"₹447,926.75",INR,V0018,AC005,hardware,Invoice 6179,pending
T003919,2023-07-03,"₹9,220.32",INR,V9004,AC007,hardware,Invoice 3780,unreconciled
T003920,2023-08-24,"₹183,665.02",INR,V0021,AC006,software,Invoice 9168,unreconciled
T003921,2023-09-06,"₹148,460.59",INR,V0032,AC004,consulting,Invoice 9140,unreconciled
T003922,2023-10-18,"₹324,691.88",INR,V0007,AC010,logistics,Invoice 3469,reconciled
T003923,2023-11-29,"₹294,287.45",INR,V0024,AC003,consulting,Invoice 8404,reconciled
T003924,2023-12-08,"₹348,887.68",INR,V9004,AC006,facilities,Invoice 9452,unreconciled
T003925,2024-01-12,"₹375,798.26",INR,V0038,AC006,consulting,Invoice 2561,unreconciled
T003926,2024-02-17,"₹303,750.16",INR,V0005,AC008,consulting,Invoice 6043,unreconciled
T003927,2024-03-16,"₹176,675.15",INR,V0020,AC012,hardware,Invoice 5740,reconciled
T003928,2024-04-28,"₹183,215.95",INR,V0008,AC012,consulting,Invoice 3782,disputed
T003929,2024-05-03,"₹422,590.81",INR,V9001,AC009,logistics,Invoice 4705,pending
T003930,2024-06-13,"₹293,145.22",INR,V0003,AC004,marketing,Invoice 8849,pending
T003931,2024-07-15,"₹271,511.03",INR,V0027,AC009,software,Invoice 9599,reconciled
T003932,2024-08-10,"₹51,005.87",INR,V0013,AC009,facilities,Invoice 6317,unreconciled
T003933,2024-09-15,"₹238,054.22",INR,V0036,AC004,software,Invoice 3095,disputed
T003934,2024-10-23,"₹402,123.01",INR,V0032,AC008,logistics,Invoice 9441,unreconciled
T003935,2024-11-29,"₹100,908.72",INR,V0010,AC003,hardware,Invoice 5822,unreconciled
T003936,2024-12-25,"₹409,885.00",INR,V0022,AC001,software,Invoice 3061,unreconciled
T003937,2023-01-29,"₹140,886.85",INR,V9001,AC009,logistics,Invoice 4109,disputed
T003938,2023-02-25,"₹252,312.35",INR,V0035,AC002,consulting,Invoice 7991,unreconciled
T003939,2023-03-04,"₹47,005.10",INR,V0044,AC004,software,Invoice 4474,unreconciled
T003940,2023-04-10,"₹444,200.04",INR,V0039,AC008,consulting,Invoice 8631,disputed
T003941,2023-05-14,"₹403,044.43",INR,V0032,AC007,consulting,Invoice 4878,unreconciled
T003942,2023-06-04,"₹238,578.16",INR,V0016,AC006,software,Invoice 9611,disputed
T003943,2023-07-12,"₹450,983.40",INR,V9003,AC011,logistics,Invoice 3737,pending
T003944,2023-08-07,"₹365,976.52",INR,V0004,AC006,logistics,Invoice 9212,pending
T003945,2023-09-07,"₹282,378.86",INR,V0026,AC006,marketing,Invoice 3189,pending
T003946,2023-10-25,"₹339,408.83",INR,V0043,AC003,hardware,Invoice 6120,unreconciled
T003947,2023-11-04,"₹135,348.32",INR,V0032,AC008,logistics,Invoice 4574,reconciled
T003948,2023-12-03,"₹36,406.96",INR,V9002,AC011,hardware,Invoice 9212,reconciled
T003949,2024-01-02,"₹288,177.82",INR,V0008,AC002,marketing,Invoice 6997,pending
T003950,2024-02-29,"₹318,353.63",INR,V0014,AC002,hardware,Invoice 7623,pending
T003951,2024-03-21,"₹195,481.30",INR,V0023,AC007,logistics,Invoice 6945,unreconciled
T003952,2024-04-17,"₹216,025.27",INR,V0028,AC005,logistics,Invoice 8398,pending
T003953,2024-05-08,"₹327,787.02",INR,V0043,AC010,logistics,Invoice 6840,disputed
T003954,2024-06-01,"₹498,590.77",INR,V0003,AC006,facilities,Invoice 1915,pending
T003955,2024-07-30,"₹141,512.54",INR,V0025,AC001,hardware,Invoice 9017,pending
T003956,2024-08-22,"₹264,928.27",INR,V0045,AC001,facilities,Invoice 6563,pending
T003957,2024-09-04,"₹399,892.85",INR,V0003,AC007,marketing,Invoice 4958,pending
T003958,2024-10-25,"₹170,751.00",INR,V0041,AC004,marketing,Invoice 2499,unreconciled
T003959,2024-11-14,"₹463,765.91",INR,V0031,AC005,software,Invoice 2044,pending
T003960,2024-12-10,"₹491,666.19",INR,V0044,AC003,hardware,Invoice 8840,reconciled
T003961,2023-01-27,"₹278,481.34",INR,V0008,AC012,logistics,Invoice 5912,pending
T003962,2023-02-10,"₹372,166.81",INR,V0007,AC012,logistics,Invoice 5281,reconciled
T003963,2023-03-28,"₹201,714.03",INR,V0009,AC003,logistics,Invoice 8971,unreconciled
T003964,2023-04-30,"₹36,584.85",INR,V0009,AC009,facilities,Invoice 1306,reconciled
T003965,2023-05-29,"₹59,702.15",INR,V0008,AC004,logistics,Invoice 9452,reconciled
T003966,2023-06-04,"₹378,549.55",INR,V0032,AC007,consulting,Invoice 1460,unreconciled
T003967,2023-07-01,"₹248,042.09",INR,V0036,AC009,marketing,Invoice 7392,unreconciled
T003968,2023-08-14,"₹200,451.56",INR,V0017,AC011,facilities,Invoice 6777,unreconciled
T003969,2023-09-09,"₹352,780.90",INR,V0032,AC009,software,Invoice 9544,pending
T003970,2023-10-30,"₹143,349.53",INR,V0010,AC010,hardware,Invoice 2165,reconciled
T003971,2023-11-15,"₹31,420.88",INR,V0016,AC011,software,Invoice 2338,pending
T003972,2023-12-22,"₹339,252.92",INR,V0023,AC008,software,Invoice 8449,unreconciled
T003973,2024-01-27,"₹3,940.10",INR,V0023,AC001,consulting,Invoice 5459,reconciled
T003974,2024-02-22,"₹398,031.99",INR,V0011,AC002,marketing,Invoice 9979,disputed
T003975,2024-03-07,"₹416,303.92",INR,V0029,AC001,hardware,Invoice 9601,disputed
T003976,2024-04-19,"₹209,401.09",INR,V9002,AC010,software,Invoice 2746,disputed
T003977,2024-05-01,"₹118,562.26",INR,V0039,AC001,consulting,Invoice 6828,unreconciled
T003978,2024-06-20,"₹476,514.80",INR,V0017,AC003,consulting,Invoice 1281,pending
T003979,2024-07-01,"₹11,868.80",INR,V0002,AC008,marketing,Invoice 4071,unreconciled
T003980,2024-08-22,"₹289,979.08",INR,V0001,AC008,consulting,Invoice 2465,unreconciled
T003981,2024-09-08,"₹228,993.04",INR,V0005,AC002,software,Invoice 1605,reconciled
T003982,2024-10-15,"₹412,909.54",INR,V9006,AC008,software,Invoice 5185,pending
T003983,2024-11-07,"₹398,994.95",INR,V0044,AC009,consulting,Invoice 4815,reconciled
T003984,2024-12-24,"₹277,483.95",INR,V0026,AC001,marketing,Invoice 2325,disputed
T003985,2023-01-26,"₹210,224.27",INR,V0008,AC010,facilities,Invoice 6183,unreconciled
T003986,2023-02-27,₹928.41,INR,V0013,AC009,facilities,Invoice 1144,unreconciled
T003987,2023-03-26,"₹160,315.74",INR,V0035,AC003,facilities,Invoice 8890,unreconciled
T003988,2023-04-21,"₹186,188.22",INR,V0027,AC005,hardware,Invoice 6325,reconciled
T003989,2023-05-09,"₹330,472.31",INR,V9006,AC008,consulting,Invoice 1504,unreconciled
T003990,2023-06-10,"₹384,856.43",INR,V9005,AC006,consulting,Invoice 7040,reconciled
T003991,2023-07-22,"₹29,487.52",INR,V0023,AC009,software,Invoice 9305,reconciled
T003992,2023-08-13,"₹450,738.38",INR,V0025,AC006,facilities,Invoice 7210,unreconciled
T003993,2023-09-22,"₹424,520.36",INR,V0041,AC004,logistics,Invoice 8743,unreconciled
T003994,2023-10-24,"₹168,173.48",INR,V9006,AC002,hardware,Invoice 7407,disputed
T003995,2023-11-09,"₹150,897.15",INR,V0039,AC005,marketing,Invoice 1938,reconciled
T003996,2023-12-15,"₹76,455.26",INR,V9003,AC011,marketing,Invoice 7170,reconciled
T003997,2024-01-12,"₹240,093.16",INR,V0029,AC011,hardware,Invoice 7604,disputed
T003998,2024-02-26,"₹420,733.73",INR,V0013,AC011,facilities,Invoice 3384,disputed
T003999,2024-03-02,"₹100,806.49",INR,V0005,AC010,software,Invoice 4422,unreconciled
T004000,2024-04-14,"₹345,078.75",INR,V0007,AC009,hardware,Invoice 1648,reconciled
T004001,2024-05-12,"₹28,559.20",INR,V0031,AC005,logistics,Invoice 6966,pending
T004002,2024-06-28,"₹480,215.96",INR,V0040,AC002,logistics,Invoice 1027,pending
T004003,2024-07-24,"₹395,933.08",INR,V9004,AC007,software,Invoice 1433,pending
T004004,2024-08-25,"₹20,380.11",INR,V9001,AC002,logistics,Invoice 5682,reconciled
T004005,2024-09-05,"₹178,396.64",INR,V0027,AC002,facilities,Invoice 8973,unreconciled
T004006,2024-10-15,"₹176,481.03",INR,V0036,AC007,consulting,Invoice 6111,disputed
T004007,2024-11-22,"₹86,783.38",INR,V0036,AC002,facilities,Invoice 3907,pending
T004008,2024-12-27,"₹312,585.09",INR,V0039,AC012,facilities,Invoice 4948,disputed
T004009,2023-01-17,"₹82,040.74",INR,V0034,AC010,marketing,Invoice 4928,unreconciled
T004010,2023-02-27,"₹431,786.23",INR,V9002,AC012,consulting,Invoice 3355,unreconciled
T004011,2023-03-22,"₹463,676.05",INR,V9004,AC009,logistics,Invoice 2397,reconciled
T004012,2023-04-21,"₹150,092.76",INR,V0041,AC003,facilities,Invoice 2419,unreconciled
T004013,2023-05-25,"₹323,793.41",INR,V0035,AC007,facilities,Invoice 8113,pending
T004014,2023-06-21,"₹68,602.27",INR,V9005,AC010,facilities,Invoice 4352,unreconciled
T004015,2023-07-10,"₹407,822.48",INR,V0043,AC008,facilities,Invoice 9234,reconciled
T004016,2023-08-12,"₹472,698.55",INR,V0001,AC006,consulting,Invoice 6892,unreconciled
T004017,2023-09-28,"₹404,225.46",INR,V9005,AC010,logistics,Invoice 1891,pending
T004018,2023-10-19,"₹230,347.79",INR,V0014,AC012,logistics,Invoice 7480,disputed
T004019,2023-11-08,"₹114,716.43",INR,V0030,AC002,marketing,Invoice 8549,unreconciled
T004020,2023-12-19,"₹432,007.15",INR,V0011,AC008,facilities,Invoice 1101,unreconciled
T004021,2024-01-20,"₹427,614.79",INR,V0044,AC010,marketing,Invoice 8692,disputed
T004022,2024-02-21,"₹448,376.80",INR,V0015,AC007,consulting,Invoice 1410,disputed
T004023,2024-03-02,"₹245,496.15",INR,V0030,AC003,hardware,Invoice 8254,unreconciled
T004024,2024-04-05,"₹42,237.07",INR,V0020,AC006,marketing,Invoice 7434,reconciled
T004025,2024-05-20,"₹381,717.51",INR,V0033,AC003,software,Invoice 8054,pending
T004026,2024-06-17,"₹156,272.41",INR,V0005,AC006,marketing,Invoice 3010,pending
T004027,2024-07-30,"₹382,991.80",INR,V0013,AC009,hardware,Invoice 5974,unreconciled
T004028,2024-08-26,"₹426,846.12",INR,V0011,AC003,logistics,Invoice 1129,pending
T004029,2024-09-12,"₹457,078.00",INR,V0024,AC004,logistics,Invoice 6235,unreconciled
T004030,2024-10-27,"₹23,024.87",INR,V0021,AC004,hardware,Invoice 8257,reconciled
T004031,2024-11-24,"₹423,238.21",INR,V0019,AC011,facilities,Invoice 9222,disputed
T004032,2024-12-16,"₹350,118.63",INR,V0019,AC001,hardware,Invoice 3472,pending
T004033,2023-01-16,"₹48,782.77",INR,V0045,AC001,hardware,Invoice 2780,unreconciled
T004034,2023-02-08,"₹438,112.02",INR,V0008,AC002,software,Invoice 9338,disputed
T004035,2023-03-04,"₹438,081.13",INR,V0019,AC012,software,Invoice 9063,reconciled
T004036,2023-04-08,"₹261,449.46",INR,V0028,AC011,software,Invoice 8021,pending
T004037,2023-05-31,"₹3,540.51",INR,V0008,AC009,software,Invoice 5540,disputed
T004038,2023-06-02,"₹477,812.26",INR,V0016,AC003,consulting,Invoice 4228,reconciled
T004039,2023-07-29,"₹226,816.57",INR,V0041,AC007,facilities,Invoice 1389,reconciled
T004040,2023-08-07,"₹385,098.39",INR,V0034,AC012,facilities,Invoice 5037,unreconciled
T004041,2023-09-12,"₹199,611.65",INR,V0010,AC007,hardware,Invoice 6028,reconciled
T004042,2023-10-06,"₹17,448.71",INR,V9004,AC003,hardware,Invoice 6189,pending
T004043,2023-11-18,"₹205,467.56",INR,V0030,AC006,consulting,Invoice 9813,pending
T004044,2023-12-26,"₹214,693.19",INR,V0027,AC005,consulting,Invoice 7547,pending
T004045,2024-01-17,"₹344,013.46",INR,V0019,AC009,facilities,Invoice 5831,reconciled
T004046,2024-02-29,"₹5,834.99",INR,V0009,AC005,software,Invoice 7749,unreconciled
T004047,2024-03-10,"₹18,358.26",INR,V0039,AC008,logistics,Invoice 3129,unreconciled
T004048,2024-04-29,"₹460,610.25",INR,V0041,AC011,logistics,Invoice 5924,unreconciled
T004049,2024-05-02,"₹352,930.06",INR,V0003,AC003,software,Invoice 1581,disputed
T004050,2024-06-20,"₹242,059.65",INR,V0026,AC001,hardware,Invoice 1915,unreconciled
T004051,2024-07-05,"₹302,510.06",INR,V0014,AC009,logistics,Invoice 5114,unreconciled
T004052,2024-08-24,"₹303,187.81",INR,V0034,AC010,logistics,Invoice 8254,pending
T004053,2024-09-19,"₹108,239.24",INR,V0005,AC012,marketing,Invoice 9807,disputed
T004054,2024-10-02,"₹387,463.77",INR,V0013,AC012,facilities,Invoice 6422,reconciled
T004055,2024-11-21,"₹106,457.01",INR,V0045,AC010,logistics,Invoice 3543,unreconciled
T004056,2024-12-23,"₹45,407.35",INR,V0039,AC004,facilities,Invoice 2368,reconciled
T004057,2023-01-01,"₹452,795.19",INR,V0038,AC008,marketing,Invoice 7305,disputed
T004058,2023-02-04,"₹91,101.53",INR,V0041,AC009,marketing,Invoice 9961,disputed
T004059,2023-03-08,"₹201,623.12",INR,V0029,AC003,consulting,Invoice 2059,unreconciled
T004060,2023-04-29,"₹223,229.55",INR,V0015,AC011,marketing,Invoice 6817,reconciled
T004061,2023-05-15,"₹196,993.90",INR,V0008,AC011,marketing,Invoice 1648,disputed
T004062,2023-06-27,"₹212,392.27",INR,V9004,AC004,software,Invoice 2016,unreconciled
T004063,2023-07-13,"₹247,654.11",INR,V0024,AC001,hardware,Invoice 4408,disputed
T004064,2023-08-27,"₹378,873.17",INR,V0031,AC001,facilities,Invoice 1757,unreconciled
T004065,2023-09-24,"₹130,264.77",INR,V0036,AC008,hardware,Invoice 9057,unreconciled
T004066,2023-10-22,"₹428,856.41",INR,V0018,AC003,facilities,Invoice 5107,disputed
T004067,2023-11-17,"₹288,377.76",INR,V9004,AC009,hardware,Invoice 6166,disputed
T004068,2023-12-31,"₹374,240.42",INR,V0030,AC011,software,Invoice 7537,disputed
T004069,2024-01-22,"₹130,523.18",INR,V0041,AC002,consulting,Invoice 3961,unreconciled
T004070,2024-02-28,"₹64,629.62",INR,V0038,AC011,consulting,Invoice 6673,reconciled
T004071,2024-03-28,"₹224,819.80",INR,V0004,AC001,marketing,Invoice 4688,disputed
T004072,2024-04-27,"₹289,524.15",INR,V0001,AC006,software,Invoice 3704,reconciled
T004073,2024-05-27,"₹261,556.20",INR,V0004,AC008,software,Invoice 5253,pending
T004074,2024-06-06,"₹84,924.94",INR,V0028,AC007,software,Invoice 4493,disputed
T004075,2024-07-20,"₹426,568.72",INR,V0004,AC004,logistics,Invoice 5338,pending
T004076,2024-08-04,"₹368,909.76",INR,V0027,AC003,logistics,Invoice 1469,disputed
T004077,2024-09-30,"₹490,336.18",INR,V0016,AC002,marketing,Invoice 1395,unreconciled
T004078,2024-10-08,"₹265,934.53",INR,V0017,AC003,logistics,Invoice 7342,reconciled
T004079,2024-11-07,"₹29,776.53",INR,V0003,AC007,hardware,Invoice 1490,pending
T004080,2024-12-27,"₹298,272.70",INR,V9002,AC003,hardware,Invoice 1286,pending
T004081,2023-01-26,"₹180,768.27",INR,V0020,AC004,logistics,Invoice 7051,pending
T004082,2023-02-01,"₹440,243.66",INR,V0015,AC011,marketing,Invoice 9344,reconciled
T004083,2023-03-19,"₹423,224.23",INR,V0038,AC012,marketing,Invoice 9221,unreconciled
T004084,2023-04-21,"₹335,606.89",INR,V9005,AC012,facilities,Invoice 4218,unreconciled
T004085,2023-05-16,"₹441,141.91",INR,V0044,AC012,consulting,Invoice 9235,reconciled
T004086,2023-06-11,"₹476,535.54",INR,V0007,AC003,logistics,Invoice 6302,pending
T004087,2023-07-11,"₹288,508.40",INR,V0009,AC012,logistics,Invoice 5555,unreconciled
T004088,2023-08-28,"₹46,915.75",INR,V0038,AC009,software,Invoice 8636,unreconciled
T004089,2023-09-04,"₹198,234.91",INR,V0030,AC003,hardware,Invoice 5976,unreconciled
T004090,2023-10-26,"₹181,610.21",INR,V9002,AC002,marketing,Invoice 4788,unreconciled
T004091,2023-11-09,"₹445,698.38",INR,V0038,AC009,marketing,Invoice 8013,unreconciled
T004092,2023-12-05,"₹111,022.63",INR,V0023,AC001,marketing,Invoice 3709,unreconciled
T004093,2024-01-01,"₹171,259.26",INR,V9002,AC002,hardware,Invoice 3618,pending
T004094,2024-02-04,"₹54,467.92",INR,V0042,AC003,software,Invoice 1628,reconciled
T004095,2024-03-06,"₹304,478.31",INR,V0022,AC010,logistics,Invoice 3278,reconciled
T004096,2024-04-12,"₹221,047.71",INR,V0029,AC009,marketing,Invoice 5901,unreconciled
T004097,2024-05-29,"₹342,083.24",INR,V0028,AC003,software,Invoice 8310,unreconciled
T004098,2024-06-14,"₹286,740.94",INR,V0014,AC012,consulting,Invoice 5982,pending
T004099,2024-07-22,"₹7,372.12",INR,V0009,AC006,facilities,Invoice 3463,pending
T004100,2024-08-19,"₹182,062.25",INR,V0042,AC003,logistics,Invoice 3592,disputed
T004101,2024-09-14,"₹285,708.13",INR,V0021,AC010,logistics,Invoice 6019,disputed
T004102,2024-10-20,"₹157,950.15",INR,V9001,AC001,hardware,Invoice 1152,unreconciled
T004103,2024-11-02,"₹498,076.41",INR,V0021,AC004,consulting,Invoice 6218,disputed
T004104,2024-12-31,"₹64,169.90",INR,V9006,AC008,consulting,Invoice 5441,pending
T004105,2023-01-06,"₹490,623.63",INR,V0005,AC007,marketing,Invoice 9978,pending
T004106,2023-02-02,"₹157,822.07",INR,V0040,AC003,marketing,Invoice 2321,unreconciled
T004107,2023-03-25,"₹231,881.44",INR,V0008,AC003,logistics,Invoice 6562,pending
T004108,2023-04-03,"₹235,648.63",INR,V0009,AC005,software,Invoice 7330,reconciled
T004109,2023-05-24,"₹308,166.78",INR,V0025,AC003,consulting,Invoice 9351,disputed
T004110,2023-06-20,"₹203,106.81",INR,V9001,AC008,software,Invoice 1558,unreconciled
T004111,2023-07-21,"₹428,811.71",INR,V0020,AC010,hardware,Invoice 5629,pending
T004112,2023-08-30,"₹411,545.16",INR,V9001,AC010,facilities,Invoice 8023,reconciled
T004113,2023-09-13,"₹24,243.71",INR,V0042,AC006,marketing,Invoice 7136,unreconciled
T004114,2023-10-12,"₹70,376.36",INR,V0016,AC001,marketing,Invoice 5699,unreconciled
T004115,2023-11-16,"₹429,255.79",INR,V0040,AC012,logistics,Invoice 2531,unreconciled
T004116,2023-12-22,"₹22,275.95",INR,V0040,AC009,hardware,Invoice 3986,pending
T004117,2024-01-20,"₹406,269.63",INR,V0032,AC001,logistics,Invoice 4984,pending
T004118,2024-02-20,"₹78,286.76",INR,V0010,AC005,consulting,Invoice 4846,pending
T004119,2024-03-24,"₹239,696.70",INR,V0024,AC006,hardware,Invoice 2850,reconciled
T004120,2024-04-14,"₹312,779.64",INR,V0040,AC010,facilities,Invoice 1297,unreconciled
T004121,2024-05-29,"₹21,761.65",INR,V0016,AC005,consulting,Invoice 8924,reconciled
T004122,2024-06-23,"₹323,842.40",INR,V9002,AC001,software,Invoice 9014,pending
T004123,2024-07-13,"₹184,346.06",INR,V9003,AC001,marketing,Invoice 2032,unreconciled
T004124,2024-08-16,"₹464,721.10",INR,V0026,AC004,facilities,Invoice 4556,unreconciled
T004125,2024-09-14,"₹227,531.33",INR,V0022,AC010,software,Invoice 2902,unreconciled
T004126,2024-10-01,"₹237,058.56",INR,V0007,AC003,marketing,Invoice 6635,unreconciled
T004127,2024-11-06,"₹334,606.88",INR,V0006,AC010,software,Invoice 3494,unreconciled
T004128,2024-12-11,"₹120,153.38",INR,V0034,AC003,consulting,Invoice 6767,disputed
T004129,2023-01-01,"₹406,425.12",INR,V0023,AC011,facilities,Invoice 1320,reconciled
T004130,2023-02-22,"₹82,569.70",INR,V0006,AC007,facilities,Invoice 8805,unreconciled
T004131,2023-03-30,"₹396,986.38",INR,V0042,AC004,consulting,Invoice 8607,unreconciled
T004132,2023-04-10,"₹136,292.71",INR,V0031,AC005,hardware,Invoice 8326,unreconciled
T004133,2023-05-07,"₹152,748.13",INR,V0040,AC010,hardware,Invoice 7133,unreconciled
T004134,2023-06-05,"₹191,939.76",INR,V0015,AC009,logistics,Invoice 4466,disputed
T004135,2023-07-26,"₹263,612.86",INR,V0033,AC003,logistics,Invoice 2743,disputed
T004136,2023-08-15,"₹465,848.63",INR,V9002,AC007,marketing,Invoice 2187,unreconciled
T004137,2023-09-02,"₹456,998.27",INR,V0033,AC009,software,Invoice 4315,reconciled
T004138,2023-10-25,"₹142,589.44",INR,V9001,AC009,consulting,Invoice 6201,unreconciled
T004139,2023-11-06,"₹347,801.98",INR,V0044,AC003,hardware,Invoice 5860,pending
T004140,2023-12-09,"₹336,981.09",INR,V0008,AC012,marketing,Invoice 7023,pending
T004141,2024-01-21,"₹189,675.15",INR,V0026,AC004,consulting,Invoice 9340,unreconciled
T004142,2024-02-03,"₹445,534.38",INR,V0015,AC010,consulting,Invoice 6519,reconciled
T004143,2024-03-02,"₹171,221.57",INR,V0026,AC012,logistics,Invoice 3303,reconciled
T004144,2024-04-20,"₹445,739.77",INR,V0003,AC003,facilities,Invoice 5840,reconciled
T004145,2024-05-17,"₹432,018.57",INR,V0027,AC007,consulting,Invoice 4686,disputed
T004146,2024-06-08,"₹88,199.49",INR,V0017,AC012,marketing,Invoice 5316,disputed
T004147,2024-07-27,"₹297,203.68",INR,V9004,AC011,hardware,Invoice 9369,reconciled
T004148,2024-08-24,"₹220,943.49",INR,V0032,AC006,facilities,Invoice 2140,disputed
T004149,2024-09-19,"₹462,337.33",INR,V0027,AC011,facilities,Invoice 5204,unreconciled
T004150,2024-10-30,"₹411,047.39",INR,V0044,AC012,software,Invoice 4434,reconciled
T004151,2024-11-23,"₹61,771.86",INR,V9003,AC001,software,Invoice 7222,unreconciled
T004152,2024-12-05,"₹435,870.63",INR,V0045,AC007,hardware,Invoice 1452,unreconciled
T004153,2023-01-08,"₹258,490.97",INR,V0035,AC009,hardware,Invoice 9778,reconciled
T004154,2023-02-09,"₹127,104.29",INR,V0038,AC002,hardware,Invoice 3794,unreconciled
T004155,2023-03-10,"₹122,426.64",INR,V0012,AC006,hardware,Invoice 6641,unreconciled
T004156,2023-04-18,"₹385,881.71",INR,V0030,AC007,marketing,Invoice 8753,pending
T004157,2023-05-26,"₹119,986.46",INR,V0022,AC002,logistics,Invoice 4302,reconciled
T004158,2023-06-29,"₹488,052.65",INR,V0035,AC011,hardware,Invoice 5569,reconciled
T004159,2023-07-27,"₹50,071.50",INR,V0004,AC011,logistics,Invoice 3015,disputed
T004160,2023-08-04,"₹453,462.24",INR,V0004,AC011,consulting,Invoice 1953,disputed
T004161,2023-09-20,"₹82,506.32",INR,V0036,AC009,software,Invoice 9352,reconciled
T004162,2023-10-21,"₹7,381.14",INR,V0042,AC002,hardware,Invoice 2514,unreconciled
T004163,2023-11-17,"₹329,597.03",INR,V0044,AC007,consulting,Invoice 7245,pending
T004164,2023-12-04,"₹121,677.86",INR,V0033,AC011,consulting,Invoice 9405,reconciled
T004165,2024-01-12,"₹99,332.91",INR,V0029,AC008,marketing,Invoice 2843,unreconciled
T004166,2024-02-05,"₹413,243.73",INR,V0034,AC011,consulting,Invoice 1366,unreconciled
T004167,2024-03-26,"₹421,970.50",INR,V0019,AC002,marketing,Invoice 1881,pending
T004168,2024-04-27,"₹336,045.12",INR,V0030,AC001,logistics,Invoice 3741,reconciled
T004169,2024-05-11,"₹336,004.47",INR,V0035,AC008,facilities,Invoice 4642,unreconciled
T004170,2024-06-07,"₹250,267.88",INR,V0023,AC001,marketing,Invoice 8597,disputed
T004171,2024-07-14,"₹8,512.67",INR,V0002,AC006,facilities,Invoice 9820,pending
T004172,2024-08-26,"₹246,077.70",INR,V0004,AC005,software,Invoice 4917,unreconciled
T004173,2024-09-18,"₹335,409.66",INR,V0015,AC007,hardware,Invoice 9294,disputed
T004174,2024-10-21,"₹147,827.86",INR,V0009,AC004,consulting,Invoice 7654,unreconciled
T004175,2024-11-08,"₹166,793.03",INR,V0017,AC012,logistics,Invoice 9528,unreconciled
T004176,2024-12-04,"₹186,787.93",INR,V0024,AC012,facilities,Invoice 8673,pending
T004177,2023-01-01,"₹272,105.51",INR,V0014,AC009,facilities,Invoice 5086,unreconciled
T004178,2023-02-22,"₹272,683.28",INR,V0041,AC006,consulting,Invoice 6700,reconciled
T004179,2023-03-07,"₹16,603.04",INR,V9001,AC002,facilities,Invoice 5212,reconciled
T004180,2023-04-13,"₹437,030.68",INR,V0045,AC003,logistics,Invoice 7790,pending
T004181,2023-05-16,"₹297,958.18",INR,V0027,AC010,logistics,Invoice 1734,unreconciled
T004182,2023-06-23,"₹339,290.33",INR,V0011,AC010,marketing,Invoice 8599,unreconciled
T004183,2023-07-30,"₹479,701.54",INR,V0031,AC008,hardware,Invoice 6116,disputed
T004184,2023-08-25,"₹68,584.99",INR,V0044,AC005,facilities,Invoice 4983,disputed
T004185,2023-09-11,"₹434,843.37",INR,V0043,AC003,logistics,Invoice 3752,disputed
T004186,2023-10-15,"₹174,068.36",INR,V0011,AC003,software,Invoice 8058,pending
T004187,2023-11-15,"₹10,400.64",INR,V0039,AC011,marketing,Invoice 6136,disputed
T004188,2023-12-13,"₹276,348.83",INR,V0042,AC006,marketing,Invoice 9504,pending
T004189,2024-01-20,"₹85,934.35",INR,V0011,AC011,hardware,Invoice 2698,unreconciled
T004190,2024-02-28,"₹477,945.10",INR,V0024,AC003,software,Invoice 4037,pending
T004191,2024-03-21,"₹22,334.74",INR,V0042,AC004,marketing,Invoice 9668,reconciled
T004192,2024-04-24,"₹466,233.46",INR,V0029,AC008,logistics,Invoice 5386,unreconciled
T004193,2024-05-26,"₹371,378.47",INR,V0016,AC007,logistics,Invoice 2356,pending
T004194,2024-06-07,"₹233,216.39",INR,V0024,AC009,facilities,Invoice 8566,unreconciled
T004195,2024-07-09,"₹128,998.20",INR,V0003,AC010,facilities,Invoice 4510,unreconciled
T004196,2024-08-24,"₹333,862.58",INR,V0040,AC009,software,Invoice 2879,pending
T004197,2024-09-02,"₹209,730.90",INR,V0039,AC008,hardware,Invoice 2945,reconciled
T004198,2024-10-16,"₹247,228.50",INR,V0010,AC007,marketing,Invoice 9738,unreconciled
T004199,2024-11-01,"₹465,231.71",INR,V0033,AC011,logistics,Invoice 5608,disputed
T004200,2024-12-21,"₹378,744.95",INR,V0011,AC012,software,Invoice 5754,disputed
T004201,2023-01-01,"₹430,929.74",INR,V0024,AC005,software,Invoice 3989,reconciled
T004202,2023-02-18,"₹358,514.81",INR,V0021,AC009,hardware,Invoice 1555,unreconciled
T004203,2023-03-22,"₹192,089.52",INR,V0038,AC006,logistics,Invoice 5675,disputed
T004204,2023-04-15,"₹291,388.09",INR,V0015,AC012,consulting,Invoice 2133,unreconciled
T004205,2023-05-01,"₹471,860.23",INR,V0040,AC003,logistics,Invoice 6029,disputed
T004206,2023-06-30,"₹375,319.23",INR,V0025,AC005,software,Invoice 5480,disputed
T004207,2023-07-06,"₹288,893.90",INR,V0009,AC011,hardware,Invoice 5595,reconciled
T004208,2023-08-31,"₹445,988.29",INR,V0040,AC004,marketing,Invoice 1496,reconciled
T004209,2023-09-25,"₹179,349.66",INR,V0014,AC012,logistics,Invoice 8385,disputed
T004210,2023-10-26,"₹124,650.88",INR,V9005,AC004,facilities,Invoice 2387,unreconciled
T004211,2023-11-10,"₹458,535.30",INR,V0016,AC008,facilities,Invoice 7121,pending
T004212,2023-12-03,"₹98,089.82",INR,V0034,AC001,hardware,Invoice 6502,reconciled
T004213,2024-01-15,"₹128,575.04",INR,V0045,AC003,hardware,Invoice 3122,unreconciled
T004214,2024-02-22,"₹316,422.88",INR,V0017,AC002,hardware,Invoice 9029,pending
T004215,2024-03-10,"₹478,317.90",INR,V0035,AC012,hardware,Invoice 2136,disputed
T004216,2024-04-17,"₹429,175.93",INR,V0001,AC010,consulting,Invoice 7530,reconciled
T004217,2024-05-08,"₹454,362.77",INR,V0004,AC006,marketing,Invoice 8735,unreconciled
T004218,2024-06-26,"₹450,147.69",INR,V0028,AC005,logistics,Invoice 1371,reconciled
T004219,2024-07-14,"₹165,848.21",INR,V0026,AC008,marketing,Invoice 5149,unreconciled
T004220,2024-08-20,"₹189,206.27",INR,V0011,AC009,marketing,Invoice 6397,unreconciled
T004221,2024-09-05,"₹190,191.75",INR,V0028,AC005,marketing,Invoice 3245,unreconciled
T004222,2024-10-21,"₹211,724.67",INR,V0031,AC011,logistics,Invoice 9090,unreconciled
T004223,2024-11-13,"₹147,745.62",INR,V0029,AC002,marketing,Invoice 1898,unreconciled
T004224,2024-12-07,"₹309,654.02",INR,V0002,AC003,consulting,Invoice 3144,pending
T004225,2023-01-04,"₹334,311.43",INR,V0001,AC005,logistics,Invoice 4169,reconciled
T004226,2023-02-19,"₹444,796.83",INR,V0039,AC005,facilities,Invoice 5227,pending
T004227,2023-03-28,"₹443,196.04",INR,V0039,AC002,software,Invoice 8921,unreconciled
T004228,2023-04-29,"₹397,969.78",INR,V0044,AC002,consulting,Invoice 3135,unreconciled
T004229,2023-05-21,"₹281,433.47",INR,V9003,AC010,marketing,Invoice 3887,pending
T004230,2023-06-26,"₹181,806.49",INR,V0031,AC011,logistics,Invoice 7106,unreconciled
T004231,2023-07-10,"₹12,306.13",INR,V9005,AC008,facilities,Invoice 3661,reconciled
T004232,2023-08-06,"₹52,155.26",INR,V0021,AC007,hardware,Invoice 8040,reconciled
T004233,2023-09-01,"₹406,881.52",INR,V0004,AC010,logistics,Invoice 9868,pending
T004234,2023-10-12,"₹148,391.40",INR,V0032,AC006,software,Invoice 3829,unreconciled
T004235,2023-11-11,"₹20,122.87",INR,V0019,AC006,marketing,Invoice 6215,disputed
T004236,2023-12-01,"₹108,606.68",INR,V0024,AC004,software,Invoice 8100,reconciled
T004237,2024-01-04,"₹235,702.37",INR,V0028,AC001,software,Invoice 7487,pending
T004238,2024-02-14,"₹360,518.91",INR,V0033,AC005,marketing,Invoice 5661,reconciled
T004239,2024-03-04,"₹321,361.65",INR,V0022,AC007,hardware,Invoice 3573,disputed
T004240,2024-04-24,"₹309,721.91",INR,V0022,AC008,hardware,Invoice 7716,disputed
T004241,2024-05-19,"₹342,352.48",INR,V9003,AC010,facilities,Invoice 1316,reconciled
T004242,2024-06-19,"₹365,592.53",INR,V0008,AC010,logistics,Invoice 1480,disputed
T004243,2024-07-08,"₹151,178.11",INR,V0019,AC010,marketing,Invoice 2203,unreconciled
T004244,2024-08-24,"₹10,624.87",INR,V0011,AC010,consulting,Invoice 3660,reconciled
T004245,2024-09-08,"₹169,672.74",INR,V0032,AC004,consulting,Invoice 4104,reconciled
T004246,2024-10-05,"₹92,195.56",INR,V9006,AC007,hardware,Invoice 7299,pending
T004247,2024-11-10,"₹275,011.71",INR,V9002,AC007,marketing,Invoice 9786,unreconciled
T004248,2024-12-25,"₹155,351.69",INR,V9001,AC011,marketing,Invoice 1688,disputed
T004249,2023-01-24,"₹147,284.86",INR,V9006,AC009,consulting,Invoice 6556,reconciled
T004250,2023-02-15,"₹72,827.54",INR,V0044,AC010,consulting,Invoice 7956,disputed
T004251,2023-03-04,"₹191,870.62",INR,V0005,AC007,logistics,Invoice 1682,pending
T004252,2023-04-15,"₹389,508.22",INR,V0029,AC004,consulting,Invoice 5085,unreconciled
T004253,2023-05-11,"₹204,036.67",INR,V9003,AC007,facilities,Invoice 7257,disputed
T004254,2023-06-03,"₹332,429.33",INR,V0004,AC008,facilities,Invoice 3007,unreconciled
T004255,2023-07-19,"₹404,823.96",INR,V0003,AC008,consulting,Invoice 8413,pending
T004256,2023-08-25,"₹351,112.51",INR,V0038,AC008,facilities,Invoice 6789,disputed
T004257,2023-09-24,"₹335,717.57",INR,V0023,AC004,consulting,Invoice 5485,unreconciled
T004258,2023-10-25,"₹339,981.07",INR,V0024,AC005,hardware,Invoice 8545,reconciled
T004259,2023-11-27,"₹379,163.31",INR,V0007,AC008,consulting,Invoice 5287,reconciled
T004260,2023-12-17,"₹288,393.88",INR,V0005,AC011,software,Invoice 8328,disputed
T004261,2024-01-22,"₹63,289.95",INR,V9001,AC009,consulting,Invoice 3653,pending
T004262,2024-02-20,"₹353,796.61",INR,V0036,AC011,facilities,Invoice 7264,pending
T004263,2024-03-29,"₹109,984.14",INR,V0021,AC009,facilities,Invoice 3960,unreconciled
T004264,2024-04-14,"₹319,960.69",INR,V0027,AC012,logistics,Invoice 1202,reconciled
T004265,2024-05-14,"₹133,636.05",INR,V0018,AC007,facilities,Invoice 2926,unreconciled
T004266,2024-06-08,"₹352,283.06",INR,V0020,AC005,software,Invoice 2616,disputed
T004267,2024-07-12,"₹346,835.02",INR,V9006,AC002,marketing,Invoice 6753,pending
T004268,2024-08-21,"₹154,397.51",INR,V0013,AC002,marketing,Invoice 4838,unreconciled
T004269,2024-09-07,"₹103,230.30",INR,V0001,AC008,logistics,Invoice 3667,pending
T004270,2024-10-16,"₹22,715.33",INR,V0009,AC009,marketing,Invoice 8493,pending
T004271,2024-11-23,"₹303,697.17",INR,V9002,AC009,logistics,Invoice 6727,reconciled
T004272,2024-12-16,"₹339,061.67",INR,V9004,AC008,software,Invoice 1260,unreconciled
T004273,2023-01-18,"₹63,362.49",INR,V0011,AC008,consulting,Invoice 8884,reconciled
T004274,2023-02-20,"₹392,624.39",INR,V0007,AC011,logistics,Invoice 9935,unreconciled
T004275,2023-03-18,"₹385,734.92",INR,V0009,AC007,consulting,Invoice 2135,unreconciled
T004276,2023-04-27,"₹296,917.20",INR,V0012,AC008,software,Invoice 1298,disputed
T004277,2023-05-24,"₹263,251.07",INR,V9004,AC012,marketing,Invoice 3329,reconciled
T004278,2023-06-06,"₹318,731.65",INR,V0040,AC002,logistics,Invoice 8190,disputed
T004279,2023-07-22,"₹235,525.68",INR,V0028,AC005,hardware,Invoice 3207,pending
T004280,2023-08-04,"₹423,835.06",INR,V0041,AC011,hardware,Invoice 4919,reconciled
T004281,2023-09-17,"₹438,007.79",INR,V0044,AC004,logistics,Invoice 4917,reconciled
T004282,2023-10-15,"₹264,947.02",INR,V0003,AC001,facilities,Invoice 1215,unreconciled
T004283,2023-11-21,"₹417,538.64",INR,V0010,AC011,hardware,Invoice 4003,reconciled
T004284,2023-12-02,"₹324,854.35",INR,V0006,AC009,hardware,Invoice 6945,reconciled
T004285,2024-01-10,"₹384,633.28",INR,V0037,AC009,consulting,Invoice 7625,unreconciled
T004286,2024-02-04,"₹55,848.65",INR,V9004,AC012,marketing,Invoice 5679,pending
T004287,2024-03-07,"₹322,546.53",INR,V0008,AC004,facilities,Invoice 6229,disputed
T004288,2024-04-05,"₹375,208.65",INR,V0027,AC002,facilities,Invoice 3613,disputed
T004289,2024-05-28,"₹2,307.93",INR,V0030,AC007,hardware,Invoice 7783,disputed
T004290,2024-06-13,"₹259,838.41",INR,V0012,AC012,hardware,Invoice 1345,unreconciled
T004291,2024-07-13,"₹174,614.79",INR,V0018,AC010,facilities,Invoice 9975,disputed
T004292,2024-08-12,"₹54,314.75",INR,V0032,AC007,hardware,Invoice 5646,unreconciled
T004293,2024-09-23,"₹38,635.13",INR,V0003,AC012,logistics,Invoice 4517,unreconciled
T004294,2024-10-23,"₹130,499.89",INR,V0035,AC001,consulting,Invoice 7944,unreconciled
T004295,2024-11-04,"₹371,762.46",INR,V9002,AC001,hardware,Invoice 8629,reconciled
T004296,2024-12-14,"₹63,176.52",INR,V0035,AC005,marketing,Invoice 8489,reconciled
T004297,2023-01-12,"₹467,288.70",INR,V0019,AC009,consulting,Invoice 6631,reconciled
T004298,2023-02-05,"₹28,263.34",INR,V0031,AC002,facilities,Invoice 7508,disputed
T004299,2023-03-22,"₹17,677.72",INR,V0031,AC006,software,Invoice 6053,pending
T004300,2023-04-19,"₹3,444.35",INR,V0029,AC012,software,Invoice 5674,reconciled
T004301,2023-05-30,"₹398,633.94",INR,V0045,AC007,marketing,Invoice 2954,unreconciled
T004302,2023-06-16,"₹342,401.82",INR,V9004,AC007,marketing,Invoice 8806,pending
T004303,2023-07-19,"₹359,977.21",INR,V0039,AC007,marketing,Invoice 7935,disputed
T004304,2023-08-28,"₹402,345.89",INR,V0027,AC003,consulting,Invoice 8583,reconciled
T004305,2023-09-10,"₹497,499.83",INR,V0018,AC008,hardware,Invoice 9788,pending
T004306,2023-10-31,"₹258,566.61",INR,V0035,AC009,facilities,Invoice 6410,pending
T004307,2023-11-29,"₹58,031.74",INR,V0036,AC008,software,Invoice 2631,disputed
T004308,2023-12-25,"₹276,502.51",INR,V0032,AC010,facilities,Invoice 6424,unreconciled
T004309,2024-01-02,"₹329,202.65",INR,V0044,AC004,consulting,Invoice 5232,reconciled
T004310,2024-02-02,"₹312,110.24",INR,V0030,AC001,facilities,Invoice 6200,pending
T004311,2024-03-19,"₹224,682.77",INR,V0008,AC009,software,Invoice 9928,unreconciled
T004312,2024-04-14,"₹482,874.24",INR,V0033,AC005,marketing,Invoice 3615,unreconciled
T004313,2024-05-20,"₹6,621.80",INR,V0031,AC010,facilities,Invoice 3522,unreconciled
T004314,2024-06-28,"₹433,391.52",INR,V0034,AC012,consulting,Invoice 4621,reconciled
T004315,2024-07-18,"₹94,824.66",INR,V0023,AC006,marketing,Invoice 6087,unreconciled
T004316,2024-08-25,"₹135,466.75",INR,V0043,AC006,logistics,Invoice 2173,pending
T004317,2024-09-16,"₹90,536.38",INR,V0019,AC004,facilities,Invoice 7612,unreconciled
T004318,2024-10-09,"₹283,999.80",INR,V0015,AC004,facilities,Invoice 6869,reconciled
T004319,2024-11-22,"₹462,712.20",INR,V0041,AC005,software,Invoice 4865,reconciled
T004320,2024-12-17,"₹299,753.96",INR,V9005,AC001,marketing,Invoice 6879,unreconciled
T004321,2023-01-06,"₹95,396.61",INR,V0034,AC009,facilities,Invoice 8206,pending
T004322,2023-02-06,"₹371,569.71",INR,V0044,AC006,software,Invoice 3546,unreconciled
T004323,2023-03-13,"₹397,282.83",INR,V0019,AC001,marketing,Invoice 3997,unreconciled
T004324,2023-04-18,"₹20,251.30",INR,V9004,AC004,hardware,Invoice 3429,pending
T004325,2023-05-05,"₹307,801.33",INR,V0018,AC001,facilities,Invoice 4725,pending
T004326,2023-06-26,"₹315,105.08",INR,V0032,AC009,consulting,Invoice 5730,reconciled
T004327,2023-07-28,"₹176,092.94",INR,V9006,AC012,software,Invoice 2675,disputed
T004328,2023-08-02,"₹350,598.77",INR,V0024,AC008,consulting,Invoice 2659,unreconciled
T004329,2023-09-17,"₹309,288.24",INR,V0033,AC012,software,Invoice 8294,unreconciled
T004330,2023-10-25,"₹57,383.35",INR,V9001,AC006,consulting,Invoice 2002,disputed
T004331,2023-11-19,"₹253,525.82",INR,V0004,AC004,facilities,Invoice 6823,disputed
T004332,2023-12-31,"₹376,771.95",INR,V0039,AC011,facilities,Invoice 6478,reconciled
T004333,2024-01-27,"₹168,746.67",INR,V0025,AC010,logistics,Invoice 1692,pending
T004334,2024-02-08,"₹204,125.14",INR,V0023,AC004,software,Invoice 3007,reconciled
T004335,2024-03-30,"₹369,368.90",INR,V0010,AC004,marketing,Invoice 8686,disputed
T004336,2024-04-26,"₹38,734.43",INR,V0031,AC011,consulting,Invoice 1561,disputed
T004337,2024-05-03,"₹235,849.84",INR,V0021,AC008,consulting,Invoice 5710,disputed
T004338,2024-06-23,"₹38,523.71",INR,V0008,AC003,facilities,Invoice 9681,unreconciled
T004339,2024-07-27,"₹80,146.57",INR,V0014,AC007,facilities,Invoice 3309,pending
T004340,2024-08-24,"₹400,616.87",INR,V0045,AC009,consulting,Invoice 9299,unreconciled
T004341,2024-09-15,"₹369,751.04",INR,V0037,AC003,consulting,Invoice 3590,unreconciled
T004342,2024-10-25,"₹154,501.52",INR,V0045,AC012,software,Invoice 9382,pending
T004343,2024-11-09,"₹337,050.26",INR,V0027,AC012,logistics,Invoice 6693,disputed
T004344,2024-12-22,"₹293,347.75",INR,V0024,AC010,logistics,Invoice 7589,reconciled
T004345,2023-01-01,"₹399,917.84",INR,V0039,AC011,facilities,Invoice 1572,disputed
T004346,2023-02-07,"₹296,384.54",INR,V0040,AC002,software,Invoice 1550,reconciled
T004347,2023-03-28,"₹218,979.38",INR,V0013,AC004,hardware,Invoice 3286,pending
T004348,2023-04-05,"₹24,439.43",INR,V0006,AC001,consulting,Invoice 5087,unreconciled
T004349,2023-05-17,"₹193,634.99",INR,V9006,AC007,logistics,Invoice 5241,reconciled
T004350,2023-06-14,"₹102,026.87",INR,V0042,AC003,consulting,Invoice 1053,pending
T004351,2023-07-25,"₹485,869.04",INR,V0002,AC010,logistics,Invoice 2137,reconciled
T004352,2023-08-22,"₹308,114.97",INR,V0027,AC003,facilities,Invoice 2806,reconciled
T004353,2023-09-30,"₹283,311.80",INR,V0044,AC012,hardware,Invoice 5286,reconciled
T004354,2023-10-09,"₹219,816.23",INR,V0016,AC006,consulting,Invoice 7957,pending
T004355,2023-11-22,"₹281,378.73",INR,V0038,AC010,facilities,Invoice 2318,reconciled
T004356,2023-12-20,"₹309,840.72",INR,V0034,AC003,hardware,Invoice 6889,disputed
T004357,2024-01-27,"₹65,655.59",INR,V0038,AC007,consulting,Invoice 9746,reconciled
T004358,2024-02-01,"₹497,896.88",INR,V0036,AC006,hardware,Invoice 6865,reconciled
T004359,2024-03-11,"₹366,160.96",INR,V0005,AC012,software,Invoice 8408,unreconciled
T004360,2024-04-16,"₹35,669.15",INR,V0002,AC010,logistics,Invoice 7345,reconciled
T004361,2024-05-25,"₹346,966.76",INR,V0008,AC009,consulting,Invoice 2022,disputed
T004362,2024-06-16,"₹297,338.22",INR,V9001,AC005,software,Invoice 4291,pending
T004363,2024-07-10,"₹432,218.72",INR,V0028,AC012,logistics,Invoice 2091,reconciled
T004364,2024-08-14,"₹71,170.47",INR,V0013,AC008,facilities,Invoice 9533,pending
T004365,2024-09-08,"₹26,270.05",INR,V0039,AC005,hardware,Invoice 4533,disputed
T004366,2024-10-21,"₹413,143.34",INR,V0024,AC009,consulting,Invoice 8492,disputed
T004367,2024-11-05,"₹199,631.24",INR,V0037,AC002,facilities,Invoice 7740,pending
T004368,2024-12-24,"₹340,939.45",INR,V0015,AC008,software,Invoice 7374,unreconciled
T004369,2023-01-19,"₹416,317.67",INR,V0013,AC008,logistics,Invoice 5915,unreconciled
T004370,2023-02-17,"₹445,559.42",INR,V0022,AC011,logistics,Invoice 1357,disputed
T004371,2023-03-06,"₹291,406.91",INR,V0029,AC012,logistics,Invoice 3104,reconciled
T004372,2023-04-28,"₹222,874.51",INR,V9004,AC001,marketing,Invoice 8315,pending
T004373,2023-05-29,"₹487,346.80",INR,V0034,AC004,logistics,Invoice 1786,reconciled
T004374,2023-06-04,"₹61,041.95",INR,V0012,AC012,facilities,Invoice 1619,unreconciled
T004375,2023-07-02,"₹445,626.51",INR,V0010,AC007,facilities,Invoice 7057,unreconciled
T004376,2023-08-22,"₹199,000.78",INR,V9006,AC011,marketing,Invoice 6753,reconciled
T004377,2023-09-02,"₹167,951.27",INR,V0021,AC004,hardware,Invoice 7846,disputed
T004378,2023-10-16,"₹131,424.62",INR,V0035,AC005,consulting,Invoice 7347,reconciled
T004379,2023-11-29,"₹360,508.15",INR,V0041,AC011,facilities,Invoice 4661,pending
T004380,2023-12-11,"₹95,303.28",INR,V0013,AC005,facilities,Invoice 6356,pending
T004381,2024-01-10,"₹107,051.69",INR,V0041,AC003,facilities,Invoice 1027,reconciled
T004382,2024-02-01,"₹413,957.84",INR,V0035,AC005,facilities,Invoice 6508,reconciled
T004383,2024-03-24,"₹281,743.09",INR,V0010,AC006,marketing,Invoice 4481,reconciled
T004384,2024-04-10,"₹409,466.90",INR,V9002,AC010,consulting,Invoice 6867,disputed
T004385,2024-05-15,"₹299,904.73",INR,V9006,AC011,marketing,Invoice 8371,unreconciled
T004386,2024-06-28,"₹100,353.14",INR,V0045,AC007,marketing,Invoice 7968,pending
T004387,2024-07-13,"₹191,132.71",INR,V0039,AC012,facilities,Invoice 7188,unreconciled
T004388,2024-08-09,"₹75,385.40",INR,V0018,AC012,logistics,Invoice 7683,disputed
T004389,2024-09-17,"₹23,993.54",INR,V0028,AC011,consulting,Invoice 6836,disputed
T004390,2024-10-15,"₹444,552.32",INR,V0037,AC007,hardware,Invoice 5249,reconciled
T004391,2024-11-18,"₹238,228.57",INR,V9001,AC008,consulting,Invoice 6891,reconciled
T004392,2024-12-19,"₹286,205.67",INR,V0017,AC009,logistics,Invoice 9740,reconciled
T004393,2023-01-02,"₹440,269.23",INR,V0018,AC003,logistics,Invoice 5315,disputed
T004394,2023-02-07,"₹341,920.51",INR,V9004,AC012,hardware,Invoice 3433,unreconciled
T004395,2023-03-20,"₹10,083.46",INR,V0006,AC002,facilities,Invoice 2833,reconciled
T004396,2023-04-14,"₹184,451.68",INR,V0028,AC006,software,Invoice 4624,reconciled
T004397,2023-05-10,"₹218,265.88",INR,V0022,AC010,marketing,Invoice 4268,reconciled
T004398,2023-06-04,"₹389,148.84",INR,V0016,AC011,hardware,Invoice 6401,pending
T004399,2023-07-15,"₹223,284.61",INR,V0037,AC003,software,Invoice 6270,pending
T004400,2023-08-23,"₹270,635.66",INR,V0041,AC005,marketing,Invoice 9783,unreconciled
T004401,2023-09-18,"₹483,210.80",INR,V0008,AC001,hardware,Invoice 5315,unreconciled
T004402,2023-10-28,"₹12,071.01",INR,V0005,AC008,hardware,Invoice 7375,reconciled
T004403,2023-11-08,"₹186,908.68",INR,V0039,AC006,hardware,Invoice 8098,reconciled
T004404,2023-12-05,"₹450,412.00",INR,V0007,AC001,software,Invoice 4838,pending
T004405,2024-01-11,"₹391,262.00",INR,V0044,AC002,consulting,Invoice 2184,reconciled
T004406,2024-02-12,"₹27,605.83",INR,V9001,AC004,logistics,Invoice 9224,unreconciled
T004407,2024-03-08,"₹9,988.85",INR,V0017,AC012,logistics,Invoice 7010,disputed
T004408,2024-04-11,"₹354,777.81",INR,V0028,AC005,software,Invoice 1069,reconciled
T004409,2024-05-28,"₹356,787.04",INR,V9001,AC005,facilities,Invoice 3487,reconciled
T004410,2024-06-26,"₹147,676.45",INR,V0036,AC012,consulting,Invoice 2152,unreconciled
T004411,2024-07-13,"₹72,571.27",INR,V0031,AC004,consulting,Invoice 3607,pending
T004412,2024-08-28,"₹411,146.43",INR,V0015,AC001,hardware,Invoice 7216,pending
T004413,2024-09-22,"₹401,251.86",INR,V0045,AC002,hardware,Invoice 2874,unreconciled
T004414,2024-10-05,"₹276,817.41",INR,V0036,AC009,consulting,Invoice 2931,pending
T004415,2024-11-28,"₹214,009.93",INR,V0024,AC005,marketing,Invoice 2749,disputed
T004416,2024-12-15,"₹183,790.38",INR,V0015,AC004,software,Invoice 5788,pending
T004417,2023-01-28,"₹275,203.02",INR,V0021,AC001,software,Invoice 6190,unreconciled
T004418,2023-02-03,"₹106,894.76",INR,V0025,AC006,hardware,Invoice 4034,unreconciled
T004419,2023-03-13,"₹249,562.52",INR,V0038,AC003,logistics,Invoice 4948,unreconciled
T004420,2023-04-27,"₹149,917.56",INR,V0030,AC006,hardware,Invoice 6668,pending
T004421,2023-05-12,"₹136,016.08",INR,V0003,AC006,consulting,Invoice 3439,unreconciled
T004422,2023-06-22,"₹330,460.81",INR,V0042,AC001,software,Invoice 7462,disputed
T004423,2023-07-14,"₹348,797.25",INR,V9002,AC008,consulting,Invoice 3930,reconciled
T004424,2023-08-28,"₹303,314.09",INR,V0036,AC005,consulting,Invoice 5205,reconciled
T004425,2023-09-08,"₹186,635.97",INR,V0019,AC006,hardware,Invoice 6939,reconciled
T004426,2023-10-15,"₹336,216.84",INR,V0015,AC007,software,Invoice 1098,unreconciled
T004427,2023-11-05,"₹185,863.49",INR,V0027,AC012,software,Invoice 7713,pending
T004428,2023-12-14,"₹222,214.72",INR,V0010,AC001,hardware,Invoice 7726,unreconciled
T004429,2024-01-06,"₹315,908.96",INR,V0031,AC004,marketing,Invoice 9883,pending
T004430,2024-02-10,"₹474,704.11",INR,V0013,AC002,logistics,Invoice 9957,reconciled
T004431,2024-03-11,"₹354,609.02",INR,V0003,AC003,marketing,Invoice 9032,unreconciled
T004432,2024-04-28,"₹86,521.16",INR,V0026,AC012,hardware,Invoice 1218,unreconciled
T004433,2024-05-15,"₹439,440.12",INR,V0013,AC006,marketing,Invoice 4833,disputed
T004434,2024-06-28,"₹63,024.89",INR,V0032,AC008,marketing,Invoice 5190,reconciled
T004435,2024-07-03,"₹182,679.48",INR,V0031,AC008,hardware,Invoice 9787,unreconciled
T004436,2024-08-18,"₹78,590.80",INR,V0033,AC004,marketing,Invoice 3445,reconciled
T004437,2024-09-20,"₹372,767.90",INR,V0025,AC005,hardware,Invoice 3684,pending
T004438,2024-10-16,"₹486,976.20",INR,V0026,AC010,facilities,Invoice 6775,pending
T004439,2024-11-28,"₹18,931.13",INR,V0044,AC005,logistics,Invoice 8509,unreconciled
T004440,2024-12-04,"₹342,113.85",INR,V0003,AC002,logistics,Invoice 6093,unreconciled
T004441,2023-01-13,"₹345,513.45",INR,V9006,AC004,consulting,Invoice 9338,reconciled
T004442,2023-02-17,"₹359,815.62",INR,V9001,AC003,logistics,Invoice 7420,disputed
T004443,2023-03-26,"₹239,756.41",INR,V9002,AC002,software,Invoice 5055,disputed
T004444,2023-04-10,"₹62,622.51",INR,V0030,AC008,facilities,Invoice 9943,pending
T004445,2023-05-24,"₹446,859.94",INR,V0027,AC002,marketing,Invoice 7778,unreconciled
T004446,2023-06-06,"₹128,512.00",INR,V0030,AC001,software,Invoice 5148,disputed
T004447,2023-07-09,"₹321,862.40",INR,V0010,AC005,facilities,Invoice 1554,pending
T004448,2023-08-30,"₹373,181.84",INR,V0011,AC005,software,Invoice 2994,unreconciled
T004449,2023-09-26,"₹321,778.88",INR,V0034,AC007,facilities,Invoice 4732,reconciled
T004450,2023-10-09,"₹46,186.33",INR,V0022,AC008,marketing,Invoice 1099,pending
T004451,2023-11-19,"₹86,512.22",INR,V0045,AC011,consulting,Invoice 9462,unreconciled
T004452,2023-12-10,"₹181,879.29",INR,V0024,AC009,marketing,Invoice 8951,unreconciled
T004453,2024-01-07,"₹207,828.85",INR,V0034,AC007,facilities,Invoice 6160,unreconciled
T004454,2024-02-23,"₹466,766.96",INR,V0037,AC011,logistics,Invoice 3046,reconciled
T004455,2024-03-15,"₹399,772.17",INR,V0034,AC005,logistics,Invoice 8822,unreconciled
T004456,2024-04-01,₹771.18,INR,V0044,AC009,hardware,Invoice 3450,reconciled
T004457,2024-05-07,"₹463,653.93",INR,V0030,AC007,software,Invoice 9371,unreconciled
T004458,2024-06-20,"₹13,656.25",INR,V0029,AC006,logistics,Invoice 3228,unreconciled
T004459,2024-07-26,"₹187,144.75",INR,V0012,AC003,marketing,Invoice 3890,unreconciled
T004460,2024-08-26,"₹374,118.20",INR,V0033,AC008,consulting,Invoice 8319,unreconciled
T004461,2024-09-08,"₹123,370.55",INR,V0005,AC007,logistics,Invoice 8150,pending
T004462,2024-10-06,"₹491,490.72",INR,V0010,AC009,marketing,Invoice 1668,disputed
T004463,2024-11-11,"₹257,031.37",INR,V0015,AC008,marketing,Invoice 9534,unreconciled
T004464,2024-12-16,"₹264,336.67",INR,V0008,AC003,consulting,Invoice 4457,pending
T004465,2023-01-09,"₹388,463.19",INR,V0019,AC009,software,Invoice 4797,unreconciled
T004466,2023-02-15,"₹35,196.27",INR,V9006,AC004,logistics,Invoice 7960,reconciled
T004467,2023-03-05,"₹283,765.64",INR,V0003,AC006,logistics,Invoice 1792,pending
T004468,2023-04-03,"₹157,017.56",INR,V0028,AC012,consulting,Invoice 5209,disputed
T004469,2023-05-30,"₹46,775.04",INR,V0025,AC002,consulting,Invoice 8266,pending
T004470,2023-06-02,"₹99,262.60",INR,V0009,AC012,logistics,Invoice 4857,unreconciled
T004471,2023-07-26,"₹147,125.58",INR,V0010,AC008,marketing,Invoice 2956,disputed
T004472,2023-08-03,"₹274,900.60",INR,V0018,AC008,software,Invoice 7985,reconciled
T004473,2023-09-10,"₹188,303.71",INR,V0025,AC001,consulting,Invoice 4343,disputed
T004474,2023-10-17,"₹33,076.60",INR,V0030,AC011,logistics,Invoice 7568,pending
T004475,2023-11-25,"₹209,458.60",INR,V9005,AC010,marketing,Invoice 7819,disputed
T004476,2023-12-01,"₹74,605.21",INR,V0028,AC005,logistics,Invoice 3495,pending
T004477,2024-01-28,"₹390,929.43",INR,V0038,AC005,software,Invoice 4736,pending
T004478,2024-02-28,"₹297,178.93",INR,V0014,AC012,consulting,Invoice 3603,reconciled
T004479,2024-03-13,"₹217,774.19",INR,V0035,AC012,marketing,Invoice 1041,reconciled
T004480,2024-04-26,"₹171,664.75",INR,V0038,AC012,logistics,Invoice 3078,reconciled
T004481,2024-05-22,"₹393,463.37",INR,V0018,AC010,hardware,Invoice 1574,unreconciled
T004482,2024-06-16,"₹182,370.10",INR,V0003,AC011,hardware,Invoice 6021,disputed
T004483,2024-07-28,"₹161,295.90",INR,V0011,AC005,software,Invoice 6726,reconciled
T004484,2024-08-02,"₹158,773.30",INR,V0022,AC002,software,Invoice 4740,disputed
T004485,2024-09-19,"₹31,965.90",INR,V0016,AC008,consulting,Invoice 1884,disputed
T004486,2024-10-10,"₹73,034.76",INR,V0010,AC010,facilities,Invoice 2288,unreconciled
T004487,2024-11-11,"₹119,503.99",INR,V0012,AC011,marketing,Invoice 4538,unreconciled
T004488,2024-12-08,"₹121,157.28",INR,V0020,AC003,marketing,Invoice 5987,unreconciled
T004489,2023-01-09,"₹191,054.62",INR,V0034,AC001,facilities,Invoice 2862,disputed
T004490,2023-02-26,"₹467,054.35",INR,V0004,AC011,software,Invoice 3158,unreconciled
T004491,2023-03-28,"₹346,353.55",INR,V0030,AC009,hardware,Invoice 6075,unreconciled
T004492,2023-04-28,"₹476,004.07",INR,V0003,AC008,logistics,Invoice 7369,disputed
T004493,2023-05-01,"₹215,586.21",INR,V0021,AC007,facilities,Invoice 6048,reconciled
T004494,2023-06-10,"₹274,523.92",INR,V0014,AC007,marketing,Invoice 3620,unreconciled
T004495,2023-07-09,"₹82,161.48",INR,V0035,AC008,software,Invoice 5358,pending
T004496,2023-08-03,"₹453,165.09",INR,V0040,AC006,hardware,Invoice 4460,pending
T004497,2023-09-17,"₹393,511.39",INR,V0030,AC002,marketing,Invoice 6268,unreconciled
T004498,2023-10-22,"₹64,514.90",INR,V0001,AC009,software,Invoice 5252,pending
T004499,2023-11-20,"₹171,546.70",INR,V0012,AC009,consulting,Invoice 5307,unreconciled
T004500,2023-12-27,"₹315,664.77",INR,V0025,AC001,facilities,Invoice 3718,pending
T004501,2024-01-08,"₹63,921.25",INR,V0037,AC005,logistics,Invoice 9488,pending
T004502,2024-02-02,"₹275,609.86",INR,V0044,AC005,marketing,Invoice 5507,pending
T004503,2024-03-04,"₹188,361.48",INR,V9003,AC003,marketing,Invoice 3885,reconciled
T004504,2024-04-12,"₹291,936.83",INR,V0013,AC007,facilities,Invoice 4969,unreconciled
T004505,2024-05-08,"₹163,914.19",INR,V0038,AC012,facilities,Invoice 3584,reconciled
T004506,2024-06-05,"₹395,623.02",INR,V9002,AC008,hardware,Invoice 4603,disputed
T004507,2024-07-31,"₹453,304.58",INR,V0044,AC003,logistics,Invoice 9289,unreconciled
T004508,2024-08-30,"₹117,269.01",INR,V0014,AC011,marketing,Invoice 6563,reconciled
T004509,2024-09-02,"₹370,295.63",INR,V0018,AC012,consulting,Invoice 9718,reconciled
T004510,2024-10-05,"₹467,483.14",INR,V0026,AC009,marketing,Invoice 6277,disputed
T004511,2024-11-27,"₹215,015.06",INR,V0040,AC004,facilities,Invoice 6564,unreconciled
T004512,2024-12-12,"₹428,828.95",INR,V0002,AC001,consulting,Invoice 4598,disputed
T004513,2023-01-23,"₹358,653.46",INR,V0004,AC004,consulting,Invoice 8508,unreconciled
T004514,2023-02-14,"₹153,049.64",INR,V0001,AC010,consulting,Invoice 2992,pending
T004515,2023-03-26,"₹182,273.70",INR,V0005,AC004,hardware,Invoice 6587,unreconciled
T004516,2023-04-02,"₹270,030.78",INR,V0022,AC008,facilities,Invoice 8178,unreconciled
T004517,2023-05-19,"₹362,882.27",INR,V0001,AC009,hardware,Invoice 1888,disputed
T004518,2023-06-30,"₹258,009.90",INR,V0022,AC005,marketing,Invoice 6979,reconciled
T004519,2023-07-23,"₹303,183.22",INR,V0031,AC010,hardware,Invoice 1483,unreconciled
T004520,2023-08-15,"₹413,437.45",INR,V0004,AC004,consulting,Invoice 9015,pending
T004521,2023-09-03,"₹492,367.44",INR,V0013,AC009,marketing,Invoice 8002,disputed
T004522,2023-10-21,"₹140,102.76",INR,V9004,AC005,consulting,Invoice 6597,pending
T004523,2023-11-07,"₹68,223.11",INR,V0030,AC005,facilities,Invoice 8163,pending
T004524,2023-12-30,"₹159,933.70",INR,V0025,AC008,logistics,Invoice 5117,unreconciled
T004525,2024-01-21,"₹129,722.37",INR,V0006,AC006,consulting,Invoice 7080,pending
T004526,2024-02-19,"₹202,852.68",INR,V0011,AC004,facilities,Invoice 7955,pending
T004527,2024-03-10,"₹350,365.44",INR,V9005,AC004,consulting,Invoice 2258,unreconciled
T004528,2024-04-16,"₹317,658.52",INR,V0003,AC001,marketing,Invoice 7687,unreconciled
T004529,2024-05-05,"₹128,373.41",INR,V0009,AC006,logistics,Invoice 7311,unreconciled
T004530,2024-06-12,"₹493,119.30",INR,V0006,AC011,hardware,Invoice 8370,pending
T004531,2024-07-12,"₹49,303.99",INR,V0027,AC008,consulting,Invoice 9573,pending
T004532,2024-08-29,"₹341,928.83",INR,V0029,AC002,logistics,Invoice 8907,pending
T004533,2024-09-12,"₹463,207.00",INR,V9001,AC005,software,Invoice 2452,disputed
T004534,2024-10-14,"₹268,674.80",INR,V9004,AC005,facilities,Invoice 2958,pending
T004535,2024-11-03,"₹93,902.72",INR,V0018,AC010,consulting,Invoice 9117,reconciled
T004536,2024-12-20,"₹145,851.38",INR,V0013,AC008,hardware,Invoice 6706,unreconciled
T004537,2023-01-12,"₹300,306.27",INR,V0008,AC009,facilities,Invoice 6819,unreconciled
T004538,2023-02-21,"₹26,528.90",INR,V0015,AC009,software,Invoice 7870,unreconciled
T004539,2023-03-26,"₹486,649.80",INR,V0003,AC011,software,Invoice 6384,pending
T004540,2023-04-23,"₹261,463.51",INR,V0028,AC008,consulting,Invoice 5199,unreconciled
T004541,2023-05-31,"₹384,844.06",INR,V9002,AC004,marketing,Invoice 3241,disputed
T004542,2023-06-24,"₹98,992.36",INR,V0040,AC001,facilities,Invoice 5376,reconciled
T004543,2023-07-18,"₹379,249.84",INR,V0029,AC006,facilities,Invoice 9480,pending
T004544,2023-08-04,"₹51,827.37",INR,V0024,AC003,software,Invoice 5042,unreconciled
T004545,2023-09-04,"₹425,336.00",INR,V0025,AC004,consulting,Invoice 4565,unreconciled
T004546,2023-10-21,"₹293,089.55",INR,V0032,AC009,consulting,Invoice 2139,pending
T004547,2023-11-23,"₹115,830.15",INR,V0024,AC003,marketing,Invoice 8973,pending
T004548,2023-12-19,"₹354,554.19",INR,V0025,AC002,marketing,Invoice 4432,pending
T004549,2024-01-13,"₹263,357.68",INR,V0003,AC003,marketing,Invoice 9968,pending
T004550,2024-02-24,"₹353,811.35",INR,V0012,AC004,software,Invoice 2821,pending
T004551,2024-03-07,"₹120,202.18",INR,V0035,AC001,logistics,Invoice 7043,unreconciled
T004552,2024-04-10,"₹301,253.37",INR,V0035,AC007,facilities,Invoice 5162,disputed
T004553,2024-05-03,"₹296,956.06",INR,V0015,AC011,consulting,Invoice 9516,disputed
T004554,2024-06-13,"₹63,964.38",INR,V0035,AC009,consulting,Invoice 4730,unreconciled
T004555,2024-07-27,"₹483,926.68",INR,V9001,AC011,software,Invoice 6368,unreconciled
T004556,2024-08-12,"₹456,118.89",INR,V0026,AC007,marketing,Invoice 7670,disputed
T004557,2024-09-07,"₹404,677.59",INR,V0033,AC001,logistics,Invoice 9696,pending
T004558,2024-10-06,"₹72,556.43",INR,V0023,AC006,facilities,Invoice 1863,pending
T004559,2024-11-12,"₹423,341.51",INR,V0043,AC006,logistics,Invoice 2978,unreconciled
T004560,2024-12-28,"₹279,391.54",INR,V0021,AC009,hardware,Invoice 1729,reconciled
T004561,2023-01-15,"₹456,332.33",INR,V0038,AC012,marketing,Invoice 8474,pending
T004562,2023-02-05,"₹124,444.78",INR,V9006,AC007,marketing,Invoice 6597,unreconciled
T004563,2023-03-25,"₹289,245.83",INR,V0008,AC007,marketing,Invoice 8301,disputed
T004564,2023-04-30,"₹73,574.70",INR,V0008,AC006,hardware,Invoice 5904,disputed
T004565,2023-05-18,"₹28,339.64",INR,V0036,AC005,marketing,Invoice 8658,disputed
T004566,2023-06-03,"₹12,646.14",INR,V0015,AC012,logistics,Invoice 9446,disputed
T004567,2023-07-10,"₹458,145.04",INR,V0015,AC011,hardware,Invoice 1297,disputed
T004568,2023-08-01,"₹160,520.32",INR,V9006,AC009,hardware,Invoice 8454,unreconciled
T004569,2023-09-23,"₹471,590.01",INR,V0012,AC005,facilities,Invoice 4592,reconciled
T004570,2023-10-02,"₹262,252.09",INR,V0024,AC001,consulting,Invoice 3357,unreconciled
T004571,2023-11-18,"₹241,546.56",INR,V9004,AC012,facilities,Invoice 1791,disputed
T004572,2023-12-24,"₹303,585.08",INR,V0022,AC009,consulting,Invoice 2581,unreconciled
T004573,2024-01-06,"₹413,055.50",INR,V0032,AC003,facilities,Invoice 9501,unreconciled
T004574,2024-02-01,"₹91,248.47",INR,V9002,AC009,facilities,Invoice 6962,unreconciled
T004575,2024-03-03,"₹247,730.57",INR,V0017,AC009,consulting,Invoice 4841,pending
T004576,2024-04-29,"₹24,387.88",INR,V0022,AC008,consulting,Invoice 5743,pending
T004577,2024-05-22,"₹453,418.89",INR,V0025,AC010,hardware,Invoice 7437,pending
T004578,2024-06-16,"₹217,423.42",INR,V0009,AC001,consulting,Invoice 6642,disputed
T004579,2024-07-28,"₹452,736.96",INR,V0002,AC006,facilities,Invoice 7660,unreconciled
T004580,2024-08-24,"₹475,482.87",INR,V0041,AC006,logistics,Invoice 9838,unreconciled
T004581,2024-09-20,"₹460,319.87",INR,V0029,AC001,consulting,Invoice 4187,reconciled
T004582,2024-10-25,"₹312,935.12",INR,V0022,AC008,marketing,Invoice 9301,pending
T004583,2024-11-17,"₹306,526.72",INR,V0033,AC006,software,Invoice 3223,unreconciled
T004584,2024-12-08,"₹89,965.83",INR,V0040,AC002,hardware,Invoice 4370,reconciled
T004585,2023-01-03,"₹490,202.06",INR,V0039,AC005,logistics,Invoice 2522,pending
T004586,2023-02-24,"₹413,594.47",INR,V0040,AC004,software,Invoice 4324,unreconciled
T004587,2023-03-12,"₹15,837.42",INR,V0008,AC007,consulting,Invoice 1045,disputed
T004588,2023-04-29,"₹313,071.81",INR,V0030,AC009,software,Invoice 2217,reconciled
T004589,2023-05-26,"₹194,591.35",INR,V0009,AC012,consulting,Invoice 8935,pending
T004590,2023-06-14,"₹198,291.00",INR,V0024,AC010,facilities,Invoice 4985,pending
T004591,2023-07-03,"₹122,781.01",INR,V0016,AC007,logistics,Invoice 5600,reconciled
T004592,2023-08-27,"₹160,162.15",INR,V0020,AC001,marketing,Invoice 5514,reconciled
T004593,2023-09-03,"₹272,148.26",INR,V0042,AC001,hardware,Invoice 1567,unreconciled
T004594,2023-10-22,"₹74,678.27",INR,V0037,AC003,consulting,Invoice 4809,disputed
T004595,2023-11-16,"₹407,476.45",INR,V0033,AC006,logistics,Invoice 9557,disputed
T004596,2023-12-28,"₹460,205.67",INR,V0044,AC008,hardware,Invoice 5066,disputed
T004597,2024-01-04,"₹211,757.93",INR,V0040,AC008,facilities,Invoice 3638,pending
T004598,2024-02-18,"₹161,180.00",INR,V0034,AC007,hardware,Invoice 5369,unreconciled
T004599,2024-03-29,"₹179,978.86",INR,V0011,AC011,hardware,Invoice 7566,unreconciled
T004600,2024-04-10,"₹184,345.74",INR,V0029,AC007,consulting,Invoice 7080,reconciled
T004601,2024-05-19,"₹116,942.72",INR,V0045,AC009,consulting,Invoice 2754,unreconciled
T004602,2024-06-01,"₹346,243.90",INR,V0030,AC002,software,Invoice 6581,pending
T004603,2024-07-29,"₹186,894.62",INR,V0028,AC009,software,Invoice 7033,unreconciled
T004604,2024-08-06,"₹215,838.66",INR,V0015,AC006,facilities,Invoice 8482,disputed
T004605,2024-09-27,"₹122,155.79",INR,V0031,AC009,consulting,Invoice 8670,unreconciled
T004606,2024-10-04,"₹402,522.56",INR,V0036,AC007,software,Invoice 8794,reconciled
T004607,2024-11-12,"₹173,265.28",INR,V0037,AC006,hardware,Invoice 5694,unreconciled
T004608,2024-12-09,"₹480,950.67",INR,V0015,AC008,software,Invoice 4673,unreconciled
T004609,2023-01-24,"₹94,192.20",INR,V0009,AC009,facilities,Invoice 5946,pending
T004610,2023-02-22,"₹140,976.12",INR,V0001,AC001,marketing,Invoice 7408,reconciled
T004611,2023-03-10,"₹7,583.76",INR,V0037,AC009,consulting,Invoice 4224,disputed
T004612,2023-04-05,"₹448,548.85",INR,V0031,AC002,facilities,Invoice 1498,unreconciled
T004613,2023-05-06,"₹241,646.76",INR,V0045,AC005,facilities,Invoice 7464,disputed
T004614,2023-06-03,"₹460,257.14",INR,V0028,AC011,logistics,Invoice 5188,unreconciled
T004615,2023-07-12,"₹336,392.12",INR,V0044,AC012,consulting,Invoice 7971,reconciled
T004616,2023-08-03,"₹121,450.89",INR,V0018,AC008,hardware,Invoice 5948,pending
T004617,2023-09-16,"₹259,211.19",INR,V0018,AC008,logistics,Invoice 3901,pending
T004618,2023-10-02,"₹323,988.40",INR,V9002,AC012,facilities,Invoice 5837,reconciled
T004619,2023-11-04,"₹320,219.84",INR,V0022,AC006,consulting,Invoice 1299,unreconciled
T004620,2023-12-26,"₹101,553.57",INR,V0021,AC010,hardware,Invoice 2287,disputed
T004621,2024-01-27,"₹232,930.62",INR,V9003,AC011,software,Invoice 3097,disputed
T004622,2024-02-11,"₹446,911.18",INR,V0018,AC001,software,Invoice 5599,disputed
T004623,2024-03-06,"₹465,706.68",INR,V0037,AC008,consulting,Invoice 3568,unreconciled
T004624,2024-04-19,"₹285,150.77",INR,V0034,AC005,logistics,Invoice 6053,unreconciled
T004625,2024-05-06,"₹177,445.75",INR,V0033,AC002,marketing,Invoice 9911,unreconciled
T004626,2024-06-08,"₹464,591.93",INR,V0044,AC010,consulting,Invoice 3773,pending
T004627,2024-07-16,"₹236,678.10",INR,V0025,AC006,consulting,Invoice 9826,reconciled
T004628,2024-08-28,"₹309,561.61",INR,V0015,AC012,logistics,Invoice 6646,disputed
T004629,2024-09-20,"₹156,303.08",INR,V0020,AC008,logistics,Invoice 8641,disputed
T004630,2024-10-12,"₹495,444.52",INR,V0003,AC008,logistics,Invoice 9629,pending
T004631,2024-11-18,"₹120,244.60",INR,V0007,AC006,consulting,Invoice 1522,disputed
T004632,2024-12-05,"₹109,632.33",INR,V0029,AC004,logistics,Invoice 8925,unreconciled
T004633,2023-01-11,"₹121,824.02",INR,V0012,AC011,marketing,Invoice 9684,pending
T004634,2023-02-20,"₹357,257.12",INR,V0008,AC006,hardware,Invoice 4849,unreconciled
T004635,2023-03-06,"₹60,159.13",INR,V9002,AC012,consulting,Invoice 7997,reconciled
T004636,2023-04-06,"₹88,968.81",INR,V0025,AC010,hardware,Invoice 3254,reconciled
T004637,2023-05-22,"₹459,409.24",INR,V0020,AC005,logistics,Invoice 9042,disputed
T004638,2023-06-18,"₹135,265.33",INR,V9004,AC005,marketing,Invoice 6410,disputed
T004639,2023-07-13,"₹122,133.67",INR,V0029,AC001,marketing,Invoice 6847,reconciled
T004640,2023-08-16,"₹202,166.88",INR,V0015,AC007,consulting,Invoice 2278,disputed
T004641,2023-09-24,"₹163,157.30",INR,V0009,AC002,software,Invoice 2078,pending
T004642,2023-10-05,"₹392,228.78",INR,V0014,AC003,software,Invoice 4329,reconciled
T004643,2023-11-12,"₹97,901.95",INR,V0042,AC011,hardware,Invoice 3607,pending
T004644,2023-12-18,"₹59,567.83",INR,V0011,AC007,consulting,Invoice 3934,reconciled
T004645,2024-01-08,"₹38,492.73",INR,V0015,AC006,software,Invoice 2202,unreconciled
T004646,2024-02-19,"₹488,937.06",INR,V9001,AC006,hardware,Invoice 5044,disputed
T004647,2024-03-14,"₹105,873.72",INR,V9003,AC012,marketing,Invoice 9109,reconciled
T004648,2024-04-04,"₹17,389.54",INR,V0010,AC006,hardware,Invoice 3176,disputed
T004649,2024-05-26,"₹467,468.70",INR,V9002,AC004,hardware,Invoice 4926,reconciled
T004650,2024-06-21,"₹383,646.79",INR,V0035,AC004,marketing,Invoice 9435,unreconciled
T004651,2024-07-04,"₹286,547.98",INR,V0012,AC008,marketing,Invoice 5533,disputed
T004652,2024-08-06,"₹329,633.88",INR,V0037,AC012,marketing,Invoice 8393,unreconciled
T004653,2024-09-30,"₹86,565.69",INR,V0040,AC004,facilities,Invoice 5869,unreconciled
T004654,2024-10-04,"₹447,133.43",INR,V9003,AC001,consulting,Invoice 4689,unreconciled
T004655,2024-11-28,"₹184,473.93",INR,V0045,AC002,logistics,Invoice 4560,reconciled
T004656,2024-12-24,"₹361,368.84",INR,V0010,AC009,facilities,Invoice 9114,disputed
T004657,2023-01-05,"₹431,378.14",INR,V0041,AC005,logistics,Invoice 9875,unreconciled
T004658,2023-02-04,"₹306,258.11",INR,V0020,AC008,consulting,Invoice 7889,disputed
T004659,2023-03-11,₹501.25,INR,V0032,AC003,marketing,Invoice 9288,pending
T004660,2023-04-19,"₹301,495.67",INR,V0020,AC002,consulting,Invoice 6880,unreconciled
T004661,2023-05-01,"₹491,924.56",INR,V0036,AC004,software,Invoice 5340,disputed
T004662,2023-06-12,"₹356,342.48",INR,V0002,AC008,consulting,Invoice 5077,reconciled
T004663,2023-07-06,"₹264,334.22",INR,V0029,AC001,marketing,Invoice 1446,disputed
T004664,2023-08-10,"₹223,823.37",INR,V0037,AC006,consulting,Invoice 1380,unreconciled
T004665,2023-09-18,"₹403,275.36",INR,V9004,AC012,software,Invoice 5135,disputed
T004666,2023-10-29,"₹204,291.32",INR,V0015,AC008,software,Invoice 2378,unreconciled
T004667,2023-11-12,"₹118,123.23",INR,V0004,AC007,facilities,Invoice 6032,reconciled
T004668,2023-12-17,"₹131,435.76",INR,V0012,AC008,facilities,Invoice 2370,disputed
T004669,2024-01-02,"₹51,462.59",INR,V0001,AC009,software,Invoice 7925,unreconciled
T004670,2024-02-17,"₹130,358.27",INR,V0023,AC003,marketing,Invoice 4521,pending
T004671,2024-03-05,"₹35,186.88",INR,V0038,AC010,logistics,Invoice 8650,pending
T004672,2024-04-14,"₹163,172.01",INR,V0033,AC008,hardware,Invoice 5937,reconciled
T004673,2024-05-23,"₹171,400.00",INR,V0001,AC007,consulting,Invoice 3085,reconciled
T004674,2024-06-03,"₹447,560.72",INR,V0016,AC009,logistics,Invoice 3512,reconciled
T004675,2024-07-12,"₹379,297.57",INR,V0012,AC010,logistics,Invoice 1711,pending
T004676,2024-08-13,"₹119,307.47",INR,V0044,AC002,facilities,Invoice 8533,unreconciled
T004677,2024-09-15,"₹6,498.38",INR,V0044,AC008,software,Invoice 5320,disputed
T004678,2024-10-20,"₹210,784.05",INR,V0044,AC004,consulting,Invoice 9711,pending
T004679,2024-11-13,"₹109,361.62",INR,V0002,AC006,marketing,Invoice 2157,unreconciled
T004680,2024-12-09,"₹213,460.27",INR,V9004,AC007,software,Invoice 4149,reconciled
T004681,2023-01-07,"₹217,169.70",INR,V0032,AC011,logistics,Invoice 6793,unreconciled
T004682,2023-02-12,"₹394,951.92",INR,V0021,AC004,software,Invoice 3385,disputed
T004683,2023-03-12,"₹19,870.72",INR,V0035,AC009,facilities,Invoice 8849,disputed
T004684,2023-04-05,"₹431,273.83",INR,V0018,AC007,logistics,Invoice 3294,reconciled
T004685,2023-05-22,"₹52,320.12",INR,V0020,AC005,software,Invoice 1357,disputed
T004686,2023-06-30,"₹478,563.02",INR,V0012,AC004,marketing,Invoice 1553,unreconciled
T004687,2023-07-31,"₹16,217.92",INR,V0021,AC010,marketing,Invoice 9813,reconciled
T004688,2023-08-10,"₹373,532.61",INR,V0029,AC006,marketing,Invoice 7246,unreconciled
T004689,2023-09-22,"₹79,978.58",INR,V0016,AC004,hardware,Invoice 5778,pending
T004690,2023-10-06,"₹146,624.00",INR,V0039,AC009,software,Invoice 2729,pending
T004691,2023-11-27,"₹183,178.37",INR,V0023,AC001,logistics,Invoice 5611,unreconciled
T004692,2023-12-21,"₹381,154.68",INR,V0041,AC003,facilities,Invoice 3581,pending
T004693,2024-01-11,"₹374,504.52",INR,V0029,AC007,logistics,Invoice 7105,disputed
T004694,2024-02-25,"₹133,072.66",INR,V0045,AC002,marketing,Invoice 3391,unreconciled
T004695,2024-03-14,"₹323,705.20",INR,V0035,AC001,software,Invoice 5431,reconciled
T004696,2024-04-11,"₹17,260.08",INR,V0043,AC005,marketing,Invoice 6694,reconciled
T004697,2024-05-31,"₹485,490.94",INR,V0027,AC011,marketing,Invoice 2561,disputed
T004698,2024-06-22,"₹410,061.78",INR,V0020,AC004,hardware,Invoice 2872,reconciled
T004699,2024-07-10,"₹122,820.78",INR,V0033,AC001,marketing,Invoice 2622,unreconciled
T004700,2024-08-23,"₹111,239.06",INR,V0027,AC008,software,Invoice 3805,pending
T004701,2024-09-19,"₹89,393.66",INR,V0001,AC011,hardware,Invoice 7081,reconciled
T004702,2024-10-27,"₹417,788.03",INR,V0002,AC011,consulting,Invoice 1543,pending
T004703,2024-11-28,"₹302,692.18",INR,V0040,AC003,logistics,Invoice 1965,pending
T004704,2024-12-22,"₹27,318.07",INR,V0024,AC006,marketing,Invoice 9813,disputed
T004705,2023-01-09,"₹496,240.09",INR,V0017,AC010,consulting,Invoice 2959,unreconciled
T004706,2023-02-06,"₹291,846.23",INR,V0005,AC001,marketing,Invoice 9085,reconciled
T004707,2023-03-09,"₹414,559.66",INR,V0037,AC003,hardware,Invoice 3829,pending
T004708,2023-04-18,"₹217,311.80",INR,V9001,AC006,marketing,Invoice 5535,reconciled
T004709,2023-05-10,"₹223,014.95",INR,V0025,AC001,facilities,Invoice 7488,unreconciled
T004710,2023-06-25,"₹223,283.02",INR,V9003,AC001,hardware,Invoice 1034,unreconciled
T004711,2023-07-31,"₹362,617.86",INR,V0029,AC006,facilities,Invoice 2939,unreconciled
T004712,2023-08-26,"₹82,543.39",INR,V0014,AC003,marketing,Invoice 6838,reconciled
T004713,2023-09-13,"₹358,916.36",INR,V0028,AC001,facilities,Invoice 3296,unreconciled
T004714,2023-10-08,"₹199,236.11",INR,V0022,AC007,marketing,Invoice 8968,reconciled
T004715,2023-11-03,"₹46,352.75",INR,V0036,AC012,consulting,Invoice 4321,reconciled
T004716,2023-12-06,"₹170,336.79",INR,V0039,AC006,logistics,Invoice 2740,disputed
T004717,2024-01-21,"₹309,329.39",INR,V0042,AC008,marketing,Invoice 1537,reconciled
T004718,2024-02-12,"₹139,908.29",INR,V0026,AC009,hardware,Invoice 6270,pending
T004719,2024-03-20,"₹440,130.61",INR,V9005,AC008,facilities,Invoice 2239,disputed
T004720,2024-04-26,"₹41,425.68",INR,V0032,AC006,software,Invoice 8569,reconciled
T004721,2024-05-31,"₹125,964.30",INR,V9006,AC012,marketing,Invoice 7736,unreconciled
T004722,2024-06-27,"₹334,041.07",INR,V0040,AC008,software,Invoice 7560,unreconciled
T004723,2024-07-28,"₹273,223.01",INR,V0007,AC004,facilities,Invoice 4178,pending
T004724,2024-08-15,"₹348,084.69",INR,V0031,AC004,logistics,Invoice 4130,pending
T004725,2024-09-07,"₹3,919.22",INR,V0014,AC006,marketing,Invoice 4076,unreconciled
T004726,2024-10-04,"₹401,362.70",INR,V9001,AC012,consulting,Invoice 1129,unreconciled
T004727,2024-11-23,"₹194,027.97",INR,V0002,AC003,marketing,Invoice 3208,unreconciled
T004728,2024-12-15,"₹495,625.34",INR,V0011,AC001,logistics,Invoice 6941,pending
T004729,2023-01-17,"₹28,958.71",INR,V0009,AC010,software,Invoice 9200,unreconciled
T004730,2023-02-28,"₹241,040.74",INR,V0003,AC009,software,Invoice 1391,disputed
T004731,2023-03-08,"₹337,399.13",INR,V0040,AC010,software,Invoice 1101,unreconciled
T004732,2023-04-29,"₹240,971.66",INR,V0044,AC012,marketing,Invoice 8156,pending
T004733,2023-05-12,"₹442,576.31",INR,V0027,AC004,logistics,Invoice 1395,reconciled
T004734,2023-06-23,"₹302,063.86",INR,V0037,AC006,software,Invoice 1242,unreconciled
T004735,2023-07-06,"₹388,926.60",INR,V0003,AC003,logistics,Invoice 7277,disputed
T004736,2023-08-31,"₹148,989.92",INR,V0007,AC008,marketing,Invoice 3910,unreconciled
T004737,2023-09-22,"₹334,529.62",INR,V0037,AC002,software,Invoice 7269,unreconciled
T004738,2023-10-11,"₹277,667.81",INR,V0039,AC001,software,Invoice 6336,disputed
T004739,2023-11-27,"₹462,091.97",INR,V0026,AC005,marketing,Invoice 7745,pending
T004740,2023-12-05,"₹354,846.30",INR,V0041,AC001,marketing,Invoice 8047,unreconciled
T004741,2024-01-29,"₹497,494.41",INR,V0005,AC009,software,Invoice 5042,reconciled
T004742,2024-02-03,"₹290,889.72",INR,V0022,AC008,software,Invoice 2105,unreconciled
T004743,2024-03-22,"₹456,098.99",INR,V0023,AC006,hardware,Invoice 6199,unreconciled
T004744,2024-04-22,"₹469,547.90",INR,V0025,AC008,hardware,Invoice 2326,reconciled
T004745,2024-05-04,"₹60,524.09",INR,V0004,AC001,software,Invoice 2408,pending
T004746,2024-06-13,"₹216,276.75",INR,V0004,AC002,software,Invoice 9014,reconciled
T004747,2024-07-04,"₹241,279.17",INR,V0005,AC002,software,Invoice 6645,pending
T004748,2024-08-16,"₹444,433.51",INR,V0028,AC002,consulting,Invoice 4359,disputed
T004749,2024-09-19,"₹209,801.28",INR,V0007,AC011,marketing,Invoice 3214,reconciled
T004750,2024-10-24,"₹103,338.32",INR,V0033,AC011,facilities,Invoice 7095,pending
T004751,2024-11-24,"₹339,753.07",INR,V0014,AC012,logistics,Invoice 4450,disputed
T004752,2024-12-06,"₹410,301.31",INR,V0039,AC009,consulting,Invoice 4902,unreconciled
T004753,2023-01-10,"₹174,024.43",INR,V9001,AC010,marketing,Invoice 3428,pending
T004754,2023-02-27,"₹91,575.46",INR,V0016,AC001,facilities,Invoice 2588,unreconciled
T004755,2023-03-24,"₹384,052.97",INR,V0040,AC008,facilities,Invoice 8009,disputed
T004756,2023-04-16,"₹374,422.64",INR,V0002,AC003,hardware,Invoice 4058,unreconciled
T004757,2023-05-30,"₹302,747.24",INR,V0020,AC002,consulting,Invoice 5657,pending
T004758,2023-06-22,"₹488,787.36",INR,V0024,AC003,hardware,Invoice 7457,unreconciled
T004759,2023-07-06,"₹459,293.77",INR,V0024,AC007,software,Invoice 3397,pending
T004760,2023-08-20,"₹447,065.49",INR,V0034,AC012,logistics,Invoice 6602,disputed
T004761,2023-09-05,"₹288,459.09",INR,V9001,AC005,consulting,Invoice 6390,pending
T004762,2023-10-20,"₹325,346.71",INR,V0035,AC003,facilities,Invoice 1795,reconciled
T004763,2023-11-23,"₹221,273.19",INR,V0033,AC004,logistics,Invoice 7730,unreconciled
T004764,2023-12-21,"₹463,219.58",INR,V0020,AC007,logistics,Invoice 7401,unreconciled
T004765,2024-01-21,"₹321,556.28",INR,V0045,AC003,facilities,Invoice 7694,reconciled
T004766,2024-02-12,"₹114,157.83",INR,V9006,AC002,software,Invoice 5409,reconciled
T004767,2024-03-08,"₹335,332.00",INR,V0018,AC004,marketing,Invoice 4888,pending
T004768,2024-04-12,"₹328,374.61",INR,V0034,AC006,consulting,Invoice 5558,unreconciled
T004769,2024-05-14,"₹458,443.16",INR,V0041,AC004,hardware,Invoice 9747,disputed
T004770,2024-06-29,"₹333,007.78",INR,V9004,AC009,software,Invoice 7482,reconciled
T004771,2024-07-26,"₹476,938.25",INR,V0027,AC012,marketing,Invoice 3341,reconciled
T004772,2024-08-07,"₹277,055.82",INR,V9001,AC010,logistics,Invoice 2412,reconciled
T004773,2024-09-24,"₹494,639.92",INR,V0044,AC012,marketing,Invoice 4361,unreconciled
T004774,2024-10-05,"₹476,976.92",INR,V0001,AC009,hardware,Invoice 3567,unreconciled
T004775,2024-11-22,"₹141,450.73",INR,V0037,AC001,hardware,Invoice 2624,pending
T004776,2024-12-18,"₹347,352.71",INR,V0014,AC002,logistics,Invoice 7368,reconciled
T004777,2023-01-02,"₹13,977.52",INR,V9005,AC005,software,Invoice 4108,disputed
T004778,2023-02-07,"₹438,346.49",INR,V0026,AC010,marketing,Invoice 6309,pending
T004779,2023-03-03,"₹312,284.32",INR,V0032,AC004,marketing,Invoice 7892,reconciled
T004780,2023-04-07,"₹315,041.56",INR,V0024,AC009,facilities,Invoice 1176,pending
T004781,2023-05-16,"₹319,360.62",INR,V9006,AC006,facilities,Invoice 9687,pending
T004782,2023-06-01,"₹359,994.69",INR,V0020,AC012,hardware,Invoice 6893,reconciled
T004783,2023-07-29,"₹222,130.63",INR,V9002,AC001,facilities,Invoice 7801,reconciled
T004784,2023-08-06,"₹451,233.78",INR,V0043,AC012,software,Invoice 2518,reconciled
T004785,2023-09-05,"₹223,279.30",INR,V0014,AC001,logistics,Invoice 3932,unreconciled
T004786,2023-10-17,"₹9,732.30",INR,V0043,AC002,logistics,Invoice 3278,disputed
T004787,2023-11-30,"₹182,060.10",INR,V9004,AC003,software,Invoice 1533,reconciled
T004788,2023-12-04,"₹306,901.07",INR,V0027,AC004,hardware,Invoice 3780,disputed
T004789,2024-01-07,"₹352,481.20",INR,V0020,AC003,logistics,Invoice 1291,unreconciled
T004790,2024-02-05,"₹293,093.08",INR,V0003,AC001,software,Invoice 3726,disputed
T004791,2024-03-22,"₹405,986.45",INR,V0038,AC001,hardware,Invoice 9849,disputed
T004792,2024-04-14,"₹156,961.94",INR,V0017,AC012,consulting,Invoice 2928,reconciled
T004793,2024-05-28,"₹377,190.41",INR,V9004,AC006,hardware,Invoice 9133,unreconciled
T004794,2024-06-16,"₹158,292.37",INR,V0026,AC010,software,Invoice 2241,unreconciled
T004795,2024-07-30,"₹194,352.27",INR,V0038,AC003,hardware,Invoice 5591,unreconciled
T004796,2024-08-22,"₹162,057.90",INR,V0043,AC010,consulting,Invoice 5562,reconciled
T004797,2024-09-29,"₹497,076.24",INR,V0016,AC006,facilities,Invoice 5308,unreconciled
T004798,2024-10-13,"₹141,313.91",INR,V9001,AC010,consulting,Invoice 3218,pending
T004799,2024-11-08,"₹200,492.91",INR,V0004,AC005,marketing,Invoice 9633,disputed
T004800,2024-12-17,"₹65,766.62",INR,V9001,AC001,facilities,Invoice 3374,disputed
T004801,2023-01-23,"₹144,337.76",INR,V9002,AC010,consulting,Invoice 7525,unreconciled
T004802,2023-02-12,"₹384,866.71",INR,V0034,AC010,facilities,Invoice 5045,pending
T004803,2023-03-01,"₹129,343.61",INR,V0039,AC002,logistics,Invoice 4736,reconciled
T004804,2023-04-26,"₹105,469.60",INR,V0020,AC007,consulting,Invoice 7570,reconciled
T004805,2023-05-22,"₹79,491.16",INR,V9004,AC010,consulting,Invoice 4436,unreconciled
T004806,2023-06-12,"₹333,634.28",INR,V0043,AC002,software,Invoice 7969,reconciled
T004807,2023-07-24,"₹140,452.90",INR,V9001,AC008,consulting,Invoice 9621,disputed
T004808,2023-08-21,"₹198,912.97",INR,V0006,AC012,consulting,Invoice 6501,disputed
T004809,2023-09-05,"₹200,689.66",INR,V0009,AC004,logistics,Invoice 9968,unreconciled
T004810,2023-10-04,"₹3,249.98",INR,V0038,AC009,consulting,Invoice 4576,unreconciled
T004811,2023-11-06,"₹443,846.35",INR,V0017,AC005,marketing,Invoice 3647,disputed
T004812,2023-12-31,"₹85,693.48",INR,V0027,AC008,consulting,Invoice 1211,disputed
T004813,2024-01-27,"₹381,035.39",INR,V0017,AC012,hardware,Invoice 4232,pending
T004814,2024-02-07,"₹326,276.86",INR,V0020,AC009,hardware,Invoice 2819,disputed
T004815,2024-03-16,"₹272,475.26",INR,V0034,AC010,marketing,Invoice 5163,reconciled
T004816,2024-04-30,"₹109,778.42",INR,V0016,AC010,hardware,Invoice 2433,reconciled
T004817,2024-05-17,"₹139,151.74",INR,V0038,AC004,facilities,Invoice 2164,unreconciled
T004818,2024-06-15,"₹174,202.26",INR,V0027,AC006,marketing,Invoice 2375,reconciled
T004819,2024-07-08,"₹84,375.83",INR,V0004,AC006,consulting,Invoice 3843,disputed
T004820,2024-08-15,"₹352,634.94",INR,V0023,AC012,logistics,Invoice 3875,disputed
T004821,2024-09-04,"₹8,776.15",INR,V9002,AC008,consulting,Invoice 4388,pending
T004822,2024-10-09,"₹370,047.02",INR,V0011,AC004,hardware,Invoice 1293,unreconciled
T004823,2024-11-15,"₹69,353.03",INR,V0030,AC007,software,Invoice 1149,pending
T004824,2024-12-21,"₹84,970.97",INR,V0032,AC005,consulting,Invoice 9264,pending
T004825,2023-01-28,"₹282,038.02",INR,V0024,AC008,marketing,Invoice 9134,reconciled
T004826,2023-02-13,"₹271,451.86",INR,V0008,AC007,consulting,Invoice 6029,disputed
T004827,2023-03-28,"₹74,986.57",INR,V0011,AC006,logistics,Invoice 8559,disputed
T004828,2023-04-30,"₹121,883.43",INR,V0039,AC003,consulting,Invoice 1750,disputed
T004829,2023-05-31,"₹299,163.12",INR,V0010,AC001,marketing,Invoice 6696,disputed
T004830,2023-06-27,"₹71,069.01",INR,V0030,AC011,logistics,Invoice 5328,disputed
T004831,2023-07-26,"₹213,724.10",INR,V0030,AC001,logistics,Invoice 2502,pending
T004832,2023-08-09,"₹90,993.53",INR,V0012,AC009,consulting,Invoice 8572,unreconciled
T004833,2023-09-02,"₹388,383.13",INR,V0026,AC012,logistics,Invoice 4340,reconciled
T004834,2023-10-10,"₹440,229.14",INR,V0023,AC005,logistics,Invoice 8278,pending
T004835,2023-11-24,"₹401,477.31",INR,V0022,AC001,software,Invoice 1330,disputed
T004836,2023-12-27,"₹41,238.35",INR,V0025,AC006,consulting,Invoice 3110,pending
T004837,2024-01-26,"₹497,733.43",INR,V0013,AC005,consulting,Invoice 9121,pending
T004838,2024-02-26,"₹432,831.82",INR,V0013,AC005,facilities,Invoice 1031,reconciled
T004839,2024-03-11,"₹449,319.74",INR,V0036,AC001,marketing,Invoice 6447,pending
T004840,2024-04-15,"₹148,945.79",INR,V0008,AC001,facilities,Invoice 2773,reconciled
T004841,2024-05-13,"₹405,495.77",INR,V0013,AC010,software,Invoice 6471,reconciled
T004842,2024-06-11,"₹164,041.21",INR,V0034,AC010,hardware,Invoice 8139,disputed
T004843,2024-07-13,"₹50,188.42",INR,V0008,AC011,hardware,Invoice 2760,reconciled
T004844,2024-08-25,"₹99,522.40",INR,V0037,AC012,facilities,Invoice 1447,pending
T004845,2024-09-19,"₹379,045.47",INR,V9001,AC012,facilities,Invoice 9233,disputed
T004846,2024-10-22,"₹257,975.06",INR,V0022,AC004,consulting,Invoice 4200,reconciled
T004847,2024-11-17,"₹498,663.75",INR,V0018,AC009,software,Invoice 3237,disputed
T004848,2024-12-08,"₹304,319.18",INR,V0010,AC007,marketing,Invoice 9514,pending
T004849,2023-01-10,"₹195,264.58",INR,V0031,AC009,marketing,Invoice 2090,reconciled
T004850,2023-02-06,"₹468,444.90",INR,V0043,AC001,consulting,Invoice 2395,pending
T004851,2023-03-26,"₹252,444.96",INR,V0017,AC008,marketing,Invoice 1102,disputed
T004852,2023-04-13,"₹464,870.94",INR,V0015,AC003,hardware,Invoice 2123,pending
T004853,2023-05-31,"₹200,705.86",INR,V0028,AC010,facilities,Invoice 1113,unreconciled
T004854,2023-06-13,"₹309,192.18",INR,V0009,AC003,software,Invoice 4247,unreconciled
T004855,2023-07-09,"₹226,227.15",INR,V0032,AC004,marketing,Invoice 3026,pending
T004856,2023-08-16,"₹488,310.39",INR,V0006,AC007,logistics,Invoice 3355,unreconciled
T004857,2023-09-20,"₹363,585.93",INR,V0003,AC008,software,Invoice 8552,pending
T004858,2023-10-23,"₹362,982.82",INR,V9003,AC002,consulting,Invoice 1158,reconciled
T004859,2023-11-06,"₹222,639.34",INR,V0006,AC009,marketing,Invoice 6070,reconciled
T004860,2023-12-22,"₹105,192.03",INR,V0022,AC012,hardware,Invoice 8133,unreconciled
T004861,2024-01-25,"₹45,077.67",INR,V0036,AC007,facilities,Invoice 8428,unreconciled
T004862,2024-02-26,"₹350,327.33",INR,V0011,AC011,facilities,Invoice 8985,reconciled
T004863,2024-03-24,"₹477,493.34",INR,V0037,AC012,consulting,Invoice 2198,unreconciled
T004864,2024-04-28,"₹328,202.27",INR,V0002,AC008,facilities,Invoice 1040,disputed
T004865,2024-05-11,"₹346,718.66",INR,V0014,AC002,hardware,Invoice 8637,unreconciled
T004866,2024-06-19,"₹352,654.57",INR,V0031,AC010,hardware,Invoice 6426,pending
T004867,2024-07-25,"₹273,585.92",INR,V9003,AC003,consulting,Invoice 8002,pending
T004868,2024-08-02,"₹53,732.65",INR,V9002,AC010,facilities,Invoice 9376,reconciled
T004869,2024-09-04,"₹293,022.27",INR,V0037,AC001,hardware,Invoice 5260,reconciled
T004870,2024-10-05,"₹387,175.65",INR,V0035,AC010,marketing,Invoice 9058,reconciled
T004871,2024-11-06,"₹379,311.30",INR,V0031,AC007,facilities,Invoice 3189,unreconciled
T004872,2024-12-20,"₹34,976.90",INR,V0045,AC004,software,Invoice 6778,unreconciled
T004873,2023-01-09,"₹244,295.11",INR,V0022,AC003,facilities,Invoice 4126,reconciled
T004874,2023-02-22,"₹66,861.17",INR,V0027,AC011,hardware,Invoice 6601,pending
T004875,2023-03-31,"₹61,334.50",INR,V0045,AC001,facilities,Invoice 6477,unreconciled
T004876,2023-04-15,"₹122,414.75",INR,V0004,AC007,consulting,Invoice 1768,reconciled
T004877,2023-05-28,"₹106,495.76",INR,V9001,AC009,software,Invoice 7529,disputed
T004878,2023-06-29,"₹190,153.71",INR,V0035,AC012,logistics,Invoice 8803,reconciled
T004879,2023-07-04,"₹298,136.27",INR,V0003,AC010,hardware,Invoice 3901,pending
T004880,2023-08-01,"₹429,533.61",INR,V0043,AC012,facilities,Invoice 6051,pending
T004881,2023-09-26,"₹267,726.21",INR,V0014,AC009,logistics,Invoice 8808,unreconciled
T004882,2023-10-07,"₹311,458.54",INR,V0012,AC001,facilities,Invoice 7676,reconciled
T004883,2023-11-22,"₹229,600.52",INR,V0041,AC008,consulting,Invoice 6917,reconciled
T004884,2023-12-23,"₹106,113.93",INR,V0033,AC011,marketing,Invoice 1376,disputed
T004885,2024-01-23,"₹342,482.66",INR,V0010,AC004,hardware,Invoice 6396,reconciled
T004886,2024-02-09,"₹213,080.60",INR,V0019,AC005,consulting,Invoice 1388,reconciled
T004887,2024-03-12,"₹116,987.26",INR,V0044,AC008,marketing,Invoice 5424,disputed
T004888,2024-04-06,"₹244,659.59",INR,V9002,AC009,facilities,Invoice 2433,unreconciled
T004889,2024-05-21,"₹481,288.93",INR,V0016,AC012,hardware,Invoice 7727,unreconciled
T004890,2024-06-29,"₹239,430.53",INR,V0034,AC002,logistics,Invoice 1210,pending
T004891,2024-07-16,"₹410,488.49",INR,V0027,AC009,hardware,Invoice 1439,pending
T004892,2024-08-09,"₹281,690.59",INR,V0009,AC003,software,Invoice 5024,reconciled
T004893,2024-09-01,"₹60,778.55",INR,V0038,AC009,software,Invoice 2366,disputed
T004894,2024-10-24,"₹204,624.25",INR,V0018,AC005,software,Invoice 8724,disputed
T004895,2024-11-12,"₹424,082.83",INR,V0015,AC008,consulting,Invoice 1189,unreconciled
T004896,2024-12-31,"₹200,422.98",INR,V0034,AC001,consulting,Invoice 4493,disputed
T004897,2023-01-06,"₹84,727.54",INR,V0028,AC005,logistics,Invoice 9415,pending
T004898,2023-02-06,"₹18,539.87",INR,V0007,AC010,consulting,Invoice 9384,reconciled
T004899,2023-03-15,"₹131,215.20",INR,V0024,AC003,facilities,Invoice 9795,disputed
T004900,2023-04-28,"₹218,125.34",INR,V0040,AC008,consulting,Invoice 6635,reconciled
T004901,2023-05-16,"₹146,928.65",INR,V0001,AC008,logistics,Invoice 6425,unreconciled
T004902,2023-06-11,"₹346,863.34",INR,V9004,AC007,marketing,Invoice 8678,unreconciled
T004903,2023-07-22,"₹263,577.77",INR,V0006,AC003,software,Invoice 7039,pending
T004904,2023-08-05,"₹50,236.42",INR,V0040,AC003,hardware,Invoice 3974,unreconciled
T004905,2023-09-17,"₹135,285.18",INR,V0018,AC001,marketing,Invoice 3026,unreconciled
T004906,2023-10-19,"₹103,979.16",INR,V0019,AC012,marketing,Invoice 6988,reconciled
T004907,2023-11-22,"₹33,724.41",INR,V0044,AC008,marketing,Invoice 7469,reconciled
T004908,2023-12-30,"₹438,148.37",INR,V0002,AC006,consulting,Invoice 3795,reconciled
T004909,2024-01-03,"₹442,271.69",INR,V0029,AC007,marketing,Invoice 2325,unreconciled
T004910,2024-02-01,"₹409,576.14",INR,V0001,AC011,logistics,Invoice 6222,unreconciled
T004911,2024-03-15,"₹411,144.78",INR,V0031,AC010,marketing,Invoice 3860,reconciled
T004912,2024-04-05,"₹356,853.04",INR,V0021,AC010,marketing,Invoice 3351,pending
T004913,2024-05-25,"₹117,504.05",INR,V0038,AC001,facilities,Invoice 5106,pending
T004914,2024-06-15,"₹310,037.44",INR,V0034,AC010,logistics,Invoice 5559,unreconciled
T004915,2024-07-08,"₹17,668.46",INR,V0025,AC005,software,Invoice 1287,disputed
T004916,2024-08-29,"₹55,905.97",INR,V0013,AC002,hardware,Invoice 4967,disputed
T004917,2024-09-09,"₹9,934.77",INR,V9002,AC004,consulting,Invoice 7495,unreconciled
T004918,2024-10-26,"₹465,543.51",INR,V9002,AC009,marketing,Invoice 8034,unreconciled
T004919,2024-11-03,"₹154,080.71",INR,V0013,AC010,marketing,Invoice 2539,disputed
T004920,2024-12-06,"₹215,445.95",INR,V0019,AC007,hardware,Invoice 8127,unreconciled
T004921,2023-01-06,"₹81,335.58",INR,V0028,AC007,facilities,Invoice 8986,unreconciled
T004922,2023-02-08,"₹108,489.58",INR,V9001,AC001,consulting,Invoice 9169,unreconciled
T004923,2023-03-20,"₹204,673.07",INR,V0019,AC004,software,Invoice 1446,reconciled
T004924,2023-04-19,"₹85,002.37",INR,V0030,AC005,marketing,Invoice 4426,reconciled
T004925,2023-05-25,"₹360,134.97",INR,V0012,AC005,marketing,Invoice 8373,unreconciled
T004926,2023-06-10,"₹59,950.10",INR,V0032,AC012,consulting,Invoice 1278,pending
T004927,2023-07-06,"₹220,335.55",INR,V0005,AC010,facilities,Invoice 5913,reconciled
T004928,2023-08-25,"₹324,761.94",INR,V0007,AC005,consulting,Invoice 7335,unreconciled
T004929,2023-09-09,"₹113,950.93",INR,V0038,AC005,software,Invoice 2719,reconciled
T004930,2023-10-30,"₹6,772.40",INR,V0030,AC009,facilities,Invoice 1186,disputed
T004931,2023-11-01,"₹352,506.14",INR,V0017,AC011,hardware,Invoice 4439,disputed
T004932,2023-12-22,"₹218,925.28",INR,V9003,AC009,facilities,Invoice 4405,pending
T004933,2024-01-14,"₹361,855.06",INR,V0032,AC006,facilities,Invoice 2281,reconciled
T004934,2024-02-27,"₹300,229.05",INR,V0024,AC001,logistics,Invoice 8985,unreconciled
T004935,2024-03-25,"₹438,820.60",INR,V0003,AC007,software,Invoice 1939,unreconciled
T004936,2024-04-12,"₹216,149.88",INR,V9006,AC007,software,Invoice 7763,disputed
T004937,2024-05-25,"₹304,788.40",INR,V0024,AC003,marketing,Invoice 6802,unreconciled
T004938,2024-06-03,"₹127,973.73",INR,V0044,AC006,consulting,Invoice 7604,reconciled
T004939,2024-07-14,"₹170,564.22",INR,V0013,AC010,facilities,Invoice 9317,reconciled
T004940,2024-08-09,"₹367,767.27",INR,V0021,AC007,software,Invoice 1881,pending
T004941,2024-09-06,"₹233,433.82",INR,V0018,AC008,hardware,Invoice 6292,pending
T004942,2024-10-24,"₹59,054.73",INR,V9004,AC006,hardware,Invoice 3589,reconciled
T004943,2024-11-15,"₹358,309.22",INR,V0045,AC004,consulting,Invoice 4134,pending
T004944,2024-12-01,"₹225,245.31",INR,V0021,AC002,consulting,Invoice 5568,unreconciled
T004945,2023-01-23,"₹116,850.67",INR,V0011,AC009,software,Invoice 1808,reconciled
T004946,2023-02-19,"₹5,075.04",INR,V0039,AC009,marketing,Invoice 7835,reconciled
T004947,2023-03-12,"₹94,210.72",INR,V0037,AC006,facilities,Invoice 2162,disputed
T004948,2023-04-17,"₹256,670.76",INR,V9006,AC010,marketing,Invoice 6014,unreconciled
T004949,2023-05-12,"₹313,519.57",INR,V0024,AC001,software,Invoice 4855,disputed
T004950,2023-06-07,"₹55,857.29",INR,V0007,AC010,consulting,Invoice 6089,pending
T004951,2023-07-19,"₹206,976.27",INR,V0038,AC007,logistics,Invoice 8416,disputed
T004952,2023-08-21,"₹499,542.33",INR,V9004,AC001,software,Invoice 1951,disputed
T004953,2023-09-02,"₹193,357.67",INR,V0023,AC007,marketing,Invoice 5531,disputed
T004954,2023-10-15,"₹133,593.48",INR,V0036,AC002,marketing,Invoice 8179,reconciled
T004955,2023-11-20,"₹462,474.19",INR,V0034,AC001,logistics,Invoice 6963,unreconciled
T004956,2023-12-24,"₹420,718.55",INR,V0014,AC005,facilities,Invoice 9337,reconciled
T004957,2024-01-28,"₹151,003.04",INR,V0038,AC009,logistics,Invoice 9625,reconciled
T004958,2024-02-13,"₹154,693.97",INR,V0037,AC008,software,Invoice 7393,reconciled
T004959,2024-03-29,"₹276,507.04",INR,V9001,AC001,facilities,Invoice 1851,unreconciled
T004960,2024-04-22,"₹236,086.13",INR,V0020,AC001,hardware,Invoice 7153,pending
T004961,2024-05-28,"₹175,173.35",INR,V9005,AC004,logistics,Invoice 5326,reconciled
T004962,2024-06-26,"₹132,565.66",INR,V0017,AC012,facilities,Invoice 2681,unreconciled
T004963,2024-07-31,"₹215,702.75",INR,V0043,AC006,logistics,Invoice 4876,disputed
T004964,2024-08-27,"₹369,272.29",INR,V0029,AC009,software,Invoice 7663,unreconciled
T004965,2024-09-22,"₹467,864.84",INR,V0029,AC001,facilities,Invoice 2517,unreconciled
T004966,2024-10-31,"₹137,852.69",INR,V0007,AC004,consulting,Invoice 3878,disputed
T004967,2024-11-24,"₹344,336.38",INR,V0042,AC010,hardware,Invoice 6295,unreconciled
T004968,2024-12-29,"₹389,116.18",INR,V9001,AC006,software,Invoice 2394,pending
T004969,2023-01-18,"₹110,517.44",INR,V9001,AC004,facilities,Invoice 8792,pending
T004970,2023-02-25,"₹416,581.10",INR,V0008,AC008,consulting,Invoice 8183,reconciled
T004971,2023-03-05,"₹110,138.34",INR,V0042,AC006,facilities,Invoice 4827,disputed
T004972,2023-04-10,"₹183,542.80",INR,V0008,AC006,logistics,Invoice 7315,reconciled
T004973,2023-05-29,"₹395,401.26",INR,V0045,AC010,facilities,Invoice 3161,disputed
T004974,2023-06-01,"₹289,946.67",INR,V0019,AC011,logistics,Invoice 1581,disputed
T004975,2023-07-15,"₹90,676.99",INR,V0002,AC007,consulting,Invoice 5875,reconciled
T004976,2023-08-28,"₹330,932.24",INR,V0038,AC008,logistics,Invoice 7364,unreconciled
T004977,2023-09-13,"₹277,697.16",INR,V0005,AC001,logistics,Invoice 5645,pending
T004978,2023-10-31,"₹461,661.10",INR,V0021,AC002,facilities,Invoice 1081,unreconciled
T004979,2023-11-16,"₹106,887.68",INR,V0042,AC007,facilities,Invoice 6840,pending
T004980,2023-12-06,"₹165,850.53",INR,V0009,AC003,software,Invoice 2157,reconciled
T004981,2024-01-30,"₹93,801.36",INR,V0045,AC011,facilities,Invoice 4713,pending
T004982,2024-02-06,"₹85,719.70",INR,V0012,AC006,hardware,Invoice 1463,disputed
T004983,2024-03-06,"₹282,389.69",INR,V0006,AC011,logistics,Invoice 1285,reconciled
T004984,2024-04-23,"₹176,612.33",INR,V0044,AC008,marketing,Invoice 9963,disputed
T004985,2024-05-16,"₹128,955.18",INR,V0009,AC012,marketing,Invoice 2548,pending
T004986,2024-06-06,"₹288,959.97",INR,V0010,AC001,logistics,Invoice 4315,reconciled
T004987,2024-07-01,"₹282,373.84",INR,V0024,AC003,marketing,Invoice 1772,pending
T004988,2024-08-08,"₹193,462.95",INR,V0005,AC001,logistics,Invoice 1347,disputed
T004989,2024-09-25,"₹329,277.00",INR,V0018,AC001,facilities,Invoice 7593,reconciled
T004990,2024-10-28,"₹312,075.65",INR,V0002,AC003,facilities,Invoice 8584,unreconciled
T004991,2024-11-15,"₹269,409.56",INR,V0045,AC006,logistics,Invoice 3611,reconciled
T004992,2024-12-10,"₹272,934.83",INR,V0026,AC008,software,Invoice 4300,unreconciled
T004993,2023-01-16,"₹297,621.88",INR,V0037,AC012,marketing,Invoice 9905,unreconciled
T004994,2023-02-24,"₹205,275.62",INR,V0014,AC004,consulting,Invoice 4282,reconciled
T004995,2023-03-22,"₹14,126.00",INR,V0018,AC001,facilities,Invoice 8163,disputed
T004996,2023-04-03,"₹19,463.50",INR,V9006,AC001,hardware,Invoice 1261,pending
T004997,2023-05-23,"₹158,129.55",INR,V0011,AC009,logistics,Invoice 3521,disputed
T004998,2023-06-07,"₹128,962.29",INR,V0008,AC012,software,Invoice 4849,reconciled
T004999,2023-07-05,"₹99,391.12",INR,V0012,AC008,software,Invoice 4083,reconciled
T005000,2023-08-01,"₹136,362.79",INR,V0014,AC006,hardware,Invoice 5056,disputed
T005001,2023-09-06,"₹273,569.44",INR,V0032,AC009,consulting,Invoice 3676,pending
T005002,2023-10-31,"₹190,447.04",INR,V0034,AC001,logistics,Invoice 8949,pending
T005003,2023-11-25,"₹235,739.93",INR,V0031,AC011,logistics,Invoice 9547,pending
T005004,2023-12-10,"₹289,323.54",INR,V0041,AC004,software,Invoice 1536,pending
T005005,2024-01-05,"₹372,954.44",INR,V9006,AC005,marketing,Invoice 9097,reconciled
T005006,2024-02-26,"₹492,839.90",INR,V0015,AC010,marketing,Invoice 3132,unreconciled
T005007,2024-03-29,"₹180,740.02",INR,V0009,AC003,consulting,Invoice 9572,disputed
T005008,2024-04-22,"₹317,912.52",INR,V0033,AC009,software,Invoice 1504,unreconciled
T005009,2024-05-18,"₹260,610.48",INR,V0040,AC003,logistics,Invoice 4916,unreconciled
T005010,2024-06-22,"₹495,836.03",INR,V0029,AC005,marketing,Invoice 5918,disputed
T005011,2024-07-02,"₹54,892.02",INR,V0014,AC007,software,Invoice 7752,unreconciled
T005012,2024-08-03,"₹214,456.53",INR,V0031,AC009,marketing,Invoice 3481,unreconciled
T005013,2024-09-21,"₹22,709.44",INR,V0024,AC005,hardware,Invoice 3822,pending
T005014,2024-10-22,"₹52,709.49",INR,V9002,AC009,facilities,Invoice 8244,unreconciled
T005015,2024-11-22,"₹492,048.53",INR,V0031,AC010,facilities,Invoice 2031,unreconciled
T005016,2024-12-06,"₹155,707.12",INR,V9003,AC003,facilities,Invoice 2732,disputed
T005017,2023-01-10,"₹276,093.72",INR,V0034,AC005,hardware,Invoice 1920,unreconciled
T005018,2023-02-11,"₹451,974.41",INR,V0020,AC004,consulting,Invoice 3972,unreconciled
T005019,2023-03-31,"₹398,799.31",INR,V0010,AC009,marketing,Invoice 7852,pending
T005020,2023-04-14,"₹333,730.50",INR,V0041,AC009,software,Invoice 2417,pending
T005021,2023-05-26,"₹421,237.36",INR,V0039,AC001,hardware,Invoice 1223,unreconciled
T005022,2023-06-24,"₹394,365.69",INR,V0030,AC010,logistics,Invoice 1904,pending
T005023,2023-07-19,"₹9,540.39",INR,V0039,AC006,logistics,Invoice 4379,disputed
T005024,2023-08-17,"₹285,086.76",INR,V0005,AC004,consulting,Invoice 3410,pending
T005025,2023-09-06,"₹355,153.25",INR,V0030,AC005,marketing,Invoice 6329,reconciled
T005026,2023-10-06,"₹305,782.12",INR,V0017,AC011,hardware,Invoice 8373,reconciled
T005027,2023-11-05,"₹404,514.22",INR,V0020,AC005,marketing,Invoice 7318,pending
T005028,2023-12-19,"₹440,734.24",INR,V0041,AC011,logistics,Invoice 2376,unreconciled
T005029,2024-01-21,"₹369,502.20",INR,V0003,AC005,logistics,Invoice 7185,unreconciled
T005030,2024-02-18,"₹390,918.25",INR,V0031,AC004,logistics,Invoice 6491,disputed
T005031,2024-03-16,"₹392,717.70",INR,V0029,AC009,software,Invoice 9310,disputed
T005032,2024-04-21,"₹56,492.01",INR,V0011,AC010,consulting,Invoice 5872,unreconciled
T005033,2024-05-29,"₹61,856.63",INR,V9004,AC003,hardware,Invoice 1825,disputed
T005034,2024-06-08,"₹391,916.50",INR,V0031,AC009,hardware,Invoice 6993,pending
T005035,2024-07-15,"₹183,418.13",INR,V9002,AC011,software,Invoice 9655,unreconciled
T005036,2024-08-19,"₹171,446.79",INR,V0036,AC011,consulting,Invoice 8449,pending
T005037,2024-09-17,"₹145,696.94",INR,V0025,AC005,marketing,Invoice 4710,unreconciled
T005038,2024-10-05,"₹298,965.72",INR,V0015,AC012,facilities,Invoice 4877,unreconciled
T005039,2024-11-05,"₹316,949.76",INR,V9003,AC008,logistics,Invoice 8171,pending
T005040,2024-12-14,"₹442,154.29",INR,V0043,AC002,consulting,Invoice 7470,reconciled
T005041,2023-01-28,"₹311,272.93",INR,V0031,AC012,facilities,Invoice 9074,unreconciled
T005042,2023-02-09,"₹146,962.63",INR,V0003,AC005,facilities,Invoice 9959,disputed
T005043,2023-03-19,"₹207,800.12",INR,V0023,AC009,logistics,Invoice 6354,reconciled
T005044,2023-04-25,"₹73,252.33",INR,V9001,AC010,logistics,Invoice 9264,unreconciled
T005045,2023-05-10,"₹422,066.32",INR,V0004,AC007,consulting,Invoice 7878,reconciled
T005046,2023-06-15,"₹123,099.25",INR,V0017,AC010,consulting,Invoice 9128,unreconciled
T005047,2023-07-04,"₹124,418.78",INR,V0015,AC001,logistics,Invoice 1535,reconciled
T005048,2023-08-03,"₹38,386.73",INR,V0042,AC005,facilities,Invoice 6183,pending
T005049,2023-09-01,"₹49,637.34",INR,V0028,AC010,facilities,Invoice 9547,pending
T005050,2023-10-24,"₹311,348.26",INR,V0036,AC005,hardware,Invoice 4933,reconciled
T005051,2023-11-03,"₹382,396.53",INR,V0028,AC003,logistics,Invoice 3412,unreconciled
T005052,2023-12-29,"₹495,388.20",INR,V0018,AC003,hardware,Invoice 1653,unreconciled
T005053,2024-01-18,"₹220,026.99",INR,V0007,AC003,consulting,Invoice 6696,pending
T005054,2024-02-08,"₹378,248.18",INR,V0007,AC012,facilities,Invoice 9993,reconciled
T005055,2024-03-14,"₹329,778.17",INR,V0015,AC009,marketing,Invoice 6357,disputed
T005056,2024-04-02,"₹146,431.43",INR,V0020,AC010,logistics,Invoice 2460,pending
T005057,2024-05-27,"₹103,444.77",INR,V0026,AC001,facilities,Invoice 3427,reconciled
T005058,2024-06-21,"₹145,263.77",INR,V9005,AC012,facilities,Invoice 7909,unreconciled
T005059,2024-07-12,"₹188,612.77",INR,V9004,AC004,software,Invoice 4228,unreconciled
T005060,2024-08-11,"₹185,500.40",INR,V0037,AC012,hardware,Invoice 1874,reconciled
T005061,2024-09-16,"₹150,845.22",INR,V0018,AC006,consulting,Invoice 8969,unreconciled
T005062,2024-10-18,"₹480,437.23",INR,V0007,AC009,facilities,Invoice 2623,disputed
T005063,2024-11-14,"₹141,484.73",INR,V0036,AC009,consulting,Invoice 4709,reconciled
T005064,2024-12-04,"₹374,627.95",INR,V0011,AC003,facilities,Invoice 6978,unreconciled
T005065,2023-01-04,"₹185,307.57",INR,V0026,AC001,software,Invoice 6098,unreconciled
T005066,2023-02-01,"₹185,851.85",INR,V0027,AC012,logistics,Invoice 6378,reconciled
T005067,2023-03-29,"₹348,512.27",INR,V0005,AC010,software,Invoice 8783,unreconciled
T005068,2023-04-14,"₹73,294.74",INR,V0002,AC008,hardware,Invoice 5155,unreconciled
T005069,2023-05-09,"₹303,248.67",INR,V9006,AC004,software,Invoice 7093,pending
T005070,2023-06-22,"₹20,812.16",INR,V0029,AC012,marketing,Invoice 8896,pending
T005071,2023-07-12,"₹101,070.91",INR,V0045,AC009,hardware,Invoice 2834,disputed
T005072,2023-08-30,"₹165,182.81",INR,V0038,AC011,hardware,Invoice 4857,unreconciled
T005073,2023-09-04,"₹173,906.94",INR,V0044,AC005,hardware,Invoice 1058,pending
T005074,2023-10-20,"₹486,337.37",INR,V0022,AC010,consulting,Invoice 5267,pending
T005075,2023-11-22,"₹247,457.58",INR,V0027,AC009,hardware,Invoice 2667,unreconciled
T005076,2023-12-10,"₹215,729.77",INR,V0019,AC007,consulting,Invoice 5076,pending
T005077,2024-01-24,"₹348,448.73",INR,V0003,AC007,facilities,Invoice 3013,disputed
T005078,2024-02-17,"₹363,733.59",INR,V0035,AC003,hardware,Invoice 5135,unreconciled
T005079,2024-03-14,"₹150,767.68",INR,V9005,AC011,facilities,Invoice 9510,disputed
T005080,2024-04-09,"₹50,580.64",INR,V0021,AC001,marketing,Invoice 4687,reconciled
T005081,2024-05-08,"₹54,385.76",INR,V0016,AC001,logistics,Invoice 7269,unreconciled
T005082,2024-06-21,"₹175,912.53",INR,V0042,AC001,software,Invoice 2961,unreconciled
T005083,2024-07-23,"₹93,953.62",INR,V9006,AC002,consulting,Invoice 1134,disputed
T005084,2024-08-16,"₹141,638.41",INR,V0045,AC007,software,Invoice 9884,unreconciled
T005085,2024-09-13,"₹141,187.86",INR,V0040,AC005,logistics,Invoice 3500,disputed
T005086,2024-10-04,"₹300,515.20",INR,V0022,AC012,logistics,Invoice 2877,unreconciled
T005087,2024-11-19,"₹27,723.32",INR,V9006,AC005,logistics,Invoice 4463,reconciled
T005088,2024-12-12,"₹224,710.32",INR,V0033,AC010,facilities,Invoice 3418,disputed
T005089,2023-01-18,"₹267,481.48",INR,V9006,AC011,logistics,Invoice 8225,pending
T005090,2023-02-15,"₹72,480.99",INR,V0004,AC002,software,Invoice 9049,unreconciled
T005091,2023-03-29,"₹240,695.16",INR,V0014,AC010,marketing,Invoice 9039,disputed
T005092,2023-04-02,"₹240,365.40",INR,V0005,AC002,software,Invoice 5260,disputed
T005093,2023-05-30,"₹410,732.62",INR,V0017,AC012,hardware,Invoice 3169,pending
T005094,2023-06-13,"₹198,839.57",INR,V0032,AC005,facilities,Invoice 4876,pending
T005095,2023-07-01,"₹167,290.33",INR,V0043,AC012,software,Invoice 1169,disputed
T005096,2023-08-31,"₹180,754.86",INR,V0019,AC005,consulting,Invoice 8480,pending
T005097,2023-09-07,"₹91,675.19",INR,V0011,AC008,facilities,Invoice 6916,pending
T005098,2023-10-23,"₹95,909.92",INR,V0011,AC012,consulting,Invoice 3530,pending
T005099,2023-11-15,"₹488,096.73",INR,V0003,AC001,software,Invoice 2876,unreconciled
T005100,2023-12-18,"₹28,732.22",INR,V9002,AC001,hardware,Invoice 5984,unreconciled
T005101,2024-01-27,"₹402,803.39",INR,V0045,AC006,logistics,Invoice 7723,unreconciled
T005102,2024-02-12,"₹112,928.94",INR,V0007,AC008,software,Invoice 8122,disputed
T005103,2024-03-03,"₹294,053.74",INR,V0003,AC010,marketing,Invoice 6332,unreconciled
T005104,2024-04-10,"₹49,598.43",INR,V0040,AC011,software,Invoice 3152,disputed
T005105,2024-05-24,"₹309,096.88",INR,V0021,AC008,consulting,Invoice 3525,reconciled
T005106,2024-06-12,"₹372,221.88",INR,V0025,AC009,marketing,Invoice 5782,disputed
T005107,2024-07-09,"₹12,262.80",INR,V0027,AC004,software,Invoice 9745,pending
T005108,2024-08-18,"₹423,592.88",INR,V0020,AC001,consulting,Invoice 5972,unreconciled
T005109,2024-09-17,"₹491,615.77",INR,V0035,AC012,facilities,Invoice 1377,unreconciled
T005110,2024-10-08,"₹216,614.40",INR,V0010,AC002,marketing,Invoice 4773,disputed
T005111,2024-11-01,"₹248,180.31",INR,V0013,AC002,software,Invoice 6505,reconciled
T005112,2024-12-16,"₹443,234.94",INR,V0007,AC006,logistics,Invoice 7802,disputed
T005113,2023-01-21,"₹379,088.60",INR,V0024,AC001,facilities,Invoice 4617,disputed
T005114,2023-02-19,"₹293,597.24",INR,V0037,AC009,software,Invoice 5638,disputed
T005115,2023-03-07,"₹89,705.29",INR,V0019,AC003,facilities,Invoice 2209,reconciled
T005116,2023-04-09,"₹2,955.58",INR,V0008,AC004,consulting,Invoice 1361,unreconciled
T005117,2023-05-01,"₹80,519.77",INR,V0038,AC003,logistics,Invoice 5053,pending
T005118,2023-06-23,"₹455,445.51",INR,V0023,AC009,consulting,Invoice 2563,reconciled
T005119,2023-07-05,"₹369,850.50",INR,V9003,AC003,logistics,Invoice 3418,pending
T005120,2023-08-15,"₹224,465.69",INR,V0044,AC003,facilities,Invoice 2252,disputed
T005121,2023-09-12,"₹480,982.43",INR,V0009,AC011,hardware,Invoice 4949,reconciled
T005122,2023-10-13,"₹240,678.79",INR,V0004,AC002,software,Invoice 4252,unreconciled
T005123,2023-11-27,"₹16,793.36",INR,V0037,AC006,facilities,Invoice 5836,disputed
T005124,2023-12-10,"₹202,395.13",INR,V9005,AC001,hardware,Invoice 7024,disputed
T005125,2024-01-21,"₹481,874.53",INR,V0006,AC002,hardware,Invoice 6917,reconciled
T005126,2024-02-23,"₹20,421.52",INR,V0019,AC011,logistics,Invoice 9257,reconciled
T005127,2024-03-18,"₹415,086.49",INR,V0043,AC009,marketing,Invoice 9174,disputed
T005128,2024-04-26,"₹390,176.61",INR,V0006,AC012,hardware,Invoice 7739,unreconciled
T005129,2024-05-03,"₹73,458.27",INR,V0040,AC011,logistics,Invoice 2100,unreconciled
T005130,2024-06-23,"₹108,581.20",INR,V0018,AC001,logistics,Invoice 5846,unreconciled
T005131,2024-07-13,"₹220,582.46",INR,V0019,AC006,facilities,Invoice 4548,unreconciled
T005132,2024-08-31,"₹307,060.78",INR,V0017,AC005,hardware,Invoice 8966,pending
T005133,2024-09-01,"₹268,644.48",INR,V0036,AC004,logistics,Invoice 3092,unreconciled
T005134,2024-10-25,"₹333,804.44",INR,V0016,AC004,consulting,Invoice 7034,pending
T005135,2024-11-19,"₹264,056.89",INR,V9003,AC004,marketing,Invoice 1369,disputed
T005136,2024-12-28,"₹217,263.59",INR,V0010,AC011,logistics,Invoice 5734,pending
T005137,2023-01-08,"₹474,138.79",INR,V0010,AC004,consulting,Invoice 1817,disputed
T005138,2023-02-13,"₹281,280.57",INR,V0038,AC012,consulting,Invoice 5876,pending
T005139,2023-03-04,"₹46,800.58",INR,V0043,AC010,hardware,Invoice 4591,reconciled
T005140,2023-04-17,"₹476,480.28",INR,V0001,AC006,consulting,Invoice 1599,unreconciled
T005141,2023-05-17,"₹416,408.78",INR,V0029,AC009,marketing,Invoice 5374,unreconciled
T005142,2023-06-13,"₹226,882.61",INR,V0012,AC004,consulting,Invoice 2526,unreconciled
T005143,2023-07-27,"₹105,553.70",INR,V9006,AC009,hardware,Invoice 6056,unreconciled
T005144,2023-08-01,"₹10,974.77",INR,V0017,AC007,marketing,Invoice 1868,unreconciled
T005145,2023-09-23,"₹262,655.23",INR,V9003,AC012,hardware,Invoice 2705,disputed
T005146,2023-10-13,"₹116,346.55",INR,V0003,AC011,marketing,Invoice 3337,reconciled
T005147,2023-11-08,"₹139,400.14",INR,V0028,AC006,software,Invoice 6778,pending
T005148,2023-12-02,"₹394,205.48",INR,V0043,AC005,software,Invoice 8395,unreconciled
T005149,2024-01-11,"₹245,084.23",INR,V0044,AC011,facilities,Invoice 6877,pending
T005150,2024-02-01,"₹262,213.45",INR,V0035,AC008,logistics,Invoice 1253,disputed
T005151,2024-03-11,"₹42,897.94",INR,V0024,AC005,software,Invoice 8183,disputed
T005152,2024-04-11,"₹66,441.22",INR,V0015,AC005,software,Invoice 5502,disputed
T005153,2024-05-14,"₹36,309.46",INR,V0002,AC012,marketing,Invoice 8087,disputed
T005154,2024-06-26,"₹390,189.94",INR,V0027,AC010,marketing,Invoice 3979,disputed
T005155,2024-07-23,"₹165,036.81",INR,V9003,AC009,consulting,Invoice 9357,disputed
T005156,2024-08-12,"₹187,484.41",INR,V0021,AC008,logistics,Invoice 5296,reconciled
T005157,2024-09-07,"₹227,004.96",INR,V0032,AC003,software,Invoice 4642,pending
T005158,2024-10-27,"₹135,458.15",INR,V0008,AC003,consulting,Invoice 3317,pending
T005159,2024-11-02,"₹74,489.35",INR,V0037,AC004,logistics,Invoice 5859,unreconciled
T005160,2024-12-17,"₹196,492.94",INR,V0001,AC010,marketing,Invoice 7833,pending
T005161,2023-01-11,"₹191,351.23",INR,V9002,AC007,hardware,Invoice 6878,reconciled
T005162,2023-02-27,"₹184,147.75",INR,V9001,AC002,consulting,Invoice 2193,disputed
T005163,2023-03-06,"₹119,968.47",INR,V0030,AC010,marketing,Invoice 1018,disputed
T005164,2023-04-07,"₹274,600.33",INR,V0019,AC006,hardware,Invoice 9879,disputed
T005165,2023-05-16,"₹441,905.28",INR,V0005,AC003,marketing,Invoice 6084,reconciled
T005166,2023-06-13,"₹298,249.48",INR,V0042,AC004,software,Invoice 4636,unreconciled
T005167,2023-07-14,"₹358,879.36",INR,V0017,AC005,facilities,Invoice 4243,disputed
T005168,2023-08-24,"₹461,028.70",INR,V0011,AC012,marketing,Invoice 5112,unreconciled
T005169,2023-09-17,"₹420,413.43",INR,V0025,AC012,hardware,Invoice 7262,disputed
T005170,2023-10-17,"₹48,170.82",INR,V0036,AC003,hardware,Invoice 8014,pending
T005171,2023-11-20,"₹264,569.69",INR,V0005,AC002,logistics,Invoice 2342,unreconciled
T005172,2023-12-03,"₹299,609.24",INR,V9002,AC001,marketing,Invoice 8846,reconciled
T005173,2024-01-16,"₹484,608.85",INR,V9005,AC012,logistics,Invoice 1502,unreconciled
T005174,2024-02-01,"₹335,070.79",INR,V0010,AC006,hardware,Invoice 7239,unreconciled
T005175,2024-03-03,"₹453,273.50",INR,V0042,AC004,facilities,Invoice 6809,disputed
T005176,2024-04-26,"₹378,908.76",INR,V0009,AC007,hardware,Invoice 3387,unreconciled
T005177,2024-05-30,"₹81,126.59",INR,V9001,AC009,logistics,Invoice 7012,reconciled
T005178,2024-06-02,"₹482,395.44",INR,V0024,AC012,marketing,Invoice 7360,disputed
T005179,2024-07-17,"₹376,774.98",INR,V0027,AC009,facilities,Invoice 4105,reconciled
T005180,2024-08-27,"₹427,617.59",INR,V0044,AC004,logistics,Invoice 7203,unreconciled
T005181,2024-09-05,"₹135,033.77",INR,V0021,AC007,marketing,Invoice 8026,unreconciled
T005182,2024-10-20,"₹257,500.07",INR,V0018,AC011,hardware,Invoice 7096,unreconciled
T005183,2024-11-22,"₹473,592.98",INR,V0039,AC003,software,Invoice 9233,reconciled
T005184,2024-12-14,"₹437,725.63",INR,V0023,AC007,marketing,Invoice 3594,pending
T005185,2023-01-16,"₹98,943.31",INR,V0001,AC011,facilities,Invoice 3414,unreconciled
T005186,2023-02-14,"₹214,908.00",INR,V0012,AC006,facilities,Invoice 9026,disputed
T005187,2023-03-17,"₹449,290.56",INR,V0043,AC012,consulting,Invoice 8465,unreconciled
T005188,2023-04-17,"₹179,775.24",INR,V0008,AC011,facilities,Invoice 8630,unreconciled
T005189,2023-05-31,"₹427,349.93",INR,V0013,AC009,consulting,Invoice 1478,disputed
T005190,2023-06-21,"₹441,592.18",INR,V0015,AC001,consulting,Invoice 7486,pending
T005191,2023-07-26,"₹313,708.15",INR,V0010,AC008,marketing,Invoice 6169,pending
T005192,2023-08-27,"₹88,443.96",INR,V0039,AC002,software,Invoice 2814,reconciled
T005193,2023-09-17,"₹112,955.51",INR,V0015,AC009,logistics,Invoice 5086,reconciled
T005194,2023-10-17,"₹230,547.15",INR,V0036,AC006,marketing,Invoice 4637,unreconciled
T005195,2023-11-13,"₹241,971.47",INR,V0003,AC011,marketing,Invoice 6268,unreconciled
T005196,2023-12-15,"₹169,144.65",INR,V0027,AC007,consulting,Invoice 9124,unreconciled
T005197,2024-01-19,"₹458,364.89",INR,V0032,AC005,consulting,Invoice 8122,reconciled
T005198,2024-02-22,"₹417,352.64",INR,V0024,AC010,consulting,Invoice 6249,pending
T005199,2024-03-09,"₹425,822.05",INR,V0037,AC006,facilities,Invoice 5554,reconciled
T005200,2024-04-26,"₹2,228.22",INR,V0028,AC012,hardware,Invoice 2349,unreconciled
