reconciliation_id,transaction_id,status,matched_at,note
R000001,T000001,reconciled,2023-01-05T12:00:00+00:00,auto-matched
R000002,T000004,reconciled,2023-04-04T12:00:00+00:00,auto-matched
R000003,T000005,reconciled,2023-05-07T12:00:00+00:00,
R000004,T000006,pending,2023-06-30T12:00:00+00:00,auto-matched
R000005,T000007,reconciled,2023-07-21T12:00:00+00:00,auto-matched
R000006,T000008,disputed,2023-08-29T12:00:00+00:00,
R000007,T000010,pending,2023-10-14T12:00:00+00:00,auto-matched
R000008,T000013,disputed,2024-01-31T12:00:00+00:00,auto-matched
R000009,T000014,disputed,2024-02-05T12:00:00+00:00,
R000010,T000015,disputed,2024-03-17T12:00:00+00:00,auto-matched
R000011,T000016,pending,2024-04-20T12:00:00+00:00,auto-matched
R000012,T000017,reconciled,2024-05-04T12:00:00+00:00,
R000013,T000023,pending,2024-11-10T12:00:00+00:00,auto-matched
R000014,T000024,pending,2024-12-18T12:00:00+00:00,auto-matched
R000015,T000025,pending,2023-01-31T12:00:00+00:00,
R000016,T000026,reconciled,2023-02-27T12:00:00+00:00,auto-matched
R000017,T000027,disputed,2023-03-04T12:00:00+00:00,auto-matched
R000018,T000029,reconciled,2023-05-25T12:00:00+00:00,
R000019,T000031,reconciled,2023-07-13T12:00:00+00:00,auto-matched
R000020,T000032,reconciled,2023-08-27T12:00:00+00:00,auto-matched
R000021,T000033,reconciled,2023-09-26T12:00:00+00:00,
R000022,T000034,reconciled,2023-10-18T12:00:00+00:00,auto-matched
R000023,T000035,reconciled,2023-11-29T12:00:00+00:00,auto-matched
R000024,T000036,reconciled,2023-12-22T12:00:00+00:00,
R000025,T000039,pending,2024-03-07T12:00:00+00:00,auto-matched
R000026,T000040,reconciled,2024-04-14T12:00:00+00:00,auto-matched
R000027,T000041,pending,2024-05-28T12:00:00+00:00,
R000028,T000042,disputed,2024-06-05T12:00:00+00:00,auto-matched
R000029,T000043,pending,2024-07-19T12:00:00+00:00,auto-matched
R000030,T000044,reconciled,2024-08-22T12:00:00+00:00,
R000031,T000045,pending,2024-09-18T12:00:00+00:00,auto-matched
R000032,T000046,pending,2024-10-02T12:00:00+00:00,auto-matched
R000033,T000049,pending,2023-01-26T12:00:00+00:00,
R000034,T000050,disputed,2023-02-21T12:00:00+00:00,auto-matched
R000035,T000051,reconciled,2023-03-13T12:00:00+00:00,auto-matched
R000036,T000052,disputed,2023-04-03T12:00:00+00:00,
R000037,T000053,reconciled,2023-05-30T12:00:00+00:00,auto-matched
R000038,T000055,pending,2023-07-06T12:00:00+00:00,auto-matched
R000039,T000056,disputed,2023-08-30T12:00:00+00:00,
R000040,T000057,pending,2023-09-01T12:00:00+00:00,auto-matched
R000041,T000058,disputed,2023-10-15T12:00:00+00:00,auto-matched
R000042,T000059,reconciled,2023-11-06T12:00:00+00:00,
R000043,T000060,pending,2023-12-08T12:00:00+00:00,auto-matched
R000044,T000061,pending,2024-01-27T12:00:00+00:00,auto-matched
R000045,T000062,pending,2024-02-22T12:00:00+00:00,
R000046,T000063,disputed,2024-03-28T12:00:00+00:00,auto-matched
R000047,T000064,disputed,2024-04-29T12:00:00+00:00,auto-matched
R000048,T000065,reconciled,2024-05-17T12:00:00+00:00,
R000049,T000066,disputed,2024-06-01T12:00:00+00:00,auto-matched
R000050,T000067,disputed,2024-07-25T12:00:00+00:00,auto-matched
R000051,T000068,pending,2024-08-26T12:00:00+00:00,
R000052,T000069,disputed,2024-09-05T12:00:00+00:00,auto-matched
R000053,T000072,disputed,2024-12-16T12:00:00+00:00,auto-matched
R000054,T000073,disputed,2023-01-30T12:00:00+00:00,
R000055,T000074,pending,2023-02-20T12:00:00+00:00,auto-matched
R000056,T000076,disputed,2023-04-24T12:00:00+00:00,auto-matched
R000057,T000077,disputed,2023-05-19T12:00:00+00:00,
R000058,T000080,disputed,2023-08-22T12:00:00+00:00,auto-matched
R000059,T000081,reconciled,2023-09-19T12:00:00+00:00,auto-matched
R000060,T000082,reconciled,2023-10-31T12:00:00+00:00,
R000061,T000083,reconciled,2023-11-01T12:00:00+00:00,auto-matched
R000062,T000084,reconciled,2023-12-06T12:00:00+00:00,auto-matched
R000063,T000085,pending,2024-01-08T12:00:00+00:00,
R000064,T000086,pending,2024-02-24T12:00:00+00:00,auto-matched
R000065,T000090,pending,2024-06-18T12:00:00+00:00,auto-matched
R000066,T000091,pending,2024-07-10T12:00:00+00:00,
R000067,T000093,disputed,2024-09-23T12:00:00+00:00,auto-matched
R000068,T000094,reconciled,2024-10-15T12:00:00+00:00,auto-matched
R000069,T000095,pending,2024-11-08T12:00:00+00:00,
R000070,T000096,reconciled,2024-12-09T12:00:00+00:00,auto-matched
R000071,T000097,disputed,2023-01-05T12:00:00+00:00,auto-matched
R000072,T000098,disputed,2023-02-21T12:00:00+00:00,
R000073,T000099,reconciled,2023-03-06T12:00:00+00:00,auto-matched
R000074,T000102,pending,2023-06-24T12:00:00+00:00,auto-matched
R000075,T000105,disputed,2023-09-23T12:00:00+00:00,
R000076,T000106,disputed,2023-10-14T12:00:00+00:00,auto-matched
R000077,T000108,reconciled,2023-12-30T12:00:00+00:00,auto-matched
R000078,T000110,disputed,2024-02-29T12:00:00+00:00,
R000079,T000112,pending,2024-04-13T12:00:00+00:00,auto-matched
R000080,T000113,disputed,2024-05-27T12:00:00+00:00,auto-matched
R000081,T000114,reconciled,2024-06-24T12:00:00+00:00,
R000082,T000115,reconciled,2024-07-29T12:00:00+00:00,auto-matched
R000083,T000116,disputed,2024-08-16T12:00:00+00:00,auto-matched
R000084,T000118,disputed,2024-10-03T12:00:00+00:00,
R000085,T000120,disputed,2024-12-09T12:00:00+00:00,auto-matched
R000086,T000121,disputed,2023-01-24T12:00:00+00:00,auto-matched
R000087,T000122,reconciled,2023-02-19T12:00:00+00:00,
R000088,T000123,disputed,2023-03-06T12:00:00+00:00,auto-matched
R000089,T000124,reconciled,2023-04-11T12:00:00+00:00,auto-matched
R000090,T000125,reconciled,2023-05-24T12:00:00+00:00,
R000091,T000126,pending,2023-06-30T12:00:00+00:00,auto-matched
R000092,T000127,pending,2023-07-28T12:00:00+00:00,auto-matched
R000093,T000128,pending,2023-08-11T12:00:00+00:00,
R000094,T000129,reconciled,2023-09-25T12:00:00+00:00,auto-matched
R000095,T000130,reconciled,2023-10-12T12:00:00+00:00,auto-matched
R000096,T000131,disputed,2023-11-04T12:00:00+00:00,
R000097,T000132,pending,2023-12-11T12:00:00+00:00,auto-matched
R000098,T000133,reconciled,2024-01-07T12:00:00+00:00,auto-matched
R000099,T000135,disputed,2024-03-24T12:00:00+00:00,
R000100,T000136,pending,2024-04-07T12:00:00+00:00,auto-matched
R000101,T000138,pending,2024-06-23T12:00:00+00:00,auto-matched
R000102,T000139,reconciled,2024-07-02T12:00:00+00:00,
R000103,T000140,disputed,2024-08-31T12:00:00+00:00,auto-matched
R000104,T000141,disputed,2024-09-18T12:00:00+00:00,auto-matched
R000105,T000142,pending,2024-10-21T12:00:00+00:00,
R000106,T000146,disputed,2023-02-22T12:00:00+00:00,auto-matched
R000107,T000147,pending,2023-03-26T12:00:00+00:00,auto-matched
R000108,T000148,reconciled,2023-04-28T12:00:00+00:00,
R000109,T000149,disputed,2023-05-21T12:00:00+00:00,auto-matched
R000110,T000150,reconciled,2023-06-05T12:00:00+00:00,auto-matched
R000111,T000151,pending,2023-07-07T12:00:00+00:00,
R000112,T000152,disputed,2023-08-15T12:00:00+00:00,auto-matched
R000113,T000153,disputed,2023-09-04T12:00:00+00:00,auto-matched
R000114,T000154,disputed,2023-10-16T12:00:00+00:00,
R000115,T000156,disputed,2023-12-15T12:00:00+00:00,auto-matched
R000116,T000157,pending,2024-01-02T12:00:00+00:00,auto-matched
R000117,T000158,reconciled,2024-02-11T12:00:00+00:00,
R000118,T000159,pending,2024-03-29T12:00:00+00:00,auto-matched
R000119,T000160,disputed,2024-04-12T12:00:00+00:00,auto-matched
R000120,T000162,reconciled,2024-06-19T12:00:00+00:00,
R000121,T000163,reconciled,2024-07-19T12:00:00+00:00,auto-matched
R000122,T000164,pending,2024-08-16T12:00:00+00:00,auto-matched
R000123,T000165,pending,2024-09-21T12:00:00+00:00,
R000124,T000166,pending,2024-10-12T12:00:00+00:00,auto-matched
R000125,T000167,disputed,2024-11-23T12:00:00+00:00,auto-matched
R000126,T000168,reconciled,2024-12-31T12:00:00+00:00,
R000127,T000169,disputed,2023-01-28T12:00:00+00:00,auto-matched
R000128,T000170,disputed,2023-02-25T12:00:00+00:00,auto-matched
R000129,T000171,disputed,2023-03-27T12:00:00+00:00,
R000130,T000172,disputed,2023-04-10T12:00:00+00:00,auto-matched
R000131,T000173,disputed,2023-05-27T12:00:00+00:00,auto-matched
R000132,T000175,disputed,2023-07-01T12:00:00+00:00,
R000133,T000177,pending,2023-09-27T12:00:00+00:00,auto-matched
R000134,T000180,disputed,2023-12-24T12:00:00+00:00,auto-matched
R000135,T000182,pending,2024-02-21T12:00:00+00:00,
R000136,T000184,reconciled,2024-04-03T12:00:00+00:00,auto-matched
R000137,T000185,pending,2024-05-11T12:00:00+00:00,auto-matched
R000138,T000188,disputed,2024-08-04T12:00:00+00:00,
R000139,T000189,reconciled,2024-09-15T12:00:00+00:00,auto-matched
R000140,T000190,reconciled,2024-10-12T12:00:00+00:00,auto-matched
R000141,T000192,reconciled,2024-12-05T12:00:00+00:00,
R000142,T000193,reconciled,2023-01-27T12:00:00+00:00,auto-matched
R000143,T000194,reconciled,2023-02-18T12:00:00+00:00,auto-matched
R000144,T000195,pending,2023-03-26T12:00:00+00:00,
R000145,T000196,disputed,2023-04-07T12:00:00+00:00,auto-matched
R000146,T000197,reconciled,2023-05-15T12:00:00+00:00,auto-matched
R000147,T000198,reconciled,2023-06-08T12:00:00+00:00,
R000148,T000199,disputed,2023-07-02T12:00:00+00:00,auto-matched
R000149,T000200,pending,2023-08-01T12:00:00+00:00,auto-matched
R000150,T000201,pending,2023-09-24T12:00:00+00:00,
R000151,T000202,pending,2023-10-21T12:00:00+00:00,auto-matched
R000152,T000206,reconciled,2024-02-18T12:00:00+00:00,auto-matched
R000153,T000208,pending,2024-04-13T12:00:00+00:00,
R000154,T000209,reconciled,2024-05-08T12:00:00+00:00,auto-matched
R000155,T000211,disputed,2024-07-19T12:00:00+00:00,auto-matched
R000156,T000212,reconciled,2024-08-18T12:00:00+00:00,
R000157,T000213,reconciled,2024-09-15T12:00:00+00:00,auto-matched
R000158,T000214,reconciled,2024-10-12T12:00:00+00:00,auto-matched
R000159,T000216,disputed,2024-12-20T12:00:00+00:00,
R000160,T000217,disputed,2023-01-09T12:00:00+00:00,auto-matched
R000161,T000218,reconciled,2023-02-11T12:00:00+00:00,auto-matched
R000162,T000220,reconciled,2023-04-13T12:00:00+00:00,
R000163,T000221,disputed,2023-05-30T12:00:00+00:00,auto-matched
R000164,T000222,disputed,2023-06-23T12:00:00+00:00,auto-matched
R000165,T000223,disputed,2023-07-01T12:00:00+00:00,
R000166,T000224,pending,2023-08-20T12:00:00+00:00,auto-matched
R000167,T000225,reconciled,2023-09-13T12:00:00+00:00,auto-matched
R000168,T000226,pending,2023-10-09T12:00:00+00:00,
R000169,T000227,pending,2023-11-14T12:00:00+00:00,auto-matched
R000170,T000228,disputed,2023-12-14T12:00:00+00:00,auto-matched
R000171,T000230,disputed,2024-02-26T12:00:00+00:00,
R000172,T000233,pending,2024-05-30T12:00:00+00:00,auto-matched
R000173,T000236,pending,2024-08-06T12:00:00+00:00,auto-matched
R000174,T000237,reconciled,2024-09-20T12:00:00+00:00,
R000175,T000238,disputed,2024-10-04T12:00:00+00:00,auto-matched
R000176,T000239,pending,2024-11-14T12:00:00+00:00,auto-matched
R000177,T000241,reconciled,2023-01-23T12:00:00+00:00,
R000178,T000242,reconciled,2023-02-24T12:00:00+00:00,auto-matched
R000179,T000243,reconciled,2023-03-20T12:00:00+00:00,auto-matched
R000180,T000244,pending,2023-04-01T12:00:00+00:00,
R000181,T000245,reconciled,2023-05-06T12:00:00+00:00,auto-matched
R000182,T000246,pending,2023-06-11T12:00:00+00:00,auto-matched
R000183,T000248,reconciled,2023-08-26T12:00:00+00:00,
R000184,T000249,disputed,2023-09-05T12:00:00+00:00,auto-matched
R000185,T000250,pending,2023-10-28T12:00:00+00:00,auto-matched
R000186,T000251,reconciled,2023-11-07T12:00:00+00:00,
R000187,T000252,reconciled,2023-12-15T12:00:00+00:00,auto-matched
R000188,T000256,pending,2024-04-26T12:00:00+00:00,auto-matched
R000189,T000257,disputed,2024-05-15T12:00:00+00:00,
R000190,T000262,pending,2024-10-13T12:00:00+00:00,auto-matched
R000191,T000263,pending,2024-11-01T12:00:00+00:00,auto-matched
R000192,T000264,disputed,2024-12-02T12:00:00+00:00,
R000193,T000265,pending,2023-01-25T12:00:00+00:00,auto-matched
R000194,T000266,pending,2023-02-16T12:00:00+00:00,auto-matched
R000195,T000267,pending,2023-03-12T12:00:00+00:00,
R000196,T000268,pending,2023-04-16T12:00:00+00:00,auto-matched
R000197,T000269,pending,2023-05-26T12:00:00+00:00,auto-matched
R000198,T000270,pending,2023-06-09T12:00:00+00:00,
R000199,T000271,pending,2023-07-17T12:00:00+00:00,auto-matched
R000200,T000272,disputed,2023-08-26T12:00:00+00:00,auto-matched
R000201,T000273,pending,2023-09-12T12:00:00+00:00,
R000202,T000274,disputed,2023-10-06T12:00:00+00:00,auto-matched
R000203,T000275,disputed,2023-11-03T12:00:00+00:00,auto-matched
R000204,T000278,pending,2024-02-11T12:00:00+00:00,
R000205,T000279,reconciled,2024-03-03T12:00:00+00:00,auto-matched
R000206,T000280,disputed,2024-04-08T12:00:00+00:00,auto-matched
R000207,T000282,disputed,2024-06-03T12:00:00+00:00,
R000208,T000283,reconciled,2024-07-10T12:00:00+00:00,auto-matched
R000209,T000284,reconciled,2024-08-01T12:00:00+00:00,auto-matched
R000210,T000287,reconciled,2024-11-29T12:00:00+00:00,
R000211,T000288,disputed,2024-12-12T12:00:00+00:00,auto-matched
R000212,T000290,reconciled,2023-02-16T12:00:00+00:00,auto-matched
R000213,T000291,disputed,2023-03-07T12:00:00+00:00,
R000214,T000292,pending,2023-04-24T12:00:00+00:00,auto-matched
R000215,T000296,disputed,2023-08-21T12:00:00+00:00,auto-matched
R000216,T000297,reconciled,2023-09-13T12:00:00+00:00,
R000217,T000298,reconciled,2023-10-02T12:00:00+00:00,auto-matched
R000218,T000299,disputed,2023-11-13T12:00:00+00:00,auto-matched
R000219,T000300,disputed,2023-12-03T12:00:00+00:00,
R000220,T000301,disputed,2024-01-10T12:00:00+00:00,auto-matched
R000221,T000303,disputed,2024-03-09T12:00:00+00:00,auto-matched
R000222,T000304,pending,2024-04-02T12:00:00+00:00,
R000223,T000307,reconciled,2024-07-20T12:00:00+00:00,auto-matched
R000224,T000308,reconciled,2024-08-10T12:00:00+00:00,auto-matched
R000225,T000310,pending,2024-10-19T12:00:00+00:00,
R000226,T000311,pending,2024-11-12T12:00:00+00:00,auto-matched
R000227,T000313,disputed,2023-01-18T12:00:00+00:00,auto-matched
R000228,T000314,reconciled,2023-02-22T12:00:00+00:00,
R000229,T000316,reconciled,2023-04-07T12:00:00+00:00,auto-matched
R000230,T000317,reconciled,2023-05-14T12:00:00+00:00,auto-matched
R000231,T000318,pending,2023-06-09T12:00:00+00:00,
R000232,T000319,disputed,2023-07-29T12:00:00+00:00,auto-matched
R000233,T000321,disputed,2023-09-16T12:00:00+00:00,auto-matched
R000234,T000323,reconciled,2023-11-19T12:00:00+00:00,
R000235,T000324,pending,2023-12-12T12:00:00+00:00,auto-matched
R000236,T000327,disputed,2024-03-28T12:00:00+00:00,auto-matched
R000237,T000328,reconciled,2024-04-15T12:00:00+00:00,
R000238,T000329,reconciled,2024-05-14T12:00:00+00:00,auto-matched
R000239,T000330,reconciled,2024-06-02T12:00:00+00:00,auto-matched
R000240,T000331,pending,2024-07-31T12:00:00+00:00,
R000241,T000336,reconciled,2024-12-19T12:00:00+00:00,auto-matched
R000242,T000337,reconciled,2023-01-30T12:00:00+00:00,auto-matched
R000243,T000339,pending,2023-03-01T12:00:00+00:00,
R000244,T000340,pending,2023-04-21T12:00:00+00:00,auto-matched
R000245,T000341,disputed,2023-05-24T12:00:00+00:00,auto-matched
R000246,T000343,disputed,2023-07-02T12:00:00+00:00,
R000247,T000344,pending,2023-08-08T12:00:00+00:00,auto-matched
R000248,T000346,disputed,2023-10-23T12:00:00+00:00,auto-matched
R000249,T000347,disputed,2023-11-12T12:00:00+00:00,
R000250,T000348,reconciled,2023-12-22T12:00:00+00:00,auto-matched
R000251,T000349,disputed,2024-01-27T12:00:00+00:00,auto-matched
R000252,T000350,disputed,2024-02-22T12:00:00+00:00,
R000253,T000352,disputed,2024-04-16T12:00:00+00:00,auto-matched
R000254,T000353,disputed,2024-05-04T12:00:00+00:00,auto-matched
R000255,T000354,reconciled,2024-06-01T12:00:00+00:00,
R000256,T000355,reconciled,2024-07-27T12:00:00+00:00,auto-matched
R000257,T000356,disputed,2024-08-26T12:00:00+00:00,auto-matched
R000258,T000359,pending,2024-11-23T12:00:00+00:00,
R000259,T000360,disputed,2024-12-24T12:00:00+00:00,auto-matched
R000260,T000362,reconciled,2023-02-26T12:00:00+00:00,auto-matched
R000261,T000363,pending,2023-03-30T12:00:00+00:00,
R000262,T000364,reconciled,2023-04-14T12:00:00+00:00,auto-matched
R000263,T000367,pending,2023-07-22T12:00:00+00:00,auto-matched
R000264,T000369,pending,2023-09-13T12:00:00+00:00,
R000265,T000371,reconciled,2023-11-20T12:00:00+00:00,auto-matched
R000266,T000373,disputed,2024-01-24T12:00:00+00:00,auto-matched
R000267,T000374,reconciled,2024-02-22T12:00:00+00:00,
R000268,T000375,reconciled,2024-03-15T12:00:00+00:00,auto-matched
R000269,T000377,disputed,2024-05-25T12:00:00+00:00,auto-matched
R000270,T000378,disputed,2024-06-19T12:00:00+00:00,
R000271,T000379,disputed,2024-07-07T12:00:00+00:00,auto-matched
R000272,T000380,reconciled,2024-08-06T12:00:00+00:00,auto-matched
R000273,T000383,reconciled,2024-11-16T12:00:00+00:00,
R000274,T000384,reconciled,2024-12-13T12:00:00+00:00,auto-matched
R000275,T000385,disputed,2023-01-24T12:00:00+00:00,auto-matched
R000276,T000386,reconciled,2023-02-16T12:00:00+00:00,
R000277,T000387,reconciled,2023-03-22T12:00:00+00:00,auto-matched
R000278,T000388,reconciled,2023-04-23T12:00:00+00:00,auto-matched
R000279,T000389,disputed,2023-05-29T12:00:00+00:00,
R000280,T000390,reconciled,2023-06-08T12:00:00+00:00,auto-matched
R000281,T000391,disputed,2023-07-01T12:00:00+00:00,auto-matched
R000282,T000393,disputed,2023-09-20T12:00:00+00:00,
R000283,T000395,disputed,2023-11-15T12:00:00+00:00,auto-matched
R000284,T000396,pending,2023-12-28T12:00:00+00:00,auto-matched
R000285,T000398,pending,2024-02-20T12:00:00+00:00,
R000286,T000400,disputed,2024-04-18T12:00:00+00:00,auto-matched
R000287,T000401,disputed,2024-05-01T12:00:00+00:00,auto-matched
R000288,T000402,reconciled,2024-06-09T12:00:00+00:00,
R000289,T000407,pending,2024-11-26T12:00:00+00:00,auto-matched
R000290,T000409,reconciled,2023-01-23T12:00:00+00:00,auto-matched
R000291,T000410,disputed,2023-02-04T12:00:00+00:00,
R000292,T000412,disputed,2023-04-27T12:00:00+00:00,auto-matched
R000293,T000413,disputed,2023-05-25T12:00:00+00:00,auto-matched
R000294,T000415,pending,2023-07-15T12:00:00+00:00,
R000295,T000416,pending,2023-08-23T12:00:00+00:00,auto-matched
R000296,T000419,reconciled,2023-11-02T12:00:00+00:00,auto-matched
R000297,T000422,reconciled,2024-02-04T12:00:00+00:00,
R000298,T000423,pending,2024-03-28T12:00:00+00:00,auto-matched
R000299,T000424,pending,2024-04-26T12:00:00+00:00,auto-matched
R000300,T000425,reconciled,2024-05-18T12:00:00+00:00,
R000301,T000426,reconciled,2024-06-07T12:00:00+00:00,auto-matched
R000302,T000427,reconciled,2024-07-20T12:00:00+00:00,auto-matched
R000303,T000429,disputed,2024-09-12T12:00:00+00:00,
R000304,T000430,pending,2024-10-16T12:00:00+00:00,auto-matched
R000305,T000432,reconciled,2024-12-31T12:00:00+00:00,auto-matched
R000306,T000435,pending,2023-03-13T12:00:00+00:00,
R000307,T000437,reconciled,2023-05-24T12:00:00+00:00,auto-matched
R000308,T000438,reconciled,2023-06-04T12:00:00+00:00,auto-matched
R000309,T000439,disputed,2023-07-21T12:00:00+00:00,
R000310,T000441,reconciled,2023-09-26T12:00:00+00:00,auto-matched
R000311,T000443,disputed,2023-11-30T12:00:00+00:00,auto-matched
R000312,T000444,disputed,2023-12-20T12:00:00+00:00,
R000313,T000449,pending,2024-05-03T12:00:00+00:00,auto-matched
R000314,T000450,pending,2024-06-01T12:00:00+00:00,auto-matched
R000315,T000452,reconciled,2024-08-25T12:00:00+00:00,
R000316,T000453,reconciled,2024-09-16T12:00:00+00:00,auto-matched
R000317,T000455,pending,2024-11-23T12:00:00+00:00,auto-matched
R000318,T000456,disputed,2024-12-30T12:00:00+00:00,
R000319,T000457,reconciled,2023-01-08T12:00:00+00:00,auto-matched
R000320,T000458,pending,2023-02-18T12:00:00+00:00,auto-matched
R000321,T000460,reconciled,2023-04-25T12:00:00+00:00,
R000322,T000461,disputed,2023-05-06T12:00:00+00:00,auto-matched
R000323,T000462,pending,2023-06-22T12:00:00+00:00,auto-matched
R000324,T000466,pending,2023-10-22T12:00:00+00:00,
R000325,T000467,disputed,2023-11-23T12:00:00+00:00,auto-matched
R000326,T000468,reconciled,2023-12-29T12:00:00+00:00,auto-matched
R000327,T000470,pending,2024-02-27T12:00:00+00:00,
R000328,T000471,pending,2024-03-26T12:00:00+00:00,auto-matched
R000329,T000472,disputed,2024-04-08T12:00:00+00:00,auto-matched
R000330,T000473,pending,2024-05-29T12:00:00+00:00,
R000331,T000477,reconciled,2024-09-12T12:00:00+00:00,auto-matched
R000332,T000478,pending,2024-10-17T12:00:00+00:00,auto-matched
R000333,T000479,pending,2024-11-28T12:00:00+00:00,
R000334,T000481,pending,2023-01-07T12:00:00+00:00,auto-matched
R000335,T000482,pending,2023-02-19T12:00:00+00:00,auto-matched
R000336,T000483,pending,2023-03-30T12:00:00+00:00,
R000337,T000484,reconciled,2023-04-08T12:00:00+00:00,auto-matched
R000338,T000487,pending,2023-07-18T12:00:00+00:00,auto-matched
R000339,T000489,reconciled,2023-09-16T12:00:00+00:00,
R000340,T000490,pending,2023-10-18T12:00:00+00:00,auto-matched
R000341,T000491,disputed,2023-11-13T12:00:00+00:00,auto-matched
R000342,T000493,disputed,2024-01-22T12:00:00+00:00,
R000343,T000494,pending,2024-02-22T12:00:00+00:00,auto-matched
R000344,T000495,pending,2024-03-02T12:00:00+00:00,auto-matched
R000345,T000496,disputed,2024-04-22T12:00:00+00:00,
R000346,T000497,reconciled,2024-05-10T12:00:00+00:00,auto-matched
R000347,T000499,pending,2024-07-28T12:00:00+00:00,auto-matched
R000348,T000501,pending,2024-09-09T12:00:00+00:00,
R000349,T000502,reconciled,2024-10-17T12:00:00+00:00,auto-matched
R000350,T000503,pending,2024-11-28T12:00:00+00:00,auto-matched
R000351,T000505,reconciled,2023-01-23T12:00:00+00:00,
R000352,T000507,disputed,2023-03-02T12:00:00+00:00,auto-matched
R000353,T000508,disputed,2023-04-10T12:00:00+00:00,auto-matched
R000354,T000509,disputed,2023-05-24T12:00:00+00:00,
R000355,T000512,pending,2023-08-26T12:00:00+00:00,auto-matched
R000356,T000513,pending,2023-09-03T12:00:00+00:00,auto-matched
R000357,T000514,reconciled,2023-10-07T12:00:00+00:00,
R000358,T000516,reconciled,2023-12-15T12:00:00+00:00,auto-matched
R000359,T000517,reconciled,2024-01-14T12:00:00+00:00,auto-matched
R000360,T000518,disputed,2024-02-27T12:00:00+00:00,
R000361,T000519,pending,2024-03-15T12:00:00+00:00,auto-matched
R000362,T000521,pending,2024-05-16T12:00:00+00:00,auto-matched
R000363,T000522,disputed,2024-06-06T12:00:00+00:00,
R000364,T000524,reconciled,2024-08-15T12:00:00+00:00,auto-matched
R000365,T000526,reconciled,2024-10-01T12:00:00+00:00,auto-matched
R000366,T000527,reconciled,2024-11-27T12:00:00+00:00,
R000367,T000528,disputed,2024-12-08T12:00:00+00:00,auto-matched
R000368,T000529,reconciled,2023-01-26T12:00:00+00:00,auto-matched
R000369,T000530,reconciled,2023-02-07T12:00:00+00:00,
R000370,T000531,pending,2023-03-15T12:00:00+00:00,auto-matched
R000371,T000532,reconciled,2023-04-06T12:00:00+00:00,auto-matched
R000372,T000534,pending,2023-06-21T12:00:00+00:00,
R000373,T000537,reconciled,2023-09-23T12:00:00+00:00,auto-matched
R000374,T000539,disputed,2023-11-04T12:00:00+00:00,auto-matched
R000375,T000540,reconciled,2023-12-28T12:00:00+00:00,
R000376,T000541,disputed,2024-01-21T12:00:00+00:00,auto-matched
R000377,T000542,reconciled,2024-02-26T12:00:00+00:00,auto-matched
R000378,T000544,reconciled,2024-04-07T12:00:00+00:00,
R000379,T000546,pending,2024-06-23T12:00:00+00:00,auto-matched
R000380,T000547,reconciled,2024-07-14T12:00:00+00:00,auto-matched
R000381,T000548,disputed,2024-08-31T12:00:00+00:00,
R000382,T000551,reconciled,2024-11-30T12:00:00+00:00,auto-matched
R000383,T000552,disputed,2024-12-05T12:00:00+00:00,auto-matched
R000384,T000555,pending,2023-03-29T12:00:00+00:00,
R000385,T000558,pending,2023-06-09T12:00:00+00:00,auto-matched
R000386,T000559,pending,2023-07-09T12:00:00+00:00,auto-matched
R000387,T000561,disputed,2023-09-01T12:00:00+00:00,
R000388,T000562,disputed,2023-10-08T12:00:00+00:00,auto-matched
R000389,T000563,disputed,2023-11-10T12:00:00+00:00,auto-matched
R000390,T000565,pending,2024-01-05T12:00:00+00:00,
R000391,T000566,pending,2024-02-12T12:00:00+00:00,auto-matched
R000392,T000568,reconciled,2024-04-07T12:00:00+00:00,auto-matched
R000393,T000571,pending,2024-07-07T12:00:00+00:00,
R000394,T000572,disputed,2024-08-10T12:00:00+00:00,auto-matched
R000395,T000574,pending,2024-10-26T12:00:00+00:00,auto-matched
R000396,T000575,disputed,2024-11-19T12:00:00+00:00,
R000397,T000576,reconciled,2024-12-29T12:00:00+00:00,auto-matched
R000398,T000577,reconciled,2023-01-29T12:00:00+00:00,auto-matched
R000399,T000578,pending,2023-02-20T12:00:00+00:00,
R000400,T000579,pending,2023-03-19T12:00:00+00:00,auto-matched
R000401,T000581,pending,2023-05-02T12:00:00+00:00,auto-matched
R000402,T000582,pending,2023-06-17T12:00:00+00:00,
R000403,T000583,pending,2023-07-05T12:00:00+00:00,auto-matched
R000404,T000584,disputed,2023-08-27T12:00:00+00:00,auto-matched
R000405,T000585,reconciled,2023-09-28T12:00:00+00:00,
R000406,T000586,reconciled,2023-10-16T12:00:00+00:00,auto-matched
R000407,T000587,reconciled,2023-11-09T12:00:00+00:00,auto-matched
R000408,T000588,reconciled,2023-12-19T12:00:00+00:00,
R000409,T000589,disputed,2024-01-27T12:00:00+00:00,auto-matched
R000410,T000590,reconciled,2024-02-28T12:00:00+00:00,auto-matched
R000411,T000591,pending,2024-03-26T12:00:00+00:00,
R000412,T000592,pending,2024-04-26T12:00:00+00:00,auto-matched
R000413,T000596,reconciled,2024-08-23T12:00:00+00:00,auto-matched
R000414,T000597,pending,2024-09-22T12:00:00+00:00,
R000415,T000598,pending,2024-10-03T12:00:00+00:00,auto-matched
R000416,T000599,pending,2024-11-20T12:00:00+00:00,auto-matched
R000417,T000601,reconciled,2023-01-12T12:00:00+00:00,
R000418,T000602,pending,2023-02-01T12:00:00+00:00,auto-matched
R000419,T000606,pending,2023-06-26T12:00:00+00:00,auto-matched
R000420,T000607,reconciled,2023-07-04T12:00:00+00:00,
R000421,T000608,pending,2023-08-02T12:00:00+00:00,auto-matched
R000422,T000609,disputed,2023-09-26T12:00:00+00:00,auto-matched
R000423,T000610,reconciled,2023-10-29T12:00:00+00:00,
R000424,T000612,disputed,2023-12-27T12:00:00+00:00,auto-matched
R000425,T000613,pending,2024-01-04T12:00:00+00:00,auto-matched
R000426,T000614,pending,2024-02-13T12:00:00+00:00,
R000427,T000615,disputed,2024-03-30T12:00:00+00:00,auto-matched
R000428,T000616,disputed,2024-04-04T12:00:00+00:00,auto-matched
R000429,T000618,disputed,2024-06-23T12:00:00+00:00,
R000430,T000619,pending,2024-07-08T12:00:00+00:00,auto-matched
R000431,T000620,reconciled,2024-08-12T12:00:00+00:00,auto-matched
R000432,T000623,pending,2024-11-12T12:00:00+00:00,
R000433,T000624,pending,2024-12-28T12:00:00+00:00,auto-matched
R000434,T000625,reconciled,2023-01-24T12:00:00+00:00,auto-matched
R000435,T000626,reconciled,2023-02-06T12:00:00+00:00,
R000436,T000627,reconciled,2023-03-01T12:00:00+00:00,auto-matched
R000437,T000628,reconciled,2023-04-24T12:00:00+00:00,auto-matched
R000438,T000630,disputed,2023-06-06T12:00:00+00:00,
R000439,T000632,pending,2023-08-02T12:00:00+00:00,auto-matched
R000440,T000633,disputed,2023-09-23T12:00:00+00:00,auto-matched
R000441,T000634,reconciled,2023-10-22T12:00:00+00:00,
R000442,T000635,reconciled,2023-11-12T12:00:00+00:00,auto-matched
R000443,T000637,reconciled,2024-01-28T12:00:00+00:00,auto-matched
R000444,T000639,disputed,2024-03-11T12:00:00+00:00,
R000445,T000640,pending,2024-04-19T12:00:00+00:00,auto-matched
R000446,T000641,pending,2024-05-27T12:00:00+00:00,auto-matched
R000447,T000643,pending,2024-07-05T12:00:00+00:00,
R000448,T000644,pending,2024-08-01T12:00:00+00:00,auto-matched
R000449,T000645,pending,2024-09-13T12:00:00+00:00,auto-matched
R000450,T000646,reconciled,2024-10-09T12:00:00+00:00,
R000451,T000649,pending,2023-01-18T12:00:00+00:00,auto-matched
R000452,T000652,reconciled,2023-04-19T12:00:00+00:00,auto-matched
R000453,T000653,disputed,2023-05-01T12:00:00+00:00,
R000454,T000654,pending,2023-06-21T12:00:00+00:00,auto-matched
R000455,T000656,disputed,2023-08-30T12:00:00+00:00,auto-matched
R000456,T000661,pending,2024-01-22T12:00:00+00:00,
R000457,T000662,reconciled,2024-02-07T12:00:00+00:00,auto-matched
R000458,T000663,reconciled,2024-03-14T12:00:00+00:00,auto-matched
R000459,T000665,reconciled,2024-05-17T12:00:00+00:00,
R000460,T000666,reconciled,2024-06-21T12:00:00+00:00,auto-matched
R000461,T000667,reconciled,2024-07-15T12:00:00+00:00,auto-matched
R000462,T000668,reconciled,2024-08-11T12:00:00+00:00,
R000463,T000669,pending,2024-09-03T12:00:00+00:00,auto-matched
R000464,T000671,pending,2024-11-08T12:00:00+00:00,auto-matched
R000465,T000672,pending,2024-12-11T12:00:00+00:00,
R000466,T000673,pending,2023-01-11T12:00:00+00:00,auto-matched
R000467,T000675,pending,2023-03-03T12:00:00+00:00,auto-matched
R000468,T000677,disputed,2023-05-21T12:00:00+00:00,
R000469,T000678,disputed,2023-06-09T12:00:00+00:00,auto-matched
R000470,T000679,disputed,2023-07-12T12:00:00+00:00,auto-matched
R000471,T000680,pending,2023-08-27T12:00:00+00:00,
R000472,T000681,disputed,2023-09-19T12:00:00+00:00,auto-matched
R000473,T000684,pending,2023-12-18T12:00:00+00:00,auto-matched
R000474,T000685,pending,2024-01-25T12:00:00+00:00,
R000475,T000688,reconciled,2024-04-10T12:00:00+00:00,auto-matched
R000476,T000689,reconciled,2024-05-03T12:00:00+00:00,auto-matched
R000477,T000690,reconciled,2024-06-30T12:00:00+00:00,
R000478,T000691,disputed,2024-07-03T12:00:00+00:00,auto-matched
R000479,T000692,disputed,2024-08-13T12:00:00+00:00,auto-matched
R000480,T000694,reconciled,2024-10-09T12:00:00+00:00,
R000481,T000696,pending,2024-12-09T12:00:00+00:00,auto-matched
R000482,T000698,reconciled,2023-02-04T12:00:00+00:00,auto-matched
R000483,T000699,disputed,2023-03-03T12:00:00+00:00,
R000484,T000701,reconciled,2023-05-16T12:00:00+00:00,auto-matched
R000485,T000702,pending,2023-06-27T12:00:00+00:00,auto-matched
R000486,T000704,disputed,2023-08-18T12:00:00+00:00,
R000487,T000706,reconciled,2023-10-14T12:00:00+00:00,auto-matched
R000488,T000707,pending,2023-11-26T12:00:00+00:00,auto-matched
R000489,T000708,pending,2023-12-09T12:00:00+00:00,
R000490,T000710,disputed,2024-02-12T12:00:00+00:00,auto-matched
R000491,T000712,disputed,2024-04-20T12:00:00+00:00,auto-matched
R000492,T000713,reconciled,2024-05-07T12:00:00+00:00,
R000493,T000714,disputed,2024-06-29T12:00:00+00:00,auto-matched
R000494,T000716,disputed,2024-08-03T12:00:00+00:00,auto-matched
R000495,T000717,reconciled,2024-09-24T12:00:00+00:00,
R000496,T000720,disputed,2024-12-09T12:00:00+00:00,auto-matched
R000497,T000721,reconciled,2023-01-31T12:00:00+00:00,auto-matched
R000498,T000722,disputed,2023-02-20T12:00:00+00:00,
R000499,T000724,disputed,2023-04-27T12:00:00+00:00,auto-matched
R000500,T000725,reconciled,2023-05-24T12:00:00+00:00,auto-matched
R000501,T000728,disputed,2023-08-08T12:00:00+00:00,
R000502,T000729,reconciled,2023-09-12T12:00:00+00:00,auto-matched
R000503,T000730,reconciled,2023-10-28T12:00:00+00:00,auto-matched
R000504,T000735,pending,2024-03-21T12:00:00+00:00,
R000505,T000736,reconciled,2024-04-13T12:00:00+00:00,auto-matched
R000506,T000738,reconciled,2024-06-17T12:00:00+00:00,auto-matched
R000507,T000739,pending,2024-07-05T12:00:00+00:00,
R000508,T000742,reconciled,2024-10-17T12:00:00+00:00,auto-matched
R000509,T000745,disputed,2023-01-17T12:00:00+00:00,auto-matched
R000510,T000746,reconciled,2023-02-07T12:00:00+00:00,
R000511,T000747,pending,2023-03-05T12:00:00+00:00,auto-matched
R000512,T000748,reconciled,2023-04-30T12:00:00+00:00,auto-matched
R000513,T000750,reconciled,2023-06-20T12:00:00+00:00,
R000514,T000753,disputed,2023-09-02T12:00:00+00:00,auto-matched
R000515,T000755,pending,2023-11-27T12:00:00+00:00,auto-matched
R000516,T000756,disputed,2023-12-12T12:00:00+00:00,
R000517,T000757,reconciled,2024-01-23T12:00:00+00:00,auto-matched
R000518,T000758,disputed,2024-02-19T12:00:00+00:00,auto-matched
R000519,T000759,pending,2024-03-19T12:00:00+00:00,
R000520,T000761,disputed,2024-05-27T12:00:00+00:00,auto-matched
R000521,T000762,disputed,2024-06-20T12:00:00+00:00,auto-matched
R000522,T000765,reconciled,2024-09-29T12:00:00+00:00,
R000523,T000766,disputed,2024-10-06T12:00:00+00:00,auto-matched
R000524,T000768,disputed,2024-12-18T12:00:00+00:00,auto-matched
R000525,T000769,disputed,2023-01-09T12:00:00+00:00,
R000526,T000774,reconciled,2023-06-28T12:00:00+00:00,auto-matched
R000527,T000775,disputed,2023-07-23T12:00:00+00:00,auto-matched
R000528,T000776,disputed,2023-08-23T12:00:00+00:00,
R000529,T000777,pending,2023-09-30T12:00:00+00:00,auto-matched
R000530,T000778,pending,2023-10-21T12:00:00+00:00,auto-matched
R000531,T000779,pending,2023-11-13T12:00:00+00:00,
R000532,T000782,pending,2024-02-12T12:00:00+00:00,auto-matched
R000533,T000783,disputed,2024-03-19T12:00:00+00:00,auto-matched
R000534,T000785,disputed,2024-05-04T12:00:00+00:00,
R000535,T000786,disputed,2024-06-15T12:00:00+00:00,auto-matched
R000536,T000789,disputed,2024-09-03T12:00:00+00:00,auto-matched
R000537,T000790,disputed,2024-10-24T12:00:00+00:00,
R000538,T000792,disputed,2024-12-02T12:00:00+00:00,auto-matched
R000539,T000793,disputed,2023-01-02T12:00:00+00:00,auto-matched
R000540,T000795,pending,2023-03-26T12:00:00+00:00,
R000541,T000796,disputed,2023-04-01T12:00:00+00:00,auto-matched
R000542,T000797,pending,2023-05-04T12:00:00+00:00,auto-matched
R000543,T000798,disputed,2023-06-10T12:00:00+00:00,
R000544,T000802,reconciled,2023-10-15T12:00:00+00:00,auto-matched
R000545,T000805,disputed,2024-01-25T12:00:00+00:00,auto-matched
R000546,T000806,disputed,2024-02-20T12:00:00+00:00,
R000547,T000809,pending,2024-05-31T12:00:00+00:00,auto-matched
R000548,T000810,reconciled,2024-06-22T12:00:00+00:00,auto-matched
R000549,T000811,disputed,2024-07-15T12:00:00+00:00,
R000550,T000812,disputed,2024-08-31T12:00:00+00:00,auto-matched
R000551,T000813,reconciled,2024-09-27T12:00:00+00:00,auto-matched
R000552,T000815,disputed,2024-11-21T12:00:00+00:00,
R000553,T000816,reconciled,2024-12-26T12:00:00+00:00,auto-matched
R000554,T000818,reconciled,2023-02-20T12:00:00+00:00,auto-matched
R000555,T000819,reconciled,2023-03-20T12:00:00+00:00,
R000556,T000821,pending,2023-05-18T12:00:00+00:00,auto-matched
R000557,T000822,pending,2023-06-05T12:00:00+00:00,auto-matched
R000558,T000824,pending,2023-08-03T12:00:00+00:00,
R000559,T000825,pending,2023-09-30T12:00:00+00:00,auto-matched
R000560,T000827,pending,2023-11-28T12:00:00+00:00,auto-matched
R000561,T000828,pending,2023-12-16T12:00:00+00:00,
R000562,T000829,pending,2024-01-01T12:00:00+00:00,auto-matched
R000563,T000831,reconciled,2024-03-16T12:00:00+00:00,auto-matched
R000564,T000832,reconciled,2024-04-09T12:00:00+00:00,
R000565,T000834,pending,2024-06-20T12:00:00+00:00,auto-matched
R000566,T000835,reconciled,2024-07-14T12:00:00+00:00,auto-matched
R000567,T000837,reconciled,2024-09-28T12:00:00+00:00,
R000568,T000838,disputed,2024-10-24T12:00:00+00:00,auto-matched
R000569,T000839,pending,2024-11-08T12:00:00+00:00,auto-matched
R000570,T000840,disputed,2024-12-06T12:00:00+00:00,
R000571,T000841,disputed,2023-01-01T12:00:00+00:00,auto-matched
R000572,T000843,disputed,2023-03-05T12:00:00+00:00,auto-matched
R000573,T000844,disputed,2023-04-10T12:00:00+00:00,
R000574,T000845,reconciled,2023-05-01T12:00:00+00:00,auto-matched
R000575,T000848,reconciled,2023-08-02T12:00:00+00:00,auto-matched
R000576,T000849,disputed,2023-09-03T12:00:00+00:00,
R000577,T000852,pending,2023-12-29T12:00:00+00:00,auto-matched
R000578,T000853,disputed,2024-01-19T12:00:00+00:00,auto-matched
R000579,T000854,pending,2024-02-24T12:00:00+00:00,
R000580,T000856,pending,2024-04-24T12:00:00+00:00,auto-matched
R000581,T000857,reconciled,2024-05-18T12:00:00+00:00,auto-matched
R000582,T000858,disputed,2024-06-02T12:00:00+00:00,
R000583,T000860,pending,2024-08-13T12:00:00+00:00,auto-matched
R000584,T000861,reconciled,2024-09-22T12:00:00+00:00,auto-matched
R000585,T000862,disputed,2024-10-18T12:00:00+00:00,
R000586,T000864,disputed,2024-12-12T12:00:00+00:00,auto-matched
R000587,T000865,disputed,2023-01-31T12:00:00+00:00,auto-matched
R000588,T000866,disputed,2023-02-23T12:00:00+00:00,
R000589,T000867,reconciled,2023-03-27T12:00:00+00:00,auto-matched
R000590,T000868,disputed,2023-04-07T12:00:00+00:00,auto-matched
R000591,T000869,reconciled,2023-05-21T12:00:00+00:00,
R000592,T000870,disputed,2023-06-30T12:00:00+00:00,auto-matched
R000593,T000871,reconciled,2023-07-30T12:00:00+00:00,auto-matched
R000594,T000872,reconciled,2023-08-15T12:00:00+00:00,
R000595,T000873,pending,2023-09-18T12:00:00+00:00,auto-matched
R000596,T000874,reconciled,2023-10-15T12:00:00+00:00,auto-matched
R000597,T000875,disputed,2023-11-03T12:00:00+00:00,
R000598,T000876,disputed,2023-12-10T12:00:00+00:00,auto-matched
R000599,T000877,reconciled,2024-01-20T12:00:00+00:00,auto-matched
R000600,T000878,disputed,2024-02-29T12:00:00+00:00,
R000601,T000879,disputed,2024-03-05T12:00:00+00:00,auto-matched
R000602,T000880,reconciled,2024-04-15T12:00:00+00:00,auto-matched
R000603,T000882,reconciled,2024-06-22T12:00:00+00:00,
R000604,T000883,reconciled,2024-07-12T12:00:00+00:00,auto-matched
R000605,T000885,pending,2024-09-14T12:00:00+00:00,auto-matched
R000606,T000886,reconciled,2024-10-22T12:00:00+00:00,
R000607,T000892,pending,2023-04-16T12:00:00+00:00,auto-matched
R000608,T000893,reconciled,2023-05-15T12:00:00+00:00,auto-matched
R000609,T000894,pending,2023-06-10T12:00:00+00:00,
R000610,T000895,pending,2023-07-31T12:00:00+00:00,auto-matched
R000611,T000897,pending,2023-09-11T12:00:00+00:00,auto-matched
R000612,T000898,reconciled,2023-10-02T12:00:00+00:00,
R000613,T000900,pending,2023-12-15T12:00:00+00:00,auto-matched
R000614,T000902,disputed,2024-02-10T12:00:00+00:00,auto-matched
R000615,T000903,pending,2024-03-01T12:00:00+00:00,
R000616,T000904,reconciled,2024-04-25T12:00:00+00:00,auto-matched
R000617,T000905,disputed,2024-05-31T12:00:00+00:00,auto-matched
R000618,T000906,pending,2024-06-28T12:00:00+00:00,
R000619,T000907,pending,2024-07-29T12:00:00+00:00,auto-matched
R000620,T000908,pending,2024-08-28T12:00:00+00:00,auto-matched
R000621,T000910,reconciled,2024-10-11T12:00:00+00:00,
R000622,T000911,reconciled,2024-11-30T12:00:00+00:00,auto-matched
R000623,T000912,pending,2024-12-23T12:00:00+00:00,auto-matched
R000624,T000913,reconciled,2023-01-02T12:00:00+00:00,
R000625,T000914,pending,2023-02-19T12:00:00+00:00,auto-matched
R000626,T000916,disputed,2023-04-18T12:00:00+00:00,auto-matched
R000627,T000918,pending,2023-06-18T12:00:00+00:00,
R000628,T000919,disputed,2023-07-31T12:00:00+00:00,auto-matched
R000629,T000921,reconciled,2023-09-02T12:00:00+00:00,auto-matched
R000630,T000922,disputed,2023-10-24T12:00:00+00:00,
R000631,T000923,disputed,2023-11-08T12:00:00+00:00,auto-matched
R000632,T000924,pending,2023-12-21T12:00:00+00:00,auto-matched
R000633,T000925,reconciled,2024-01-02T12:00:00+00:00,
R000634,T000926,pending,2024-02-26T12:00:00+00:00,auto-matched
R000635,T000927,pending,2024-03-05T12:00:00+00:00,auto-matched
R000636,T000928,reconciled,2024-04-14T12:00:00+00:00,
R000637,T000930,pending,2024-06-11T12:00:00+00:00,auto-matched
R000638,T000931,reconciled,2024-07-24T12:00:00+00:00,auto-matched
R000639,T000932,pending,2024-08-27T12:00:00+00:00,
R000640,T000934,pending,2024-10-30T12:00:00+00:00,auto-matched
R000641,T000935,pending,2024-11-20T12:00:00+00:00,auto-matched
R000642,T000936,reconciled,2024-12-02T12:00:00+00:00,
R000643,T000937,reconciled,2023-01-10T12:00:00+00:00,auto-matched
R000644,T000940,reconciled,2023-04-01T12:00:00+00:00,auto-matched
R000645,T000943,pending,2023-07-23T12:00:00+00:00,
R000646,T000945,disputed,2023-09-10T12:00:00+00:00,auto-matched
R000647,T000946,reconciled,2023-10-22T12:00:00+00:00,auto-matched
R000648,T000949,reconciled,2024-01-19T12:00:00+00:00,
R000649,T000950,disputed,2024-02-02T12:00:00+00:00,auto-matched
R000650,T000952,reconciled,2024-04-30T12:00:00+00:00,auto-matched
R000651,T000957,reconciled,2024-09-22T12:00:00+00:00,
R000652,T000959,disputed,2024-11-29T12:00:00+00:00,auto-matched
R000653,T000960,disputed,2024-12-19T12:00:00+00:00,auto-matched
R000654,T000961,reconciled,2023-01-13T12:00:00+00:00,
R000655,T000964,disputed,2023-04-05T12:00:00+00:00,auto-matched
R000656,T000965,reconciled,2023-05-02T12:00:00+00:00,auto-matched
R000657,T000967,disputed,2023-07-03T12:00:00+00:00,
R000658,T000968,reconciled,2023-08-31T12:00:00+00:00,auto-matched
R000659,T000970,reconciled,2023-10-15T12:00:00+00:00,auto-matched
R000660,T000971,reconciled,2023-11-21T12:00:00+00:00,
R000661,T000972,disputed,2023-12-01T12:00:00+00:00,auto-matched
R000662,T000973,pending,2024-01-11T12:00:00+00:00,auto-matched
R000663,T000974,pending,2024-02-17T12:00:00+00:00,
R000664,T000975,disputed,2024-03-01T12:00:00+00:00,auto-matched
R000665,T000978,pending,2024-06-23T12:00:00+00:00,auto-matched
R000666,T000980,disputed,2024-08-30T12:00:00+00:00,
R000667,T000983,reconciled,2024-11-29T12:00:00+00:00,auto-matched
R000668,T000984,reconciled,2024-12-01T12:00:00+00:00,auto-matched
R000669,T000985,disputed,2023-01-06T12:00:00+00:00,
R000670,T000986,pending,2023-02-12T12:00:00+00:00,auto-matched
R000671,T000987,reconciled,2023-03-28T12:00:00+00:00,auto-matched
R000672,T000988,pending,2023-04-22T12:00:00+00:00,
R000673,T000989,disputed,2023-05-03T12:00:00+00:00,auto-matched
R000674,T000990,pending,2023-06-20T12:00:00+00:00,auto-matched
R000675,T000991,disputed,2023-07-07T12:00:00+00:00,
R000676,T000992,disputed,2023-08-09T12:00:00+00:00,auto-matched
R000677,T000993,pending,2023-09-20T12:00:00+00:00,auto-matched
R000678,T000994,disputed,2023-10-13T12:00:00+00:00,
R000679,T000996,reconciled,2023-12-11T12:00:00+00:00,auto-matched
R000680,T000997,pending,2024-01-16T12:00:00+00:00,auto-matched
R000681,T000998,pending,2024-02-16T12:00:00+00:00,
R000682,T000999,disputed,2024-03-24T12:00:00+00:00,auto-matched
R000683,T001000,reconciled,2024-04-05T12:00:00+00:00,auto-matched
R000684,T001001,reconciled,2024-05-23T12:00:00+00:00,
R000685,T001003,disputed,2024-07-17T12:00:00+00:00,auto-matched
R000686,T001004,disputed,2024-08-31T12:00:00+00:00,auto-matched
R000687,T001005,pending,2024-09-24T12:00:00+00:00,
R000688,T001007,pending,2024-11-23T12:00:00+00:00,auto-matched
R000689,T001009,disputed,2023-01-08T12:00:00+00:00,auto-matched
R000690,T001011,pending,2023-03-29T12:00:00+00:00,
R000691,T001012,disputed,2023-04-04T12:00:00+00:00,auto-matched
R000692,T001013,disputed,2023-05-22T12:00:00+00:00,auto-matched
R000693,T001014,reconciled,2023-06-02T12:00:00+00:00,
R000694,T001015,reconciled,2023-07-24T12:00:00+00:00,auto-matched
R000695,T001017,pending,2023-09-19T12:00:00+00:00,auto-matched
R000696,T001021,pending,2024-01-04T12:00:00+00:00,
R000697,T001023,disputed,2024-03-28T12:00:00+00:00,auto-matched
R000698,T001024,reconciled,2024-04-12T12:00:00+00:00,auto-matched
R000699,T001026,pending,2024-06-20T12:00:00+00:00,
R000700,T001027,pending,2024-07-02T12:00:00+00:00,auto-matched
R000701,T001028,reconciled,2024-08-01T12:00:00+00:00,auto-matched
R000702,T001029,reconciled,2024-09-10T12:00:00+00:00,
R000703,T001030,reconciled,2024-10-03T12:00:00+00:00,auto-matched
R000704,T001031,reconciled,2024-11-08T12:00:00+00:00,auto-matched
R000705,T001032,reconciled,2024-12-23T12:00:00+00:00,
R000706,T001033,disputed,2023-01-07T12:00:00+00:00,auto-matched
R000707,T001035,reconciled,2023-03-20T12:00:00+00:00,auto-matched
R000708,T001036,disputed,2023-04-21T12:00:00+00:00,
R000709,T001037,reconciled,2023-05-01T12:00:00+00:00,auto-matched
R000710,T001038,reconciled,2023-06-05T12:00:00+00:00,auto-matched
R000711,T001042,disputed,2023-10-15T12:00:00+00:00,
R000712,T001043,pending,2023-11-19T12:00:00+00:00,auto-matched
R000713,T001047,pending,2024-03-10T12:00:00+00:00,auto-matched
R000714,T001048,pending,2024-04-13T12:00:00+00:00,
R000715,T001049,disputed,2024-05-21T12:00:00+00:00,auto-matched
R000716,T001050,pending,2024-06-02T12:00:00+00:00,auto-matched
R000717,T001053,reconciled,2024-09-05T12:00:00+00:00,
R000718,T001055,reconciled,2024-11-27T12:00:00+00:00,auto-matched
R000719,T001056,disputed,2024-12-03T12:00:00+00:00,auto-matched
R000720,T001057,reconciled,2023-01-22T12:00:00+00:00,
R000721,T001058,reconciled,2023-02-17T12:00:00+00:00,auto-matched
R000722,T001060,reconciled,2023-04-17T12:00:00+00:00,auto-matched
R000723,T001061,disputed,2023-05-21T12:00:00+00:00,
R000724,T001062,pending,2023-06-12T12:00:00+00:00,auto-matched
R000725,T001063,reconciled,2023-07-09T12:00:00+00:00,auto-matched
R000726,T001064,disputed,2023-08-06T12:00:00+00:00,
R000727,T001066,reconciled,2023-10-11T12:00:00+00:00,auto-matched
R000728,T001067,reconciled,2023-11-30T12:00:00+00:00,auto-matched
R000729,T001068,pending,2023-12-08T12:00:00+00:00,
R000730,T001069,pending,2024-01-24T12:00:00+00:00,auto-matched
R000731,T001071,disputed,2024-03-14T12:00:00+00:00,auto-matched
R000732,T001075,reconciled,2024-07-03T12:00:00+00:00,
R000733,T001080,reconciled,2024-12-24T12:00:00+00:00,auto-matched
R000734,T001082,pending,2023-02-03T12:00:00+00:00,auto-matched
R000735,T001083,reconciled,2023-03-25T12:00:00+00:00,
R000736,T001084,reconciled,2023-04-24T12:00:00+00:00,auto-matched
R000737,T001089,pending,2023-09-13T12:00:00+00:00,auto-matched
R000738,T001090,pending,2023-10-05T12:00:00+00:00,
R000739,T001091,pending,2023-11-16T12:00:00+00:00,auto-matched
R000740,T001092,disputed,2023-12-07T12:00:00+00:00,auto-matched
R000741,T001093,reconciled,2024-01-28T12:00:00+00:00,
R000742,T001095,pending,2024-03-06T12:00:00+00:00,auto-matched
R000743,T001096,disputed,2024-04-08T12:00:00+00:00,auto-matched
R000744,T001097,reconciled,2024-05-13T12:00:00+00:00,
R000745,T001099,pending,2024-07-21T12:00:00+00:00,auto-matched
R000746,T001100,disputed,2024-08-08T12:00:00+00:00,auto-matched
R000747,T001101,pending,2024-09-06T12:00:00+00:00,
R000748,T001102,pending,2024-10-13T12:00:00+00:00,auto-matched
R000749,T001105,disputed,2023-01-15T12:00:00+00:00,auto-matched
R000750,T001106,reconciled,2023-02-03T12:00:00+00:00,
R000751,T001107,disputed,2023-03-24T12:00:00+00:00,auto-matched
R000752,T001109,disputed,2023-05-16T12:00:00+00:00,auto-matched
R000753,T001110,disputed,2023-06-11T12:00:00+00:00,
R000754,T001112,pending,2023-08-26T12:00:00+00:00,auto-matched
R000755,T001113,disputed,2023-09-19T12:00:00+00:00,auto-matched
R000756,T001115,disputed,2023-11-27T12:00:00+00:00,
R000757,T001116,pending,2023-12-10T12:00:00+00:00,auto-matched
R000758,T001117,disputed,2024-01-17T12:00:00+00:00,auto-matched
R000759,T001119,reconciled,2024-03-16T12:00:00+00:00,
R000760,T001120,reconciled,2024-04-06T12:00:00+00:00,auto-matched
R000761,T001121,pending,2024-05-28T12:00:00+00:00,auto-matched
R000762,T001123,pending,2024-07-03T12:00:00+00:00,
R000763,T001124,disputed,2024-08-30T12:00:00+00:00,auto-matched
R000764,T001125,disputed,2024-09-25T12:00:00+00:00,auto-matched
R000765,T001126,reconciled,2024-10-24T12:00:00+00:00,
R000766,T001127,reconciled,2024-11-22T12:00:00+00:00,auto-matched
R000767,T001128,disputed,2024-12-05T12:00:00+00:00,auto-matched
R000768,T001130,pending,2023-02-21T12:00:00+00:00,
R000769,T001133,pending,2023-05-19T12:00:00+00:00,auto-matched
R000770,T001135,reconciled,2023-07-30T12:00:00+00:00,auto-matched
R000771,T001136,reconciled,2023-08-09T12:00:00+00:00,
R000772,T001137,reconciled,2023-09-06T12:00:00+00:00,auto-matched
R000773,T001139,disputed,2023-11-02T12:00:00+00:00,auto-matched
R000774,T001140,reconciled,2023-12-19T12:00:00+00:00,
R000775,T001141,pending,2024-01-04T12:00:00+00:00,auto-matched
R000776,T001143,pending,2024-03-24T12:00:00+00:00,auto-matched
R000777,T001145,disputed,2024-05-25T12:00:00+00:00,
R000778,T001146,pending,2024-06-11T12:00:00+00:00,auto-matched
R000779,T001147,reconciled,2024-07-27T12:00:00+00:00,auto-matched
R000780,T001148,pending,2024-08-15T12:00:00+00:00,
R000781,T001149,reconciled,2024-09-27T12:00:00+00:00,auto-matched
R000782,T001150,pending,2024-10-23T12:00:00+00:00,auto-matched
R000783,T001151,disputed,2024-11-12T12:00:00+00:00,
R000784,T001152,reconciled,2024-12-18T12:00:00+00:00,auto-matched
R000785,T001153,pending,2023-01-16T12:00:00+00:00,auto-matched
R000786,T001154,pending,2023-02-05T12:00:00+00:00,
R000787,T001155,disputed,2023-03-06T12:00:00+00:00,auto-matched
R000788,T001156,disputed,2023-04-11T12:00:00+00:00,auto-matched
R000789,T001157,reconciled,2023-05-11T12:00:00+00:00,
R000790,T001159,reconciled,2023-07-17T12:00:00+00:00,auto-matched
R000791,T001160,pending,2023-08-08T12:00:00+00:00,auto-matched
R000792,T001161,pending,2023-09-06T12:00:00+00:00,
R000793,T001162,reconciled,2023-10-12T12:00:00+00:00,auto-matched
R000794,T001164,reconciled,2023-12-10T12:00:00+00:00,auto-matched
R000795,T001165,reconciled,2024-01-31T12:00:00+00:00,
R000796,T001169,pending,2024-05-21T12:00:00+00:00,auto-matched
R000797,T001171,disputed,2024-07-30T12:00:00+00:00,auto-matched
R000798,T001172,pending,2024-08-25T12:00:00+00:00,
R000799,T001173,disputed,2024-09-26T12:00:00+00:00,auto-matched
R000800,T001174,reconciled,2024-10-12T12:00:00+00:00,auto-matched
R000801,T001176,pending,2024-12-13T12:00:00+00:00,
R000802,T001177,reconciled,2023-01-07T12:00:00+00:00,auto-matched
R000803,T001178,reconciled,2023-02-02T12:00:00+00:00,auto-matched
R000804,T001179,pending,2023-03-04T12:00:00+00:00,
R000805,T001180,disputed,2023-04-07T12:00:00+00:00,auto-matched
R000806,T001182,reconciled,2023-06-18T12:00:00+00:00,auto-matched
R000807,T001185,disputed,2023-09-24T12:00:00+00:00,
R000808,T001187,reconciled,2023-11-07T12:00:00+00:00,auto-matched
R000809,T001188,reconciled,2023-12-21T12:00:00+00:00,auto-matched
R000810,T001189,disputed,2024-01-15T12:00:00+00:00,
R000811,T001190,disputed,2024-02-12T12:00:00+00:00,auto-matched
R000812,T001191,pending,2024-03-20T12:00:00+00:00,auto-matched
R000813,T001192,disputed,2024-04-24T12:00:00+00:00,
R000814,T001194,pending,2024-06-20T12:00:00+00:00,auto-matched
R000815,T001195,pending,2024-07-01T12:00:00+00:00,auto-matched
R000816,T001196,disputed,2024-08-10T12:00:00+00:00,
R000817,T001197,reconciled,2024-09-23T12:00:00+00:00,auto-matched
R000818,T001198,pending,2024-10-02T12:00:00+00:00,auto-matched
R000819,T001199,pending,2024-11-06T12:00:00+00:00,
R000820,T001200,disputed,2024-12-16T12:00:00+00:00,auto-matched
R000821,T001201,pending,2023-01-22T12:00:00+00:00,auto-matched
R000822,T001202,disputed,2023-02-13T12:00:00+00:00,
R000823,T001203,pending,2023-03-08T12:00:00+00:00,auto-matched
R000824,T001204,reconciled,2023-04-02T12:00:00+00:00,auto-matched
R000825,T001205,reconciled,2023-05-27T12:00:00+00:00,
R000826,T001206,pending,2023-06-28T12:00:00+00:00,auto-matched
R000827,T001207,pending,2023-07-25T12:00:00+00:00,auto-matched
R000828,T001208,disputed,2023-08-01T12:00:00+00:00,
R000829,T001209,disputed,2023-09-12T12:00:00+00:00,auto-matched
R000830,T001210,disputed,2023-10-12T12:00:00+00:00,auto-matched
R000831,T001211,pending,2023-11-05T12:00:00+00:00,
R000832,T001212,disputed,2023-12-01T12:00:00+00:00,auto-matched
R000833,T001213,reconciled,2024-01-19T12:00:00+00:00,auto-matched
R000834,T001214,disputed,2024-02-25T12:00:00+00:00,
R000835,T001215,reconciled,2024-03-03T12:00:00+00:00,auto-matched
R000836,T001217,disputed,2024-05-10T12:00:00+00:00,auto-matched
R000837,T001219,pending,2024-07-13T12:00:00+00:00,
R000838,T001220,pending,2024-08-07T12:00:00+00:00,auto-matched
R000839,T001222,pending,2024-10-19T12:00:00+00:00,auto-matched
R000840,T001224,disputed,2024-12-08T12:00:00+00:00,
R000841,T001225,pending,2023-01-12T12:00:00+00:00,auto-matched
R000842,T001227,disputed,2023-03-24T12:00:00+00:00,auto-matched
R000843,T001228,pending,2023-04-13T12:00:00+00:00,
R000844,T001230,disputed,2023-06-06T12:00:00+00:00,auto-matched
R000845,T001231,disputed,2023-07-25T12:00:00+00:00,auto-matched
R000846,T001233,pending,2023-09-05T12:00:00+00:00,
R000847,T001234,disputed,2023-10-06T12:00:00+00:00,auto-matched
R000848,T001236,disputed,2023-12-21T12:00:00+00:00,auto-matched
R000849,T001237,pending,2024-01-16T12:00:00+00:00,
R000850,T001238,reconciled,2024-02-13T12:00:00+00:00,auto-matched
R000851,T001241,pending,2024-05-03T12:00:00+00:00,auto-matched
R000852,T001243,pending,2024-07-30T12:00:00+00:00,
R000853,T001244,reconciled,2024-08-08T12:00:00+00:00,auto-matched
R000854,T001246,pending,2024-10-05T12:00:00+00:00,auto-matched
R000855,T001247,reconciled,2024-11-07T12:00:00+00:00,
R000856,T001249,disputed,2023-01-14T12:00:00+00:00,auto-matched
R000857,T001250,pending,2023-02-19T12:00:00+00:00,auto-matched
R000858,T001251,pending,2023-03-02T12:00:00+00:00,
R000859,T001252,reconciled,2023-04-20T12:00:00+00:00,auto-matched
R000860,T001253,pending,2023-05-15T12:00:00+00:00,auto-matched
R000861,T001255,disputed,2023-07-21T12:00:00+00:00,
R000862,T001256,pending,2023-08-18T12:00:00+00:00,auto-matched
R000863,T001259,pending,2023-11-25T12:00:00+00:00,auto-matched
R000864,T001261,disputed,2024-01-23T12:00:00+00:00,
R000865,T001262,disputed,2024-02-08T12:00:00+00:00,auto-matched
R000866,T001263,pending,2024-03-07T12:00:00+00:00,auto-matched
R000867,T001265,pending,2024-05-27T12:00:00+00:00,
R000868,T001266,disputed,2024-06-13T12:00:00+00:00,auto-matched
R000869,T001269,pending,2024-09-18T12:00:00+00:00,auto-matched
R000870,T001270,disputed,2024-10-15T12:00:00+00:00,
R000871,T001271,disputed,2024-11-20T12:00:00+00:00,auto-matched
R000872,T001272,pending,2024-12-19T12:00:00+00:00,auto-matched
R000873,T001273,reconciled,2023-01-07T12:00:00+00:00,
R000874,T001274,reconciled,2023-02-05T12:00:00+00:00,auto-matched
R000875,T001275,reconciled,2023-03-14T12:00:00+00:00,auto-matched
R000876,T001276,disputed,2023-04-01T12:00:00+00:00,
R000877,T001277,disputed,2023-05-09T12:00:00+00:00,auto-matched
R000878,T001278,reconciled,2023-06-06T12:00:00+00:00,auto-matched
R000879,T001279,pending,2023-07-28T12:00:00+00:00,
R000880,T001280,reconciled,2023-08-13T12:00:00+00:00,auto-matched
R000881,T001281,reconciled,2023-09-06T12:00:00+00:00,auto-matched
R000882,T001282,disputed,2023-10-27T12:00:00+00:00,
R000883,T001284,disputed,2023-12-03T12:00:00+00:00,auto-matched
R000884,T001285,reconciled,2024-01-09T12:00:00+00:00,auto-matched
R000885,T001286,pending,2024-02-29T12:00:00+00:00,
R000886,T001288,disputed,2024-04-19T12:00:00+00:00,auto-matched
R000887,T001289,pending,2024-05-09T12:00:00+00:00,auto-matched
R000888,T001290,pending,2024-06-01T12:00:00+00:00,
R000889,T001291,reconciled,2024-07-09T12:00:00+00:00,auto-matched
R000890,T001292,pending,2024-08-09T12:00:00+00:00,auto-matched
R000891,T001293,pending,2024-09-04T12:00:00+00:00,
R000892,T001294,pending,2024-10-10T12:00:00+00:00,auto-matched
R000893,T001295,disputed,2024-11-03T12:00:00+00:00,auto-matched
R000894,T001297,reconciled,2023-01-29T12:00:00+00:00,
R000895,T001298,pending,2023-02-12T12:00:00+00:00,auto-matched
R000896,T001300,pending,2023-04-10T12:00:00+00:00,auto-matched
R000897,T001301,pending,2023-05-12T12:00:00+00:00,
R000898,T001303,reconciled,2023-07-17T12:00:00+00:00,auto-matched
R000899,T001304,pending,2023-08-31T12:00:00+00:00,auto-matched
R000900,T001305,disputed,2023-09-06T12:00:00+00:00,
R000901,T001306,pending,2023-10-04T12:00:00+00:00,auto-matched
R000902,T001307,pending,2023-11-03T12:00:00+00:00,auto-matched
R000903,T001308,disputed,2023-12-21T12:00:00+00:00,
R000904,T001309,disputed,2024-01-16T12:00:00+00:00,auto-matched
R000905,T001310,disputed,2024-02-20T12:00:00+00:00,auto-matched
R000906,T001311,disputed,2024-03-24T12:00:00+00:00,
R000907,T001313,reconciled,2024-05-07T12:00:00+00:00,auto-matched
R000908,T001314,disputed,2024-06-24T12:00:00+00:00,auto-matched
R000909,T001315,pending,2024-07-11T12:00:00+00:00,
R000910,T001317,disputed,2024-09-30T12:00:00+00:00,auto-matched
R000911,T001318,disputed,2024-10-18T12:00:00+00:00,auto-matched
R000912,T001319,reconciled,2024-11-08T12:00:00+00:00,
R000913,T001320,disputed,2024-12-27T12:00:00+00:00,auto-matched
R000914,T001321,disputed,2023-01-07T12:00:00+00:00,auto-matched
R000915,T001324,pending,2023-04-29T12:00:00+00:00,
R000916,T001327,pending,2023-07-31T12:00:00+00:00,auto-matched
R000917,T001328,reconciled,2023-08-16T12:00:00+00:00,auto-matched
R000918,T001329,reconciled,2023-09-29T12:00:00+00:00,
R000919,T001330,disputed,2023-10-26T12:00:00+00:00,auto-matched
R000920,T001332,disputed,2023-12-11T12:00:00+00:00,auto-matched
R000921,T001333,reconciled,2024-01-01T12:00:00+00:00,
R000922,T001335,reconciled,2024-03-28T12:00:00+00:00,auto-matched
R000923,T001338,reconciled,2024-06-15T12:00:00+00:00,auto-matched
R000924,T001339,reconciled,2024-07-29T12:00:00+00:00,
R000925,T001340,disputed,2024-08-19T12:00:00+00:00,auto-matched
R000926,T001341,reconciled,2024-09-21T12:00:00+00:00,auto-matched
R000927,T001342,pending,2024-10-07T12:00:00+00:00,
R000928,T001343,reconciled,2024-11-21T12:00:00+00:00,auto-matched
R000929,T001344,disputed,2024-12-15T12:00:00+00:00,auto-matched
R000930,T001346,disputed,2023-02-04T12:00:00+00:00,
R000931,T001348,reconciled,2023-04-01T12:00:00+00:00,auto-matched
R000932,T001352,pending,2023-08-11T12:00:00+00:00,auto-matched
R000933,T001358,reconciled,2024-02-24T12:00:00+00:00,
R000934,T001359,disputed,2024-03-09T12:00:00+00:00,auto-matched
R000935,T001360,pending,2024-04-26T12:00:00+00:00,auto-matched
R000936,T001361,disputed,2024-05-17T12:00:00+00:00,
R000937,T001363,disputed,2024-07-21T12:00:00+00:00,auto-matched
R000938,T001364,reconciled,2024-08-14T12:00:00+00:00,auto-matched
R000939,T001365,reconciled,2024-09-05T12:00:00+00:00,
R000940,T001366,reconciled,2024-10-01T12:00:00+00:00,auto-matched
R000941,T001367,reconciled,2024-11-10T12:00:00+00:00,auto-matched
R000942,T001369,reconciled,2023-01-24T12:00:00+00:00,
R000943,T001371,reconciled,2023-03-11T12:00:00+00:00,auto-matched
R000944,T001372,reconciled,2023-04-19T12:00:00+00:00,auto-matched
R000945,T001373,reconciled,2023-05-09T12:00:00+00:00,
R000946,T001376,disputed,2023-08-26T12:00:00+00:00,auto-matched
R000947,T001377,disputed,2023-09-05T12:00:00+00:00,auto-matched
R000948,T001378,disputed,2023-10-06T12:00:00+00:00,
R000949,T001379,reconciled,2023-11-08T12:00:00+00:00,auto-matched
R000950,T001381,pending,2024-01-08T12:00:00+00:00,auto-matched
R000951,T001382,reconciled,2024-02-28T12:00:00+00:00,
R000952,T001384,disputed,2024-04-25T12:00:00+00:00,auto-matched
R000953,T001385,disputed,2024-05-04T12:00:00+00:00,auto-matched
R000954,T001386,disputed,2024-06-05T12:00:00+00:00,
R000955,T001388,disputed,2024-08-15T12:00:00+00:00,auto-matched
R000956,T001389,pending,2024-09-10T12:00:00+00:00,auto-matched
R000957,T001390,disputed,2024-10-13T12:00:00+00:00,
R000958,T001391,disputed,2024-11-13T12:00:00+00:00,auto-matched
R000959,T001392,reconciled,2024-12-29T12:00:00+00:00,auto-matched
R000960,T001393,pending,2023-01-09T12:00:00+00:00,
R000961,T001395,pending,2023-03-02T12:00:00+00:00,auto-matched
R000962,T001396,disputed,2023-04-28T12:00:00+00:00,auto-matched
R000963,T001397,pending,2023-05-10T12:00:00+00:00,
R000964,T001398,disputed,2023-06-30T12:00:00+00:00,auto-matched
R000965,T001399,reconciled,2023-07-12T12:00:00+00:00,auto-matched
R000966,T001400,reconciled,2023-08-16T12:00:00+00:00,
R000967,T001402,reconciled,2023-10-16T12:00:00+00:00,auto-matched
R000968,T001403,pending,2023-11-15T12:00:00+00:00,auto-matched
R000969,T001405,reconciled,2024-01-04T12:00:00+00:00,
R000970,T001409,disputed,2024-05-22T12:00:00+00:00,auto-matched
R000971,T001411,disputed,2024-07-17T12:00:00+00:00,auto-matched
R000972,T001412,reconciled,2024-08-23T12:00:00+00:00,
R000973,T001414,disputed,2024-10-06T12:00:00+00:00,auto-matched
R000974,T001415,pending,2024-11-16T12:00:00+00:00,auto-matched
R000975,T001417,disputed,2023-01-18T12:00:00+00:00,
R000976,T001418,pending,2023-02-01T12:00:00+00:00,auto-matched
R000977,T001419,disputed,2023-03-14T12:00:00+00:00,auto-matched
R000978,T001421,disputed,2023-05-23T12:00:00+00:00,
R000979,T001423,reconciled,2023-07-22T12:00:00+00:00,auto-matched
R000980,T001426,pending,2023-10-31T12:00:00+00:00,auto-matched
R000981,T001427,reconciled,2023-11-02T12:00:00+00:00,
R000982,T001428,disputed,2023-12-29T12:00:00+00:00,auto-matched
R000983,T001429,disputed,2024-01-12T12:00:00+00:00,auto-matched
R000984,T001431,disputed,2024-03-11T12:00:00+00:00,
R000985,T001434,pending,2024-06-05T12:00:00+00:00,auto-matched
R000986,T001435,disputed,2024-07-21T12:00:00+00:00,auto-matched
R000987,T001437,reconciled,2024-09-03T12:00:00+00:00,
R000988,T001438,disputed,2024-10-31T12:00:00+00:00,auto-matched
R000989,T001439,disputed,2024-11-15T12:00:00+00:00,auto-matched
R000990,T001441,pending,2023-01-05T12:00:00+00:00,
R000991,T001442,disputed,2023-02-02T12:00:00+00:00,auto-matched
R000992,T001443,disputed,2023-03-13T12:00:00+00:00,auto-matched
R000993,T001444,pending,2023-04-06T12:00:00+00:00,
R000994,T001445,reconciled,2023-05-31T12:00:00+00:00,auto-matched
R000995,T001446,disputed,2023-06-23T12:00:00+00:00,auto-matched
R000996,T001447,reconciled,2023-07-10T12:00:00+00:00,
R000997,T001448,reconciled,2023-08-08T12:00:00+00:00,auto-matched
R000998,T001449,disputed,2023-09-27T12:00:00+00:00,auto-matched
R000999,T001452,reconciled,2023-12-06T12:00:00+00:00,
R001000,T001453,pending,2024-01-27T12:00:00+00:00,auto-matched
R001001,T001454,disputed,2024-02-08T12:00:00+00:00,auto-matched
R001002,T001456,reconciled,2024-04-13T12:00:00+00:00,
R001003,T001457,pending,2024-05-21T12:00:00+00:00,auto-matched
R001004,T001458,reconciled,2024-06-13T12:00:00+00:00,auto-matched
R001005,T001459,disputed,2024-07-06T12:00:00+00:00,
R001006,T001460,disputed,2024-08-10T12:00:00+00:00,auto-matched
R001007,T001461,disputed,2024-09-09T12:00:00+00:00,auto-matched
R001008,T001462,pending,2024-10-17T12:00:00+00:00,
R001009,T001463,pending,2024-11-30T12:00:00+00:00,auto-matched
R001010,T001464,reconciled,2024-12-31T12:00:00+00:00,auto-matched
R001011,T001465,reconciled,2023-01-10T12:00:00+00:00,
R001012,T001467,reconciled,2023-03-10T12:00:00+00:00,auto-matched
R001013,T001468,reconciled,2023-04-14T12:00:00+00:00,auto-matched
R001014,T001470,reconciled,2023-06-12T12:00:00+00:00,
R001015,T001471,pending,2023-07-27T12:00:00+00:00,auto-matched
R001016,T001472,disputed,2023-08-17T12:00:00+00:00,auto-matched
R001017,T001473,pending,2023-09-13T12:00:00+00:00,
R001018,T001474,disputed,2023-10-05T12:00:00+00:00,auto-matched
R001019,T001475,disputed,2023-11-16T12:00:00+00:00,auto-matched
R001020,T001476,reconciled,2023-12-18T12:00:00+00:00,
R001021,T001478,reconciled,2024-02-12T12:00:00+00:00,auto-matched
R001022,T001480,disputed,2024-04-20T12:00:00+00:00,auto-matched
R001023,T001481,reconciled,2024-05-22T12:00:00+00:00,
R001024,T001482,reconciled,2024-06-30T12:00:00+00:00,auto-matched
R001025,T001484,pending,2024-08-03T12:00:00+00:00,auto-matched
R001026,T001485,disputed,2024-09-19T12:00:00+00:00,
R001027,T001487,reconciled,2024-11-14T12:00:00+00:00,auto-matched
R001028,T001488,disputed,2024-12-22T12:00:00+00:00,auto-matched
R001029,T001490,reconciled,2023-02-16T12:00:00+00:00,
R001030,T001492,reconciled,2023-04-02T12:00:00+00:00,auto-matched
R001031,T001494,disputed,2023-06-12T12:00:00+00:00,auto-matched
R001032,T001495,pending,2023-07-31T12:00:00+00:00,
R001033,T001496,reconciled,2023-08-19T12:00:00+00:00,auto-matched
R001034,T001498,disputed,2023-10-21T12:00:00+00:00,auto-matched
R001035,T001499,reconciled,2023-11-28T12:00:00+00:00,
R001036,T001500,pending,2023-12-15T12:00:00+00:00,auto-matched
R001037,T001501,reconciled,2024-01-20T12:00:00+00:00,auto-matched
R001038,T001502,reconciled,2024-02-23T12:00:00+00:00,
R001039,T001503,pending,2024-03-07T12:00:00+00:00,auto-matched
R001040,T001504,disputed,2024-04-11T12:00:00+00:00,auto-matched
R001041,T001505,reconciled,2024-05-23T12:00:00+00:00,
R001042,T001507,disputed,2024-07-29T12:00:00+00:00,auto-matched
R001043,T001510,reconciled,2024-10-17T12:00:00+00:00,auto-matched
R001044,T001512,disputed,2024-12-13T12:00:00+00:00,
R001045,T001514,reconciled,2023-02-04T12:00:00+00:00,auto-matched
R001046,T001515,reconciled,2023-03-04T12:00:00+00:00,auto-matched
R001047,T001516,disputed,2023-04-10T12:00:00+00:00,
R001048,T001517,pending,2023-05-21T12:00:00+00:00,auto-matched
R001049,T001519,reconciled,2023-07-30T12:00:00+00:00,auto-matched
R001050,T001520,reconciled,2023-08-27T12:00:00+00:00,
R001051,T001521,disputed,2023-09-04T12:00:00+00:00,auto-matched
R001052,T001523,pending,2023-11-01T12:00:00+00:00,auto-matched
R001053,T001528,pending,2024-04-08T12:00:00+00:00,
R001054,T001529,reconciled,2024-05-05T12:00:00+00:00,auto-matched
R001055,T001530,disputed,2024-06-24T12:00:00+00:00,auto-matched
R001056,T001531,disputed,2024-07-21T12:00:00+00:00,
R001057,T001532,disputed,2024-08-14T12:00:00+00:00,auto-matched
R001058,T001533,reconciled,2024-09-30T12:00:00+00:00,auto-matched
R001059,T001537,pending,2023-01-15T12:00:00+00:00,
R001060,T001539,disputed,2023-03-27T12:00:00+00:00,auto-matched
R001061,T001540,disputed,2023-04-16T12:00:00+00:00,auto-matched
R001062,T001541,pending,2023-05-21T12:00:00+00:00,
R001063,T001542,reconciled,2023-06-26T12:00:00+00:00,auto-matched
R001064,T001543,pending,2023-07-01T12:00:00+00:00,auto-matched
R001065,T001544,disputed,2023-08-19T12:00:00+00:00,
R001066,T001549,disputed,2024-01-20T12:00:00+00:00,auto-matched
R001067,T001550,disputed,2024-02-29T12:00:00+00:00,auto-matched
R001068,T001551,disputed,2024-03-27T12:00:00+00:00,
R001069,T001552,disputed,2024-04-29T12:00:00+00:00,auto-matched
R001070,T001553,disputed,2024-05-18T12:00:00+00:00,auto-matched
R001071,T001555,disputed,2024-07-28T12:00:00+00:00,
R001072,T001556,disputed,2024-08-07T12:00:00+00:00,auto-matched
R001073,T001557,disputed,2024-09-07T12:00:00+00:00,auto-matched
R001074,T001559,reconciled,2024-11-03T12:00:00+00:00,
R001075,T001560,pending,2024-12-19T12:00:00+00:00,auto-matched
R001076,T001561,reconciled,2023-01-30T12:00:00+00:00,auto-matched
R001077,T001563,reconciled,2023-03-01T12:00:00+00:00,
R001078,T001565,disputed,2023-05-17T12:00:00+00:00,auto-matched
R001079,T001569,reconciled,2023-09-20T12:00:00+00:00,auto-matched
R001080,T001570,disputed,2023-10-10T12:00:00+00:00,
R001081,T001572,disputed,2023-12-31T12:00:00+00:00,auto-matched
R001082,T001573,reconciled,2024-01-24T12:00:00+00:00,auto-matched
R001083,T001576,reconciled,2024-04-16T12:00:00+00:00,
R001084,T001578,disputed,2024-06-20T12:00:00+00:00,auto-matched
R001085,T001579,reconciled,2024-07-18T12:00:00+00:00,auto-matched
R001086,T001580,pending,2024-08-02T12:00:00+00:00,
R001087,T001581,reconciled,2024-09-15T12:00:00+00:00,auto-matched
R001088,T001582,disputed,2024-10-16T12:00:00+00:00,auto-matched
R001089,T001584,pending,2024-12-16T12:00:00+00:00,
R001090,T001585,disputed,2023-01-09T12:00:00+00:00,auto-matched
R001091,T001586,disputed,2023-02-15T12:00:00+00:00,auto-matched
R001092,T001587,reconciled,2023-03-11T12:00:00+00:00,
R001093,T001589,pending,2023-05-28T12:00:00+00:00,auto-matched
R001094,T001590,pending,2023-06-24T12:00:00+00:00,auto-matched
R001095,T001591,disputed,2023-07-19T12:00:00+00:00,
R001096,T001595,reconciled,2023-11-23T12:00:00+00:00,auto-matched
R001097,T001597,disputed,2024-01-02T12:00:00+00:00,auto-matched
R001098,T001600,reconciled,2024-04-21T12:00:00+00:00,
R001099,T001601,disputed,2024-05-12T12:00:00+00:00,auto-matched
R001100,T001602,pending,2024-06-10T12:00:00+00:00,auto-matched
R001101,T001603,reconciled,2024-07-25T12:00:00+00:00,
R001102,T001604,reconciled,2024-08-18T12:00:00+00:00,auto-matched
R001103,T001605,reconciled,2024-09-11T12:00:00+00:00,auto-matched
R001104,T001609,pending,2023-01-05T12:00:00+00:00,
R001105,T001610,disputed,2023-02-28T12:00:00+00:00,auto-matched
R001106,T001614,disputed,2023-06-21T12:00:00+00:00,auto-matched
R001107,T001615,disputed,2023-07-19T12:00:00+00:00,
R001108,T001616,pending,2023-08-29T12:00:00+00:00,auto-matched
R001109,T001617,pending,2023-09-21T12:00:00+00:00,auto-matched
R001110,T001619,reconciled,2023-11-05T12:00:00+00:00,
R001111,T001620,reconciled,2023-12-19T12:00:00+00:00,auto-matched
R001112,T001621,pending,2024-01-24T12:00:00+00:00,auto-matched
R001113,T001622,reconciled,2024-02-29T12:00:00+00:00,
R001114,T001623,disputed,2024-03-31T12:00:00+00:00,auto-matched
R001115,T001626,pending,2024-06-14T12:00:00+00:00,auto-matched
R001116,T001628,pending,2024-08-01T12:00:00+00:00,
R001117,T001629,reconciled,2024-09-05T12:00:00+00:00,auto-matched
R001118,T001630,pending,2024-10-22T12:00:00+00:00,auto-matched
R001119,T001631,reconciled,2024-11-11T12:00:00+00:00,
R001120,T001632,reconciled,2024-12-24T12:00:00+00:00,auto-matched
R001121,T001633,reconciled,2023-01-14T12:00:00+00:00,auto-matched
R001122,T001634,disputed,2023-02-09T12:00:00+00:00,
R001123,T001637,pending,2023-05-19T12:00:00+00:00,auto-matched
R001124,T001638,reconciled,2023-06-25T12:00:00+00:00,auto-matched
R001125,T001641,disputed,2023-09-14T12:00:00+00:00,
R001126,T001643,disputed,2023-11-19T12:00:00+00:00,auto-matched
R001127,T001645,disputed,2024-01-08T12:00:00+00:00,auto-matched
R001128,T001646,reconciled,2024-02-21T12:00:00+00:00,
R001129,T001647,reconciled,2024-03-17T12:00:00+00:00,auto-matched
R001130,T001648,reconciled,2024-04-17T12:00:00+00:00,auto-matched
R001131,T001649,pending,2024-05-12T12:00:00+00:00,
R001132,T001650,disputed,2024-06-26T12:00:00+00:00,auto-matched
R001133,T001652,disputed,2024-08-20T12:00:00+00:00,auto-matched
R001134,T001655,pending,2024-11-27T12:00:00+00:00,
R001135,T001656,pending,2024-12-06T12:00:00+00:00,auto-matched
R001136,T001657,pending,2023-01-03T12:00:00+00:00,auto-matched
R001137,T001658,disputed,2023-02-15T12:00:00+00:00,
R001138,T001661,pending,2023-05-20T12:00:00+00:00,auto-matched
R001139,T001663,disputed,2023-07-24T12:00:00+00:00,auto-matched
R001140,T001664,pending,2023-08-15T12:00:00+00:00,
R001141,T001665,pending,2023-09-04T12:00:00+00:00,auto-matched
R001142,T001666,reconciled,2023-10-18T12:00:00+00:00,auto-matched
R001143,T001668,pending,2023-12-17T12:00:00+00:00,
R001144,T001669,reconciled,2024-01-28T12:00:00+00:00,auto-matched
R001145,T001670,pending,2024-02-22T12:00:00+00:00,auto-matched
R001146,T001672,disputed,2024-04-14T12:00:00+00:00,
R001147,T001673,disputed,2024-05-15T12:00:00+00:00,auto-matched
R001148,T001674,pending,2024-06-18T12:00:00+00:00,auto-matched
R001149,T001675,disputed,2024-07-24T12:00:00+00:00,
R001150,T001676,reconciled,2024-08-11T12:00:00+00:00,auto-matched
R001151,T001677,pending,2024-09-17T12:00:00+00:00,auto-matched
R001152,T001678,disputed,2024-10-31T12:00:00+00:00,
R001153,T001682,disputed,2023-02-25T12:00:00+00:00,auto-matched
R001154,T001684,pending,2023-04-30T12:00:00+00:00,auto-matched
R001155,T001686,reconciled,2023-06-07T12:00:00+00:00,
R001156,T001687,disputed,2023-07-24T12:00:00+00:00,auto-matched
R001157,T001688,reconciled,2023-08-06T12:00:00+00:00,auto-matched
R001158,T001692,disputed,2023-12-18T12:00:00+00:00,
R001159,T001694,pending,2024-02-27T12:00:00+00:00,auto-matched
R001160,T001696,pending,2024-04-06T12:00:00+00:00,auto-matched
R001161,T001697,reconciled,2024-05-13T12:00:00+00:00,
R001162,T001699,disputed,2024-07-08T12:00:00+00:00,auto-matched
R001163,T001700,disputed,2024-08-16T12:00:00+00:00,auto-matched
R001164,T001701,reconciled,2024-09-26T12:00:00+00:00,
R001165,T001702,pending,2024-10-07T12:00:00+00:00,auto-matched
R001166,T001703,reconciled,2024-11-05T12:00:00+00:00,auto-matched
R001167,T001704,disputed,2024-12-20T12:00:00+00:00,
R001168,T001705,reconciled,2023-01-07T12:00:00+00:00,auto-matched
R001169,T001707,disputed,2023-03-23T12:00:00+00:00,auto-matched
R001170,T001710,pending,2023-06-29T12:00:00+00:00,
R001171,T001711,reconciled,2023-07-09T12:00:00+00:00,auto-matched
R001172,T001712,reconciled,2023-08-14T12:00:00+00:00,auto-matched
R001173,T001713,disputed,2023-09-16T12:00:00+00:00,
R001174,T001714,disputed,2023-10-16T12:00:00+00:00,auto-matched
R001175,T001717,pending,2024-01-14T12:00:00+00:00,auto-matched
R001176,T001720,reconciled,2024-04-24T12:00:00+00:00,
R001177,T001721,disputed,2024-05-24T12:00:00+00:00,auto-matched
R001178,T001722,disputed,2024-06-06T12:00:00+00:00,auto-matched
R001179,T001723,pending,2024-07-20T12:00:00+00:00,
R001180,T001724,pending,2024-08-23T12:00:00+00:00,auto-matched
R001181,T001725,pending,2024-09-27T12:00:00+00:00,auto-matched
R001182,T001726,reconciled,2024-10-28T12:00:00+00:00,
R001183,T001727,pending,2024-11-01T12:00:00+00:00,auto-matched
R001184,T001729,pending,2023-01-30T12:00:00+00:00,auto-matched
R001185,T001730,disputed,2023-02-01T12:00:00+00:00,
R001186,T001735,reconciled,2023-07-20T12:00:00+00:00,auto-matched
R001187,T001736,disputed,2023-08-10T12:00:00+00:00,auto-matched
R001188,T001737,reconciled,2023-09-10T12:00:00+00:00,
R001189,T001739,reconciled,2023-11-06T12:00:00+00:00,auto-matched
R001190,T001740,reconciled,2023-12-18T12:00:00+00:00,auto-matched
R001191,T001741,disputed,2024-01-23T12:00:00+00:00,
R001192,T001742,disputed,2024-02-02T12:00:00+00:00,auto-matched
R001193,T001743,pending,2024-03-29T12:00:00+00:00,auto-matched
R001194,T001744,pending,2024-04-30T12:00:00+00:00,
R001195,T001746,pending,2024-06-07T12:00:00+00:00,auto-matched
R001196,T001747,pending,2024-07-21T12:00:00+00:00,auto-matched
R001197,T001748,reconciled,2024-08-03T12:00:00+00:00,
R001198,T001749,pending,2024-09-05T12:00:00+00:00,auto-matched
R001199,T001750,reconciled,2024-10-06T12:00:00+00:00,auto-matched
R001200,T001751,reconciled,2024-11-09T12:00:00+00:00,
R001201,T001753,pending,2023-01-23T12:00:00+00:00,auto-matched
R001202,T001754,reconciled,2023-02-07T12:00:00+00:00,auto-matched
R001203,T001756,reconciled,2023-04-11T12:00:00+00:00,
R001204,T001757,reconciled,2023-05-20T12:00:00+00:00,auto-matched
R001205,T001758,reconciled,2023-06-13T12:00:00+00:00,auto-matched
R001206,T001759,reconciled,2023-07-05T12:00:00+00:00,
R001207,T001761,reconciled,2023-09-25T12:00:00+00:00,auto-matched
R001208,T001762,pending,2023-10-29T12:00:00+00:00,auto-matched
R001209,T001763,reconciled,2023-11-20T12:00:00+00:00,
R001210,T001764,disputed,2023-12-21T12:00:00+00:00,auto-matched
R001211,T001765,pending,2024-01-07T12:00:00+00:00,auto-matched
R001212,T001766,disputed,2024-02-24T12:00:00+00:00,
R001213,T001767,disputed,2024-03-24T12:00:00+00:00,auto-matched
R001214,T001768,reconciled,2024-04-20T12:00:00+00:00,auto-matched
R001215,T001771,pending,2024-07-06T12:00:00+00:00,
R001216,T001772,pending,2024-08-08T12:00:00+00:00,auto-matched
R001217,T001773,pending,2024-09-06T12:00:00+00:00,auto-matched
R001218,T001774,reconciled,2024-10-17T12:00:00+00:00,
R001219,T001775,pending,2024-11-17T12:00:00+00:00,auto-matched
R001220,T001776,reconciled,2024-12-07T12:00:00+00:00,auto-matched
R001221,T001777,pending,2023-01-25T12:00:00+00:00,
R001222,T001779,pending,2023-03-26T12:00:00+00:00,auto-matched
R001223,T001780,reconciled,2023-04-22T12:00:00+00:00,auto-matched
R001224,T001781,disputed,2023-05-18T12:00:00+00:00,
R001225,T001783,reconciled,2023-07-15T12:00:00+00:00,auto-matched
R001226,T001784,reconciled,2023-08-04T12:00:00+00:00,auto-matched
R001227,T001785,reconciled,2023-09-21T12:00:00+00:00,
R001228,T001786,pending,2023-10-04T12:00:00+00:00,auto-matched
R001229,T001787,reconciled,2023-11-30T12:00:00+00:00,auto-matched
R001230,T001788,disputed,2023-12-27T12:00:00+00:00,
R001231,T001789,pending,2024-01-01T12:00:00+00:00,auto-matched
R001232,T001790,pending,2024-02-01T12:00:00+00:00,auto-matched
R001233,T001793,disputed,2024-05-09T12:00:00+00:00,
R001234,T001796,pending,2024-08-06T12:00:00+00:00,auto-matched
R001235,T001797,disputed,2024-09-13T12:00:00+00:00,auto-matched
R001236,T001799,pending,2024-11-07T12:00:00+00:00,
R001237,T001800,pending,2024-12-01T12:00:00+00:00,auto-matched
R001238,T001801,reconciled,2023-01-05T12:00:00+00:00,auto-matched
R001239,T001804,reconciled,2023-04-04T12:00:00+00:00,
R001240,T001805,reconciled,2023-05-17T12:00:00+00:00,auto-matched
R001241,T001808,pending,2023-08-02T12:00:00+00:00,auto-matched
R001242,T001809,reconciled,2023-09-09T12:00:00+00:00,
R001243,T001811,pending,2023-11-08T12:00:00+00:00,auto-matched
R001244,T001813,pending,2024-01-07T12:00:00+00:00,auto-matched
R001245,T001814,pending,2024-02-10T12:00:00+00:00,
R001246,T001815,disputed,2024-03-07T12:00:00+00:00,auto-matched
R001247,T001816,reconciled,2024-04-23T12:00:00+00:00,auto-matched
R001248,T001818,reconciled,2024-06-18T12:00:00+00:00,
R001249,T001819,disputed,2024-07-20T12:00:00+00:00,auto-matched
R001250,T001821,reconciled,2024-09-17T12:00:00+00:00,auto-matched
R001251,T001822,reconciled,2024-10-18T12:00:00+00:00,
R001252,T001823,pending,2024-11-05T12:00:00+00:00,auto-matched
R001253,T001826,reconciled,2023-02-14T12:00:00+00:00,auto-matched
R001254,T001827,disputed,2023-03-07T12:00:00+00:00,
R001255,T001830,disputed,2023-06-21T12:00:00+00:00,auto-matched
R001256,T001831,reconciled,2023-07-18T12:00:00+00:00,auto-matched
R001257,T001832,disputed,2023-08-19T12:00:00+00:00,
R001258,T001833,pending,2023-09-10T12:00:00+00:00,auto-matched
R001259,T001834,pending,2023-10-10T12:00:00+00:00,auto-matched
R001260,T001835,disputed,2023-11-11T12:00:00+00:00,
R001261,T001837,disputed,2024-01-24T12:00:00+00:00,auto-matched
R001262,T001838,disputed,2024-02-02T12:00:00+00:00,auto-matched
R001263,T001840,disputed,2024-04-11T12:00:00+00:00,
R001264,T001842,disputed,2024-06-26T12:00:00+00:00,auto-matched
R001265,T001843,disputed,2024-07-06T12:00:00+00:00,auto-matched
R001266,T001844,reconciled,2024-08-17T12:00:00+00:00,
R001267,T001845,reconciled,2024-09-19T12:00:00+00:00,auto-matched
R001268,T001847,reconciled,2024-11-18T12:00:00+00:00,auto-matched
R001269,T001848,pending,2024-12-29T12:00:00+00:00,
R001270,T001849,pending,2023-01-30T12:00:00+00:00,auto-matched
R001271,T001852,disputed,2023-04-13T12:00:00+00:00,auto-matched
R001272,T001853,disputed,2023-05-25T12:00:00+00:00,
R001273,T001854,pending,2023-06-18T12:00:00+00:00,auto-matched
R001274,T001856,reconciled,2023-08-24T12:00:00+00:00,auto-matched
R001275,T001857,pending,2023-09-23T12:00:00+00:00,
R001276,T001858,disputed,2023-10-26T12:00:00+00:00,auto-matched
R001277,T001859,pending,2023-11-22T12:00:00+00:00,auto-matched
R001278,T001860,reconciled,2023-12-30T12:00:00+00:00,
R001279,T001861,disputed,2024-01-20T12:00:00+00:00,auto-matched
R001280,T001863,pending,2024-03-01T12:00:00+00:00,auto-matched
R001281,T001865,disputed,2024-05-20T12:00:00+00:00,
R001282,T001866,reconciled,2024-06-23T12:00:00+00:00,auto-matched
R001283,T001869,reconciled,2024-09-11T12:00:00+00:00,auto-matched
R001284,T001872,disputed,2024-12-08T12:00:00+00:00,
R001285,T001874,pending,2023-02-18T12:00:00+00:00,auto-matched
R001286,T001875,pending,2023-03-26T12:00:00+00:00,auto-matched
R001287,T001876,reconciled,2023-04-18T12:00:00+00:00,
R001288,T001877,pending,2023-05-05T12:00:00+00:00,auto-matched
R001289,T001879,reconciled,2023-07-18T12:00:00+00:00,auto-matched
R001290,T001880,pending,2023-08-22T12:00:00+00:00,
R001291,T001881,pending,2023-09-13T12:00:00+00:00,auto-matched
R001292,T001882,reconciled,2023-10-10T12:00:00+00:00,auto-matched
R001293,T001883,pending,2023-11-05T12:00:00+00:00,
R001294,T001884,pending,2023-12-07T12:00:00+00:00,auto-matched
R001295,T001888,pending,2024-04-11T12:00:00+00:00,auto-matched
R001296,T001889,reconciled,2024-05-28T12:00:00+00:00,
R001297,T001890,reconciled,2024-06-29T12:00:00+00:00,auto-matched
R001298,T001891,reconciled,2024-07-20T12:00:00+00:00,auto-matched
R001299,T001892,reconciled,2024-08-05T12:00:00+00:00,
R001300,T001893,disputed,2024-09-21T12:00:00+00:00,auto-matched
R001301,T001894,disputed,2024-10-12T12:00:00+00:00,auto-matched
R001302,T001895,reconciled,2024-11-23T12:00:00+00:00,
R001303,T001896,pending,2024-12-13T12:00:00+00:00,auto-matched
R001304,T001897,reconciled,2023-01-04T12:00:00+00:00,auto-matched
R001305,T001898,reconciled,2023-02-26T12:00:00+00:00,
R001306,T001899,pending,2023-03-19T12:00:00+00:00,auto-matched
R001307,T001901,reconciled,2023-05-29T12:00:00+00:00,auto-matched
R001308,T001904,reconciled,2023-08-15T12:00:00+00:00,
R001309,T001906,disputed,2023-10-10T12:00:00+00:00,auto-matched
R001310,T001907,reconciled,2023-11-30T12:00:00+00:00,auto-matched
R001311,T001909,disputed,2024-01-15T12:00:00+00:00,
R001312,T001911,disputed,2024-03-20T12:00:00+00:00,auto-matched
R001313,T001917,reconciled,2024-09-13T12:00:00+00:00,auto-matched
R001314,T001919,reconciled,2024-11-04T12:00:00+00:00,
R001315,T001920,pending,2024-12-12T12:00:00+00:00,auto-matched
R001316,T001921,pending,2023-01-01T12:00:00+00:00,auto-matched
R001317,T001924,disputed,2023-04-22T12:00:00+00:00,
R001318,T001925,pending,2023-05-10T12:00:00+00:00,auto-matched
R001319,T001928,disputed,2023-08-23T12:00:00+00:00,auto-matched
R001320,T001929,reconciled,2023-09-07T12:00:00+00:00,
R001321,T001931,pending,2023-11-04T12:00:00+00:00,auto-matched
R001322,T001932,disputed,2023-12-20T12:00:00+00:00,auto-matched
R001323,T001933,disputed,2024-01-21T12:00:00+00:00,
R001324,T001936,pending,2024-04-27T12:00:00+00:00,auto-matched
R001325,T001937,reconciled,2024-05-16T12:00:00+00:00,auto-matched
R001326,T001938,reconciled,2024-06-17T12:00:00+00:00,
R001327,T001940,reconciled,2024-08-18T12:00:00+00:00,auto-matched
R001328,T001941,disputed,2024-09-23T12:00:00+00:00,auto-matched
R001329,T001944,disputed,2024-12-15T12:00:00+00:00,
R001330,T001945,pending,2023-01-10T12:00:00+00:00,auto-matched
R001331,T001946,reconciled,2023-02-25T12:00:00+00:00,auto-matched
R001332,T001947,pending,2023-03-31T12:00:00+00:00,
R001333,T001949,disputed,2023-05-13T12:00:00+00:00,auto-matched
R001334,T001951,reconciled,2023-07-24T12:00:00+00:00,auto-matched
R001335,T001952,reconciled,2023-08-27T12:00:00+00:00,
R001336,T001953,pending,2023-09-05T12:00:00+00:00,auto-matched
R001337,T001955,pending,2023-11-24T12:00:00+00:00,auto-matched
R001338,T001956,pending,2023-12-10T12:00:00+00:00,
R001339,T001959,disputed,2024-03-23T12:00:00+00:00,auto-matched
R001340,T001963,reconciled,2024-07-01T12:00:00+00:00,auto-matched
R001341,T001965,pending,2024-09-12T12:00:00+00:00,
R001342,T001966,disputed,2024-10-31T12:00:00+00:00,auto-matched
R001343,T001967,pending,2024-11-15T12:00:00+00:00,auto-matched
R001344,T001970,pending,2023-02-07T12:00:00+00:00,
R001345,T001971,pending,2023-03-16T12:00:00+00:00,auto-matched
R001346,T001972,pending,2023-04-23T12:00:00+00:00,auto-matched
R001347,T001973,pending,2023-05-01T12:00:00+00:00,
R001348,T001974,reconciled,2023-06-01T12:00:00+00:00,auto-matched
R001349,T001975,disputed,2023-07-14T12:00:00+00:00,auto-matched
R001350,T001976,reconciled,2023-08-01T12:00:00+00:00,
R001351,T001977,pending,2023-09-28T12:00:00+00:00,auto-matched
R001352,T001979,reconciled,2023-11-17T12:00:00+00:00,auto-matched
R001353,T001980,pending,2023-12-26T12:00:00+00:00,
R001354,T001982,disputed,2024-02-15T12:00:00+00:00,auto-matched
R001355,T001983,disputed,2024-03-11T12:00:00+00:00,auto-matched
R001356,T001985,disputed,2024-05-31T12:00:00+00:00,
R001357,T001987,disputed,2024-07-25T12:00:00+00:00,auto-matched
R001358,T001988,disputed,2024-08-10T12:00:00+00:00,auto-matched
R001359,T001989,pending,2024-09-27T12:00:00+00:00,
R001360,T001991,disputed,2024-11-25T12:00:00+00:00,auto-matched
R001361,T001992,pending,2024-12-13T12:00:00+00:00,auto-matched
R001362,T001994,reconciled,2023-02-21T12:00:00+00:00,
R001363,T001995,reconciled,2023-03-21T12:00:00+00:00,auto-matched
R001364,T001996,disputed,2023-04-27T12:00:00+00:00,auto-matched
R001365,T001997,disputed,2023-05-25T12:00:00+00:00,
R001366,T001999,pending,2023-07-31T12:00:00+00:00,auto-matched
R001367,T002000,disputed,2023-08-16T12:00:00+00:00,auto-matched
R001368,T002001,disputed,2023-09-08T12:00:00+00:00,
R001369,T002002,reconciled,2023-10-31T12:00:00+00:00,auto-matched
R001370,T002003,reconciled,2023-11-26T12:00:00+00:00,auto-matched
R001371,T002004,pending,2023-12-03T12:00:00+00:00,
R001372,T002005,reconciled,2024-01-28T12:00:00+00:00,auto-matched
R001373,T002007,disputed,2024-03-01T12:00:00+00:00,auto-matched
R001374,T002008,pending,2024-04-28T12:00:00+00:00,
R001375,T002010,disputed,2024-06-25T12:00:00+00:00,auto-matched
R001376,T002013,pending,2024-09-09T12:00:00+00:00,auto-matched
R001377,T002014,disputed,2024-10-10T12:00:00+00:00,
R001378,T002015,pending,2024-11-19T12:00:00+00:00,auto-matched
R001379,T002016,pending,2024-12-04T12:00:00+00:00,auto-matched
R001380,T002017,reconciled,2023-01-11T12:00:00+00:00,
R001381,T002020,reconciled,2023-04-04T12:00:00+00:00,auto-matched
R001382,T002021,disputed,2023-05-17T12:00:00+00:00,auto-matched
R001383,T002022,disputed,2023-06-22T12:00:00+00:00,
R001384,T002025,disputed,2023-09-24T12:00:00+00:00,auto-matched
R001385,T002026,reconciled,2023-10-02T12:00:00+00:00,auto-matched
R001386,T002027,pending,2023-11-02T12:00:00+00:00,
R001387,T002028,reconciled,2023-12-31T12:00:00+00:00,auto-matched
R001388,T002030,pending,2024-02-07T12:00:00+00:00,auto-matched
R001389,T002031,pending,2024-03-14T12:00:00+00:00,
R001390,T002032,disputed,2024-04-21T12:00:00+00:00,auto-matched
R001391,T002033,disputed,2024-05-04T12:00:00+00:00,auto-matched
R001392,T002035,disputed,2024-07-19T12:00:00+00:00,
R001393,T002036,pending,2024-08-11T12:00:00+00:00,auto-matched
R001394,T002037,disputed,2024-09-09T12:00:00+00:00,auto-matched
R001395,T002038,reconciled,2024-10-28T12:00:00+00:00,
R001396,T002040,reconciled,2024-12-27T12:00:00+00:00,auto-matched
R001397,T002041,pending,2023-01-28T12:00:00+00:00,auto-matched
R001398,T002043,pending,2023-03-04T12:00:00+00:00,
R001399,T002044,reconciled,2023-04-24T12:00:00+00:00,auto-matched
R001400,T002046,reconciled,2023-06-30T12:00:00+00:00,auto-matched
R001401,T002047,pending,2023-07-24T12:00:00+00:00,
R001402,T002048,disputed,2023-08-01T12:00:00+00:00,auto-matched
R001403,T002049,reconciled,2023-09-16T12:00:00+00:00,auto-matched
R001404,T002050,disputed,2023-10-23T12:00:00+00:00,
R001405,T002051,pending,2023-11-03T12:00:00+00:00,auto-matched
R001406,T002053,reconciled,2024-01-07T12:00:00+00:00,auto-matched
R001407,T002054,disputed,2024-02-06T12:00:00+00:00,
R001408,T002056,pending,2024-04-05T12:00:00+00:00,auto-matched
R001409,T002058,reconciled,2024-06-30T12:00:00+00:00,auto-matched
R001410,T002059,disputed,2024-07-17T12:00:00+00:00,
R001411,T002060,pending,2024-08-06T12:00:00+00:00,auto-matched
R001412,T002061,reconciled,2024-09-15T12:00:00+00:00,auto-matched
R001413,T002062,disputed,2024-10-29T12:00:00+00:00,
R001414,T002065,disputed,2023-01-17T12:00:00+00:00,auto-matched
R001415,T002066,disputed,2023-02-17T12:00:00+00:00,auto-matched
R001416,T002068,pending,2023-04-05T12:00:00+00:00,
R001417,T002070,pending,2023-06-13T12:00:00+00:00,auto-matched
R001418,T002072,reconciled,2023-08-24T12:00:00+00:00,auto-matched
R001419,T002073,pending,2023-09-12T12:00:00+00:00,
R001420,T002074,reconciled,2023-10-28T12:00:00+00:00,auto-matched
R001421,T002075,reconciled,2023-11-03T12:00:00+00:00,auto-matched
R001422,T002076,reconciled,2023-12-16T12:00:00+00:00,
R001423,T002077,reconciled,2024-01-25T12:00:00+00:00,auto-matched
R001424,T002078,disputed,2024-02-02T12:00:00+00:00,auto-matched
R001425,T002079,reconciled,2024-03-16T12:00:00+00:00,
R001426,T002080,reconciled,2024-04-16T12:00:00+00:00,auto-matched
R001427,T002081,pending,2024-05-04T12:00:00+00:00,auto-matched
R001428,T002083,disputed,2024-07-19T12:00:00+00:00,
R001429,T002084,pending,2024-08-27T12:00:00+00:00,auto-matched
R001430,T002085,reconciled,2024-09-06T12:00:00+00:00,auto-matched
R001431,T002086,reconciled,2024-10-05T12:00:00+00:00,
R001432,T002089,disputed,2023-01-21T12:00:00+00:00,auto-matched
R001433,T002092,disputed,2023-04-28T12:00:00+00:00,auto-matched
R001434,T002095,pending,2023-07-05T12:00:00+00:00,
R001435,T002096,pending,2023-08-17T12:00:00+00:00,auto-matched
R001436,T002097,reconciled,2023-09-30T12:00:00+00:00,auto-matched
R001437,T002099,reconciled,2023-11-01T12:00:00+00:00,
R001438,T002101,disputed,2024-01-31T12:00:00+00:00,auto-matched
R001439,T002103,reconciled,2024-03-09T12:00:00+00:00,auto-matched
R001440,T002104,reconciled,2024-04-07T12:00:00+00:00,
R001441,T002105,reconciled,2024-05-17T12:00:00+00:00,auto-matched
R001442,T002106,pending,2024-06-05T12:00:00+00:00,auto-matched
R001443,T002107,disputed,2024-07-16T12:00:00+00:00,
R001444,T002108,disputed,2024-08-05T12:00:00+00:00,auto-matched
R001445,T002109,reconciled,2024-09-01T12:00:00+00:00,auto-matched
R001446,T002111,reconciled,2024-11-09T12:00:00+00:00,
R001447,T002112,disputed,2024-12-03T12:00:00+00:00,auto-matched
R001448,T002114,reconciled,2023-02-17T12:00:00+00:00,auto-matched
R001449,T002115,pending,2023-03-15T12:00:00+00:00,
R001450,T002116,disputed,2023-04-28T12:00:00+00:00,auto-matched
R001451,T002117,reconciled,2023-05-05T12:00:00+00:00,auto-matched
R001452,T002119,reconciled,2023-07-18T12:00:00+00:00,
R001453,T002121,disputed,2023-09-30T12:00:00+00:00,auto-matched
R001454,T002122,pending,2023-10-02T12:00:00+00:00,auto-matched
R001455,T002123,reconciled,2023-11-11T12:00:00+00:00,
R001456,T002125,pending,2024-01-24T12:00:00+00:00,auto-matched
R001457,T002128,pending,2024-04-22T12:00:00+00:00,auto-matched
R001458,T002129,disputed,2024-05-23T12:00:00+00:00,
R001459,T002131,pending,2024-07-01T12:00:00+00:00,auto-matched
R001460,T002133,pending,2024-09-25T12:00:00+00:00,auto-matched
R001461,T002137,pending,2023-01-25T12:00:00+00:00,
R001462,T002139,pending,2023-03-23T12:00:00+00:00,auto-matched
R001463,T002140,disputed,2023-04-24T12:00:00+00:00,auto-matched
R001464,T002141,pending,2023-05-04T12:00:00+00:00,
R001465,T002143,pending,2023-07-19T12:00:00+00:00,auto-matched
R001466,T002144,pending,2023-08-18T12:00:00+00:00,auto-matched
R001467,T002145,pending,2023-09-30T12:00:00+00:00,
R001468,T002147,reconciled,2023-11-12T12:00:00+00:00,auto-matched
R001469,T002148,reconciled,2023-12-27T12:00:00+00:00,auto-matched
R001470,T002150,reconciled,2024-02-13T12:00:00+00:00,
R001471,T002151,disputed,2024-03-20T12:00:00+00:00,auto-matched
R001472,T002155,disputed,2024-07-19T12:00:00+00:00,auto-matched
R001473,T002156,reconciled,2024-08-04T12:00:00+00:00,
R001474,T002157,disputed,2024-09-15T12:00:00+00:00,auto-matched
R001475,T002158,reconciled,2024-10-06T12:00:00+00:00,auto-matched
R001476,T002161,pending,2023-01-01T12:00:00+00:00,
R001477,T002163,reconciled,2023-03-02T12:00:00+00:00,auto-matched
R001478,T002164,pending,2023-04-15T12:00:00+00:00,auto-matched
R001479,T002165,disputed,2023-05-22T12:00:00+00:00,
R001480,T002166,pending,2023-06-27T12:00:00+00:00,auto-matched
R001481,T002167,pending,2023-07-27T12:00:00+00:00,auto-matched
R001482,T002168,pending,2023-08-16T12:00:00+00:00,
R001483,T002169,disputed,2023-09-12T12:00:00+00:00,auto-matched
R001484,T002170,disputed,2023-10-24T12:00:00+00:00,auto-matched
R001485,T002171,reconciled,2023-11-30T12:00:00+00:00,
R001486,T002173,disputed,2024-01-04T12:00:00+00:00,auto-matched
R001487,T002174,reconciled,2024-02-12T12:00:00+00:00,auto-matched
R001488,T002175,pending,2024-03-28T12:00:00+00:00,
R001489,T002176,reconciled,2024-04-04T12:00:00+00:00,auto-matched
R001490,T002177,pending,2024-05-15T12:00:00+00:00,auto-matched
R001491,T002178,pending,2024-06-06T12:00:00+00:00,
R001492,T002179,pending,2024-07-26T12:00:00+00:00,auto-matched
R001493,T002180,reconciled,2024-08-22T12:00:00+00:00,auto-matched
R001494,T002181,pending,2024-09-25T12:00:00+00:00,
R001495,T002182,pending,2024-10-15T12:00:00+00:00,auto-matched
R001496,T002183,reconciled,2024-11-14T12:00:00+00:00,auto-matched
R001497,T002185,reconciled,2023-01-14T12:00:00+00:00,
R001498,T002186,reconciled,2023-02-05T12:00:00+00:00,auto-matched
R001499,T002187,reconciled,2023-03-26T12:00:00+00:00,auto-matched
R001500,T002189,pending,2023-05-14T12:00:00+00:00,
R001501,T002191,disputed,2023-07-19T12:00:00+00:00,auto-matched
R001502,T002192,reconciled,2023-08-15T12:00:00+00:00,auto-matched
R001503,T002193,disputed,2023-09-06T12:00:00+00:00,
R001504,T002195,disputed,2023-11-16T12:00:00+00:00,auto-matched
R001505,T002196,disputed,2023-12-23T12:00:00+00:00,auto-matched
R001506,T002197,pending,2024-01-19T12:00:00+00:00,
R001507,T002199,reconciled,2024-03-30T12:00:00+00:00,auto-matched
R001508,T002200,disputed,2024-04-25T12:00:00+00:00,auto-matched
R001509,T002207,disputed,2024-11-21T12:00:00+00:00,
R001510,T002208,disputed,2024-12-10T12:00:00+00:00,auto-matched
R001511,T002209,pending,2023-01-15T12:00:00+00:00,auto-matched
R001512,T002214,reconciled,2023-06-10T12:00:00+00:00,
R001513,T002215,pending,2023-07-15T12:00:00+00:00,auto-matched
R001514,T002216,pending,2023-08-07T12:00:00+00:00,auto-matched
R001515,T002217,pending,2023-09-30T12:00:00+00:00,
R001516,T002219,disputed,2023-11-23T12:00:00+00:00,auto-matched
R001517,T002220,disputed,2023-12-03T12:00:00+00:00,auto-matched
R001518,T002222,pending,2024-02-02T12:00:00+00:00,
R001519,T002223,reconciled,2024-03-25T12:00:00+00:00,auto-matched
R001520,T002224,disputed,2024-04-02T12:00:00+00:00,auto-matched
R001521,T002225,reconciled,2024-05-31T12:00:00+00:00,
R001522,T002226,pending,2024-06-16T12:00:00+00:00,auto-matched
R001523,T002230,disputed,2024-10-03T12:00:00+00:00,auto-matched
R001524,T002231,pending,2024-11-11T12:00:00+00:00,
R001525,T002232,disputed,2024-12-13T12:00:00+00:00,auto-matched
R001526,T002234,disputed,2023-02-04T12:00:00+00:00,auto-matched
R001527,T002235,pending,2023-03-25T12:00:00+00:00,
R001528,T002236,disputed,2023-04-18T12:00:00+00:00,auto-matched
R001529,T002237,reconciled,2023-05-15T12:00:00+00:00,auto-matched
R001530,T002238,pending,2023-06-18T12:00:00+00:00,
R001531,T002240,reconciled,2023-08-11T12:00:00+00:00,auto-matched
R001532,T002241,reconciled,2023-09-03T12:00:00+00:00,auto-matched
R001533,T002242,disputed,2023-10-18T12:00:00+00:00,
R001534,T002244,pending,2023-12-10T12:00:00+00:00,auto-matched
R001535,T002245,disputed,2024-01-04T12:00:00+00:00,auto-matched
R001536,T002247,pending,2024-03-11T12:00:00+00:00,
R001537,T002248,disputed,2024-04-03T12:00:00+00:00,auto-matched
R001538,T002249,reconciled,2024-05-31T12:00:00+00:00,auto-matched
R001539,T002250,disputed,2024-06-03T12:00:00+00:00,
R001540,T002251,pending,2024-07-08T12:00:00+00:00,auto-matched
R001541,T002253,disputed,2024-09-30T12:00:00+00:00,auto-matched
R001542,T002254,disputed,2024-10-02T12:00:00+00:00,
R001543,T002255,disputed,2024-11-13T12:00:00+00:00,auto-matched
R001544,T002256,reconciled,2024-12-13T12:00:00+00:00,auto-matched
R001545,T002260,reconciled,2023-04-30T12:00:00+00:00,
R001546,T002261,pending,2023-05-08T12:00:00+00:00,auto-matched
R001547,T002262,pending,2023-06-22T12:00:00+00:00,auto-matched
R001548,T002264,pending,2023-08-19T12:00:00+00:00,
R001549,T002265,pending,2023-09-17T12:00:00+00:00,auto-matched
R001550,T002268,disputed,2023-12-29T12:00:00+00:00,auto-matched
R001551,T002270,reconciled,2024-02-19T12:00:00+00:00,
R001552,T002271,disputed,2024-03-04T12:00:00+00:00,auto-matched
R001553,T002272,reconciled,2024-04-09T12:00:00+00:00,auto-matched
R001554,T002273,disputed,2024-05-25T12:00:00+00:00,
R001555,T002275,reconciled,2024-07-07T12:00:00+00:00,auto-matched
R001556,T002276,reconciled,2024-08-26T12:00:00+00:00,auto-matched
R001557,T002277,pending,2024-09-25T12:00:00+00:00,
R001558,T002278,disputed,2024-10-21T12:00:00+00:00,auto-matched
R001559,T002279,pending,2024-11-17T12:00:00+00:00,auto-matched
R001560,T002280,reconciled,2024-12-11T12:00:00+00:00,
R001561,T002282,disputed,2023-02-19T12:00:00+00:00,auto-matched
R001562,T002283,disputed,2023-03-24T12:00:00+00:00,auto-matched
R001563,T002284,pending,2023-04-17T12:00:00+00:00,
R001564,T002285,disputed,2023-05-04T12:00:00+00:00,auto-matched
R001565,T002287,reconciled,2023-07-24T12:00:00+00:00,auto-matched
R001566,T002288,reconciled,2023-08-15T12:00:00+00:00,
R001567,T002289,pending,2023-09-04T12:00:00+00:00,auto-matched
R001568,T002290,reconciled,2023-10-26T12:00:00+00:00,auto-matched
R001569,T002291,reconciled,2023-11-04T12:00:00+00:00,
R001570,T002292,disputed,2023-12-30T12:00:00+00:00,auto-matched
R001571,T002293,disputed,2024-01-28T12:00:00+00:00,auto-matched
R001572,T002294,disputed,2024-02-17T12:00:00+00:00,
R001573,T002295,reconciled,2024-03-13T12:00:00+00:00,auto-matched
R001574,T002296,reconciled,2024-04-08T12:00:00+00:00,auto-matched
R001575,T002297,disputed,2024-05-18T12:00:00+00:00,
R001576,T002299,reconciled,2024-07-02T12:00:00+00:00,auto-matched
R001577,T002302,pending,2024-10-05T12:00:00+00:00,auto-matched
R001578,T002303,disputed,2024-11-25T12:00:00+00:00,
R001579,T002305,disputed,2023-01-03T12:00:00+00:00,auto-matched
R001580,T002306,reconciled,2023-02-26T12:00:00+00:00,auto-matched
R001581,T002307,reconciled,2023-03-13T12:00:00+00:00,
R001582,T002308,disputed,2023-04-29T12:00:00+00:00,auto-matched
R001583,T002309,pending,2023-05-17T12:00:00+00:00,auto-matched
R001584,T002310,pending,2023-06-03T12:00:00+00:00,
R001585,T002312,pending,2023-08-01T12:00:00+00:00,auto-matched
R001586,T002313,reconciled,2023-09-24T12:00:00+00:00,auto-matched
R001587,T002314,pending,2023-10-13T12:00:00+00:00,
R001588,T002316,pending,2023-12-26T12:00:00+00:00,auto-matched
R001589,T002317,reconciled,2024-01-20T12:00:00+00:00,auto-matched
R001590,T002318,reconciled,2024-02-19T12:00:00+00:00,
R001591,T002319,pending,2024-03-19T12:00:00+00:00,auto-matched
R001592,T002320,disputed,2024-04-16T12:00:00+00:00,auto-matched
R001593,T002321,disputed,2024-05-03T12:00:00+00:00,
R001594,T002322,disputed,2024-06-05T12:00:00+00:00,auto-matched
R001595,T002323,disputed,2024-07-02T12:00:00+00:00,auto-matched
R001596,T002324,pending,2024-08-07T12:00:00+00:00,
R001597,T002326,pending,2024-10-21T12:00:00+00:00,auto-matched
R001598,T002327,disputed,2024-11-25T12:00:00+00:00,auto-matched
R001599,T002329,disputed,2023-01-01T12:00:00+00:00,
R001600,T002331,reconciled,2023-03-20T12:00:00+00:00,auto-matched
R001601,T002332,reconciled,2023-04-08T12:00:00+00:00,auto-matched
R001602,T002333,pending,2023-05-11T12:00:00+00:00,
R001603,T002336,reconciled,2023-08-22T12:00:00+00:00,auto-matched
R001604,T002338,disputed,2023-10-08T12:00:00+00:00,auto-matched
R001605,T002340,disputed,2023-12-28T12:00:00+00:00,
R001606,T002342,disputed,2024-02-01T12:00:00+00:00,auto-matched
R001607,T002345,reconciled,2024-05-16T12:00:00+00:00,auto-matched
R001608,T002347,disputed,2024-07-25T12:00:00+00:00,
R001609,T002348,disputed,2024-08-29T12:00:00+00:00,auto-matched
R001610,T002349,reconciled,2024-09-02T12:00:00+00:00,auto-matched
R001611,T002351,disputed,2024-11-29T12:00:00+00:00,
R001612,T002354,disputed,2023-02-07T12:00:00+00:00,auto-matched
R001613,T002356,disputed,2023-04-30T12:00:00+00:00,auto-matched
R001614,T002357,disputed,2023-05-24T12:00:00+00:00,
R001615,T002360,reconciled,2023-08-24T12:00:00+00:00,auto-matched
R001616,T002361,reconciled,2023-09-26T12:00:00+00:00,auto-matched
R001617,T002362,reconciled,2023-10-06T12:00:00+00:00,
R001618,T002363,disputed,2023-11-22T12:00:00+00:00,auto-matched
R001619,T002364,pending,2023-12-11T12:00:00+00:00,auto-matched
R001620,T002365,pending,2024-01-12T12:00:00+00:00,
R001621,T002366,reconciled,2024-02-22T12:00:00+00:00,auto-matched
R001622,T002367,pending,2024-03-02T12:00:00+00:00,auto-matched
R001623,T002368,disputed,2024-04-17T12:00:00+00:00,
R001624,T002369,disputed,2024-05-11T12:00:00+00:00,auto-matched
R001625,T002371,disputed,2024-07-12T12:00:00+00:00,auto-matched
R001626,T002372,disputed,2024-08-09T12:00:00+00:00,
R001627,T002373,pending,2024-09-27T12:00:00+00:00,auto-matched
R001628,T002374,reconciled,2024-10-15T12:00:00+00:00,auto-matched
R001629,T002375,disputed,2024-11-10T12:00:00+00:00,
R001630,T002376,disputed,2024-12-23T12:00:00+00:00,auto-matched
R001631,T002379,pending,2023-03-22T12:00:00+00:00,auto-matched
R001632,T002380,reconciled,2023-04-01T12:00:00+00:00,
R001633,T002381,pending,2023-05-17T12:00:00+00:00,auto-matched
R001634,T002382,reconciled,2023-06-30T12:00:00+00:00,auto-matched
R001635,T002383,reconciled,2023-07-31T12:00:00+00:00,
R001636,T002384,disputed,2023-08-26T12:00:00+00:00,auto-matched
R001637,T002389,reconciled,2024-01-17T12:00:00+00:00,auto-matched
R001638,T002390,reconciled,2024-02-26T12:00:00+00:00,
R001639,T002391,reconciled,2024-03-09T12:00:00+00:00,auto-matched
R001640,T002393,reconciled,2024-05-27T12:00:00+00:00,auto-matched
R001641,T002394,reconciled,2024-06-03T12:00:00+00:00,
R001642,T002395,disputed,2024-07-14T12:00:00+00:00,auto-matched
R001643,T002396,pending,2024-08-28T12:00:00+00:00,auto-matched
R001644,T002398,disputed,2024-10-21T12:00:00+00:00,
R001645,T002403,disputed,2023-03-05T12:00:00+00:00,auto-matched
R001646,T002404,reconciled,2023-04-13T12:00:00+00:00,auto-matched
R001647,T002405,disputed,2023-05-26T12:00:00+00:00,
R001648,T002406,pending,2023-06-12T12:00:00+00:00,auto-matched
R001649,T002407,reconciled,2023-07-30T12:00:00+00:00,auto-matched
R001650,T002409,pending,2023-09-01T12:00:00+00:00,
R001651,T002410,disputed,2023-10-25T12:00:00+00:00,auto-matched
R001652,T002411,disputed,2023-11-29T12:00:00+00:00,auto-matched
R001653,T002412,pending,2023-12-10T12:00:00+00:00,
R001654,T002413,pending,2024-01-29T12:00:00+00:00,auto-matched
R001655,T002414,reconciled,2024-02-22T12:00:00+00:00,auto-matched
R001656,T002415,reconciled,2024-03-28T12:00:00+00:00,
R001657,T002416,disputed,2024-04-08T12:00:00+00:00,auto-matched
R001658,T002417,pending,2024-05-16T12:00:00+00:00,auto-matched
R001659,T002418,pending,2024-06-20T12:00:00+00:00,
R001660,T002419,reconciled,2024-07-25T12:00:00+00:00,auto-matched
R001661,T002420,pending,2024-08-15T12:00:00+00:00,auto-matched
R001662,T002421,disputed,2024-09-08T12:00:00+00:00,
R001663,T002424,disputed,2024-12-17T12:00:00+00:00,auto-matched
R001664,T002425,disputed,2023-01-13T12:00:00+00:00,auto-matched
R001665,T002428,reconciled,2023-04-22T12:00:00+00:00,
R001666,T002430,disputed,2023-06-05T12:00:00+00:00,auto-matched
R001667,T002432,reconciled,2023-08-28T12:00:00+00:00,auto-matched
R001668,T002433,pending,2023-09-25T12:00:00+00:00,
R001669,T002434,disputed,2023-10-06T12:00:00+00:00,auto-matched
R001670,T002435,pending,2023-11-27T12:00:00+00:00,auto-matched
R001671,T002438,reconciled,2024-02-10T12:00:00+00:00,
R001672,T002439,disputed,2024-03-29T12:00:00+00:00,auto-matched
R001673,T002440,pending,2024-04-24T12:00:00+00:00,auto-matched
R001674,T002441,disputed,2024-05-30T12:00:00+00:00,
R001675,T002443,disputed,2024-07-20T12:00:00+00:00,auto-matched
R001676,T002444,disputed,2024-08-20T12:00:00+00:00,auto-matched
R001677,T002445,pending,2024-09-01T12:00:00+00:00,
R001678,T002449,pending,2023-01-28T12:00:00+00:00,auto-matched
R001679,T002451,pending,2023-03-24T12:00:00+00:00,auto-matched
R001680,T002452,reconciled,2023-04-29T12:00:00+00:00,
R001681,T002455,reconciled,2023-07-10T12:00:00+00:00,auto-matched
R001682,T002456,reconciled,2023-08-14T12:00:00+00:00,auto-matched
R001683,T002457,reconciled,2023-09-08T12:00:00+00:00,
R001684,T002458,pending,2023-10-23T12:00:00+00:00,auto-matched
R001685,T002463,pending,2024-03-24T12:00:00+00:00,auto-matched
R001686,T002464,reconciled,2024-04-30T12:00:00+00:00,
R001687,T002465,pending,2024-05-17T12:00:00+00:00,auto-matched
R001688,T002466,pending,2024-06-24T12:00:00+00:00,auto-matched
R001689,T002468,disputed,2024-08-12T12:00:00+00:00,
R001690,T002469,disputed,2024-09-14T12:00:00+00:00,auto-matched
R001691,T002470,reconciled,2024-10-23T12:00:00+00:00,auto-matched
R001692,T002471,reconciled,2024-11-12T12:00:00+00:00,
R001693,T002474,reconciled,2023-02-14T12:00:00+00:00,auto-matched
R001694,T002475,disputed,2023-03-19T12:00:00+00:00,auto-matched
R001695,T002476,disputed,2023-04-24T12:00:00+00:00,
R001696,T002478,reconciled,2023-06-14T12:00:00+00:00,auto-matched
R001697,T002479,reconciled,2023-07-06T12:00:00+00:00,auto-matched
R001698,T002481,reconciled,2023-09-27T12:00:00+00:00,
R001699,T002482,reconciled,2023-10-20T12:00:00+00:00,auto-matched
R001700,T002484,disputed,2023-12-26T12:00:00+00:00,auto-matched
R001701,T002485,pending,2024-01-04T12:00:00+00:00,
R001702,T002487,reconciled,2024-03-17T12:00:00+00:00,auto-matched
R001703,T002488,reconciled,2024-04-11T12:00:00+00:00,auto-matched
R001704,T002490,reconciled,2024-06-15T12:00:00+00:00,
R001705,T002491,pending,2024-07-20T12:00:00+00:00,auto-matched
R001706,T002492,disputed,2024-08-26T12:00:00+00:00,auto-matched
R001707,T002493,pending,2024-09-22T12:00:00+00:00,
R001708,T002495,reconciled,2024-11-18T12:00:00+00:00,auto-matched
R001709,T002496,pending,2024-12-01T12:00:00+00:00,auto-matched
R001710,T002497,reconciled,2023-01-25T12:00:00+00:00,
R001711,T002499,disputed,2023-03-28T12:00:00+00:00,auto-matched
R001712,T002500,disputed,2023-04-08T12:00:00+00:00,auto-matched
R001713,T002502,reconciled,2023-06-06T12:00:00+00:00,
R001714,T002503,disputed,2023-07-07T12:00:00+00:00,auto-matched
R001715,T002504,disputed,2023-08-18T12:00:00+00:00,auto-matched
R001716,T002506,pending,2023-10-30T12:00:00+00:00,
R001717,T002507,disputed,2023-11-16T12:00:00+00:00,auto-matched
R001718,T002508,disputed,2023-12-14T12:00:00+00:00,auto-matched
R001719,T002509,reconciled,2024-01-07T12:00:00+00:00,
R001720,T002511,pending,2024-03-26T12:00:00+00:00,auto-matched
R001721,T002512,disputed,2024-04-04T12:00:00+00:00,auto-matched
R001722,T002513,disputed,2024-05-02T12:00:00+00:00,
R001723,T002514,reconciled,2024-06-04T12:00:00+00:00,auto-matched
R001724,T002517,disputed,2024-09-25T12:00:00+00:00,auto-matched
R001725,T002518,reconciled,2024-10-30T12:00:00+00:00,
R001726,T002519,disputed,2024-11-25T12:00:00+00:00,auto-matched
R001727,T002520,reconciled,2024-12-16T12:00:00+00:00,auto-matched
R001728,T002522,reconciled,2023-02-13T12:00:00+00:00,
R001729,T002524,pending,2023-04-09T12:00:00+00:00,auto-matched
R001730,T002526,disputed,2023-06-15T12:00:00+00:00,auto-matched
R001731,T002527,reconciled,2023-07-09T12:00:00+00:00,
R001732,T002528,reconciled,2023-08-31T12:00:00+00:00,auto-matched
R001733,T002529,reconciled,2023-09-02T12:00:00+00:00,auto-matched
R001734,T002530,pending,2023-10-01T12:00:00+00:00,
R001735,T002532,reconciled,2023-12-25T12:00:00+00:00,auto-matched
R001736,T002533,disputed,2024-01-21T12:00:00+00:00,auto-matched
R001737,T002534,reconciled,2024-02-27T12:00:00+00:00,
R001738,T002535,disputed,2024-03-24T12:00:00+00:00,auto-matched
R001739,T002537,pending,2024-05-12T12:00:00+00:00,auto-matched
R001740,T002538,pending,2024-06-07T12:00:00+00:00,
R001741,T002539,reconciled,2024-07-24T12:00:00+00:00,auto-matched
R001742,T002540,reconciled,2024-08-29T12:00:00+00:00,auto-matched
R001743,T002541,reconciled,2024-09-01T12:00:00+00:00,
R001744,T002542,disputed,2024-10-15T12:00:00+00:00,auto-matched
R001745,T002543,disputed,2024-11-04T12:00:00+00:00,auto-matched
R001746,T002544,pending,2024-12-19T12:00:00+00:00,
R001747,T002545,disputed,2023-01-14T12:00:00+00:00,auto-matched
R001748,T002547,pending,2023-03-28T12:00:00+00:00,auto-matched
R001749,T002548,reconciled,2023-04-25T12:00:00+00:00,
R001750,T002550,reconciled,2023-06-01T12:00:00+00:00,auto-matched
R001751,T002553,reconciled,2023-09-06T12:00:00+00:00,auto-matched
R001752,T002554,disputed,2023-10-15T12:00:00+00:00,
R001753,T002556,pending,2023-12-06T12:00:00+00:00,auto-matched
R001754,T002557,pending,2024-01-03T12:00:00+00:00,auto-matched
R001755,T002558,disputed,2024-02-19T12:00:00+00:00,
R001756,T002560,disputed,2024-04-25T12:00:00+00:00,auto-matched
R001757,T002561,pending,2024-05-30T12:00:00+00:00,auto-matched
R001758,T002562,disputed,2024-06-08T12:00:00+00:00,
R001759,T002563,pending,2024-07-07T12:00:00+00:00,auto-matched
R001760,T002564,disputed,2024-08-23T12:00:00+00:00,auto-matched
R001761,T002565,pending,2024-09-21T12:00:00+00:00,
R001762,T002566,reconciled,2024-10-19T12:00:00+00:00,auto-matched
R001763,T002567,reconciled,2024-11-27T12:00:00+00:00,auto-matched
R001764,T002568,reconciled,2024-12-11T12:00:00+00:00,
R001765,T002569,reconciled,2023-01-20T12:00:00+00:00,auto-matched
R001766,T002570,disputed,2023-02-16T12:00:00+00:00,auto-matched
R001767,T002571,pending,2023-03-01T12:00:00+00:00,
R001768,T002572,reconciled,2023-04-16T12:00:00+00:00,auto-matched
R001769,T002573,pending,2023-05-16T12:00:00+00:00,auto-matched
R001770,T002574,reconciled,2023-06-29T12:00:00+00:00,
R001771,T002575,reconciled,2023-07-05T12:00:00+00:00,auto-matched
R001772,T002576,reconciled,2023-08-21T12:00:00+00:00,auto-matched
R001773,T002577,pending,2023-09-06T12:00:00+00:00,
R001774,T002579,reconciled,2023-11-18T12:00:00+00:00,auto-matched
R001775,T002580,reconciled,2023-12-27T12:00:00+00:00,auto-matched
R001776,T002581,pending,2024-01-23T12:00:00+00:00,
R001777,T002582,pending,2024-02-14T12:00:00+00:00,auto-matched
R001778,T002583,pending,2024-03-30T12:00:00+00:00,auto-matched
R001779,T002584,reconciled,2024-04-08T12:00:00+00:00,
R001780,T002585,disputed,2024-05-21T12:00:00+00:00,auto-matched
R001781,T002587,disputed,2024-07-19T12:00:00+00:00,auto-matched
R001782,T002588,disputed,2024-08-05T12:00:00+00:00,
R001783,T002592,pending,2024-12-02T12:00:00+00:00,auto-matched
R001784,T002593,reconciled,2023-01-24T12:00:00+00:00,auto-matched
R001785,T002594,reconciled,2023-02-27T12:00:00+00:00,
R001786,T002597,disputed,2023-05-06T12:00:00+00:00,auto-matched
R001787,T002598,disputed,2023-06-27T12:00:00+00:00,auto-matched
R001788,T002599,reconciled,2023-07-11T12:00:00+00:00,
R001789,T002600,reconciled,2023-08-05T12:00:00+00:00,auto-matched
R001790,T002601,pending,2023-09-12T12:00:00+00:00,auto-matched
R001791,T002602,disputed,2023-10-08T12:00:00+00:00,
R001792,T002603,pending,2023-11-30T12:00:00+00:00,auto-matched
R001793,T002604,reconciled,2023-12-22T12:00:00+00:00,auto-matched
R001794,T002605,pending,2024-01-25T12:00:00+00:00,
R001795,T002606,disputed,2024-02-17T12:00:00+00:00,auto-matched
R001796,T002607,reconciled,2024-03-22T12:00:00+00:00,auto-matched
R001797,T002608,disputed,2024-04-08T12:00:00+00:00,
R001798,T002609,pending,2024-05-23T12:00:00+00:00,auto-matched
R001799,T002610,disputed,2024-06-10T12:00:00+00:00,auto-matched
R001800,T002611,reconciled,2024-07-07T12:00:00+00:00,
R001801,T002612,reconciled,2024-08-24T12:00:00+00:00,auto-matched
R001802,T002613,pending,2024-09-12T12:00:00+00:00,auto-matched
R001803,T002614,disputed,2024-10-06T12:00:00+00:00,
R001804,T002615,pending,2024-11-10T12:00:00+00:00,auto-matched
R001805,T002618,reconciled,2023-02-23T12:00:00+00:00,auto-matched
R001806,T002619,reconciled,2023-03-24T12:00:00+00:00,
R001807,T002621,pending,2023-05-11T12:00:00+00:00,auto-matched
R001808,T002622,reconciled,2023-06-23T12:00:00+00:00,auto-matched
R001809,T002623,disputed,2023-07-30T12:00:00+00:00,
R001810,T002624,disputed,2023-08-10T12:00:00+00:00,auto-matched
R001811,T002628,pending,2023-12-04T12:00:00+00:00,auto-matched
R001812,T002630,disputed,2024-02-09T12:00:00+00:00,
R001813,T002631,reconciled,2024-03-30T12:00:00+00:00,auto-matched
R001814,T002632,pending,2024-04-18T12:00:00+00:00,auto-matched
R001815,T002633,pending,2024-05-30T12:00:00+00:00,
R001816,T002634,reconciled,2024-06-03T12:00:00+00:00,auto-matched
R001817,T002636,pending,2024-08-14T12:00:00+00:00,auto-matched
R001818,T002637,reconciled,2024-09-15T12:00:00+00:00,
R001819,T002638,reconciled,2024-10-07T12:00:00+00:00,auto-matched
R001820,T002639,disputed,2024-11-27T12:00:00+00:00,auto-matched
R001821,T002640,disputed,2024-12-29T12:00:00+00:00,
R001822,T002641,pending,2023-01-05T12:00:00+00:00,auto-matched
R001823,T002643,pending,2023-03-11T12:00:00+00:00,auto-matched
R001824,T002644,disputed,2023-04-28T12:00:00+00:00,
R001825,T002645,disputed,2023-05-04T12:00:00+00:00,auto-matched
R001826,T002646,reconciled,2023-06-07T12:00:00+00:00,auto-matched
R001827,T002647,reconciled,2023-07-11T12:00:00+00:00,
R001828,T002650,reconciled,2023-10-04T12:00:00+00:00,auto-matched
R001829,T002651,reconciled,2023-11-21T12:00:00+00:00,auto-matched
R001830,T002653,pending,2024-01-21T12:00:00+00:00,
R001831,T002654,disputed,2024-02-22T12:00:00+00:00,auto-matched
R001832,T002656,pending,2024-04-23T12:00:00+00:00,auto-matched
R001833,T002660,reconciled,2024-08-23T12:00:00+00:00,
R001834,T002661,disputed,2024-09-17T12:00:00+00:00,auto-matched
R001835,T002662,disputed,2024-10-20T12:00:00+00:00,auto-matched
R001836,T002663,reconciled,2024-11-09T12:00:00+00:00,
R001837,T002665,pending,2023-01-06T12:00:00+00:00,auto-matched
R001838,T002666,pending,2023-02-14T12:00:00+00:00,auto-matched
R001839,T002667,pending,2023-03-28T12:00:00+00:00,
R001840,T002668,reconciled,2023-04-16T12:00:00+00:00,auto-matched
R001841,T002669,reconciled,2023-05-29T12:00:00+00:00,auto-matched
R001842,T002670,disputed,2023-06-18T12:00:00+00:00,
R001843,T002671,reconciled,2023-07-11T12:00:00+00:00,auto-matched
R001844,T002672,disputed,2023-08-17T12:00:00+00:00,auto-matched
R001845,T002673,disputed,2023-09-09T12:00:00+00:00,
R001846,T002674,disputed,2023-10-16T12:00:00+00:00,auto-matched
R001847,T002675,disputed,2023-11-09T12:00:00+00:00,auto-matched
R001848,T002677,disputed,2024-01-17T12:00:00+00:00,
R001849,T002678,reconciled,2024-02-17T12:00:00+00:00,auto-matched
R001850,T002679,reconciled,2024-03-11T12:00:00+00:00,auto-matched
R001851,T002680,pending,2024-04-11T12:00:00+00:00,
R001852,T002681,disputed,2024-05-12T12:00:00+00:00,auto-matched
R001853,T002682,reconciled,2024-06-09T12:00:00+00:00,auto-matched
R001854,T002683,reconciled,2024-07-18T12:00:00+00:00,
R001855,T002685,pending,2024-09-02T12:00:00+00:00,auto-matched
R001856,T002686,disputed,2024-10-21T12:00:00+00:00,auto-matched
R001857,T002687,disputed,2024-11-07T12:00:00+00:00,
R001858,T002689,reconciled,2023-01-05T12:00:00+00:00,auto-matched
R001859,T002690,disputed,2023-02-20T12:00:00+00:00,auto-matched
R001860,T002691,disputed,2023-03-18T12:00:00+00:00,
R001861,T002692,disputed,2023-04-19T12:00:00+00:00,auto-matched
R001862,T002693,pending,2023-05-18T12:00:00+00:00,auto-matched
R001863,T002695,pending,2023-07-23T12:00:00+00:00,
R001864,T002697,reconciled,2023-09-12T12:00:00+00:00,auto-matched
R001865,T002699,pending,2023-11-02T12:00:00+00:00,auto-matched
R001866,T002701,disputed,2024-01-29T12:00:00+00:00,
R001867,T002702,pending,2024-02-20T12:00:00+00:00,auto-matched
R001868,T002703,reconciled,2024-03-17T12:00:00+00:00,auto-matched
R001869,T002705,pending,2024-05-17T12:00:00+00:00,
R001870,T002706,pending,2024-06-23T12:00:00+00:00,auto-matched
R001871,T002709,reconciled,2024-09-27T12:00:00+00:00,auto-matched
R001872,T002710,pending,2024-10-24T12:00:00+00:00,
R001873,T002711,reconciled,2024-11-28T12:00:00+00:00,auto-matched
R001874,T002712,reconciled,2024-12-22T12:00:00+00:00,auto-matched
R001875,T002713,disputed,2023-01-17T12:00:00+00:00,
R001876,T002714,reconciled,2023-02-05T12:00:00+00:00,auto-matched
R001877,T002716,reconciled,2023-04-25T12:00:00+00:00,auto-matched
R001878,T002717,reconciled,2023-05-16T12:00:00+00:00,
R001879,T002718,reconciled,2023-06-21T12:00:00+00:00,auto-matched
R001880,T002719,reconciled,2023-07-11T12:00:00+00:00,auto-matched
R001881,T002720,pending,2023-08-16T12:00:00+00:00,
R001882,T002721,disputed,2023-09-14T12:00:00+00:00,auto-matched
R001883,T002722,disputed,2023-10-31T12:00:00+00:00,auto-matched
R001884,T002723,pending,2023-11-16T12:00:00+00:00,
R001885,T002725,reconciled,2024-01-18T12:00:00+00:00,auto-matched
R001886,T002726,disputed,2024-02-01T12:00:00+00:00,auto-matched
R001887,T002727,disputed,2024-03-31T12:00:00+00:00,
R001888,T002728,reconciled,2024-04-02T12:00:00+00:00,auto-matched
R001889,T002729,pending,2024-05-22T12:00:00+00:00,auto-matched
R001890,T002730,pending,2024-06-21T12:00:00+00:00,
R001891,T002732,pending,2024-08-30T12:00:00+00:00,auto-matched
R001892,T002733,reconciled,2024-09-30T12:00:00+00:00,auto-matched
R001893,T002734,disputed,2024-10-21T12:00:00+00:00,
R001894,T002735,disputed,2024-11-29T12:00:00+00:00,auto-matched
R001895,T002737,reconciled,2023-01-06T12:00:00+00:00,auto-matched
R001896,T002738,disputed,2023-02-23T12:00:00+00:00,
R001897,T002739,reconciled,2023-03-01T12:00:00+00:00,auto-matched
R001898,T002741,disputed,2023-05-13T12:00:00+00:00,auto-matched
R001899,T002743,pending,2023-07-24T12:00:00+00:00,
R001900,T002744,pending,2023-08-12T12:00:00+00:00,auto-matched
R001901,T002745,reconciled,2023-09-24T12:00:00+00:00,auto-matched
R001902,T002746,pending,2023-10-13T12:00:00+00:00,
R001903,T002748,disputed,2023-12-13T12:00:00+00:00,auto-matched
R001904,T002749,disputed,2024-01-05T12:00:00+00:00,auto-matched
R001905,T002750,disputed,2024-02-10T12:00:00+00:00,
R001906,T002751,disputed,2024-03-30T12:00:00+00:00,auto-matched
R001907,T002752,pending,2024-04-28T12:00:00+00:00,auto-matched
R001908,T002753,disputed,2024-05-22T12:00:00+00:00,
R001909,T002754,pending,2024-06-05T12:00:00+00:00,auto-matched
R001910,T002755,disputed,2024-07-09T12:00:00+00:00,auto-matched
R001911,T002758,pending,2024-10-14T12:00:00+00:00,
R001912,T002759,pending,2024-11-24T12:00:00+00:00,auto-matched
R001913,T002762,pending,2023-02-08T12:00:00+00:00,auto-matched
R001914,T002763,pending,2023-03-31T12:00:00+00:00,
R001915,T002764,reconciled,2023-04-11T12:00:00+00:00,auto-matched
R001916,T002766,disputed,2023-06-03T12:00:00+00:00,auto-matched
R001917,T002767,reconciled,2023-07-28T12:00:00+00:00,
R001918,T002770,reconciled,2023-10-27T12:00:00+00:00,auto-matched
R001919,T002772,pending,2023-12-07T12:00:00+00:00,auto-matched
R001920,T002773,reconciled,2024-01-07T12:00:00+00:00,
R001921,T002774,pending,2024-02-01T12:00:00+00:00,auto-matched
R001922,T002776,pending,2024-04-01T12:00:00+00:00,auto-matched
R001923,T002777,pending,2024-05-22T12:00:00+00:00,
R001924,T002778,reconciled,2024-06-14T12:00:00+00:00,auto-matched
R001925,T002779,pending,2024-07-08T12:00:00+00:00,auto-matched
R001926,T002780,pending,2024-08-16T12:00:00+00:00,
R001927,T002781,reconciled,2024-09-15T12:00:00+00:00,auto-matched
R001928,T002782,reconciled,2024-10-19T12:00:00+00:00,auto-matched
R001929,T002784,disputed,2024-12-09T12:00:00+00:00,
R001930,T002786,pending,2023-02-14T12:00:00+00:00,auto-matched
R001931,T002787,disputed,2023-03-25T12:00:00+00:00,auto-matched
R001932,T002788,reconciled,2023-04-08T12:00:00+00:00,
R001933,T002789,reconciled,2023-05-09T12:00:00+00:00,auto-matched
R001934,T002793,disputed,2023-09-18T12:00:00+00:00,auto-matched
R001935,T002794,disputed,2023-10-30T12:00:00+00:00,
R001936,T002796,disputed,2023-12-31T12:00:00+00:00,auto-matched
R001937,T002798,disputed,2024-02-08T12:00:00+00:00,auto-matched
R001938,T002800,reconciled,2024-04-11T12:00:00+00:00,
R001939,T002801,disputed,2024-05-31T12:00:00+00:00,auto-matched
R001940,T002802,disputed,2024-06-23T12:00:00+00:00,auto-matched
R001941,T002803,reconciled,2024-07-01T12:00:00+00:00,
R001942,T002804,reconciled,2024-08-06T12:00:00+00:00,auto-matched
R001943,T002805,reconciled,2024-09-12T12:00:00+00:00,auto-matched
R001944,T002806,pending,2024-10-10T12:00:00+00:00,
R001945,T002807,reconciled,2024-11-05T12:00:00+00:00,auto-matched
R001946,T002808,reconciled,2024-12-05T12:00:00+00:00,auto-matched
R001947,T002810,disputed,2023-02-01T12:00:00+00:00,
R001948,T002811,pending,2023-03-31T12:00:00+00:00,auto-matched
R001949,T002812,pending,2023-04-23T12:00:00+00:00,auto-matched
R001950,T002816,reconciled,2023-08-20T12:00:00+00:00,
R001951,T002818,reconciled,2023-10-29T12:00:00+00:00,auto-matched
R001952,T002821,pending,2024-01-03T12:00:00+00:00,auto-matched
R001953,T002823,reconciled,2024-03-24T12:00:00+00:00,
R001954,T002826,reconciled,2024-06-08T12:00:00+00:00,auto-matched
R001955,T002829,reconciled,2024-09-11T12:00:00+00:00,auto-matched
R001956,T002831,pending,2024-11-08T12:00:00+00:00,
R001957,T002832,disputed,2024-12-24T12:00:00+00:00,auto-matched
R001958,T002833,disputed,2023-01-16T12:00:00+00:00,auto-matched
R001959,T002837,disputed,2023-05-16T12:00:00+00:00,
R001960,T002838,pending,2023-06-27T12:00:00+00:00,auto-matched
R001961,T002841,pending,2023-09-15T12:00:00+00:00,auto-matched
R001962,T002842,pending,2023-10-13T12:00:00+00:00,
R001963,T002844,reconciled,2023-12-25T12:00:00+00:00,auto-matched
R001964,T002846,pending,2024-02-08T12:00:00+00:00,auto-matched
R001965,T002848,disputed,2024-04-12T12:00:00+00:00,
R001966,T002849,reconciled,2024-05-03T12:00:00+00:00,auto-matched
R001967,T002850,disputed,2024-06-16T12:00:00+00:00,auto-matched
R001968,T002853,pending,2024-09-28T12:00:00+00:00,
R001969,T002855,reconciled,2024-11-07T12:00:00+00:00,auto-matched
R001970,T002857,pending,2023-01-26T12:00:00+00:00,auto-matched
R001971,T002859,disputed,2023-03-03T12:00:00+00:00,
R001972,T002860,pending,2023-04-22T12:00:00+00:00,auto-matched
R001973,T002863,disputed,2023-07-23T12:00:00+00:00,auto-matched
R001974,T002864,pending,2023-08-04T12:00:00+00:00,
R001975,T002865,pending,2023-09-08T12:00:00+00:00,auto-matched
R001976,T002866,disputed,2023-10-04T12:00:00+00:00,auto-matched
R001977,T002867,pending,2023-11-05T12:00:00+00:00,
R001978,T002868,pending,2023-12-19T12:00:00+00:00,auto-matched
R001979,T002869,disputed,2024-01-15T12:00:00+00:00,auto-matched
R001980,T002871,reconciled,2024-03-18T12:00:00+00:00,
R001981,T002872,pending,2024-04-03T12:00:00+00:00,auto-matched
R001982,T002873,reconciled,2024-05-20T12:00:00+00:00,auto-matched
R001983,T002874,reconciled,2024-06-01T12:00:00+00:00,
R001984,T002876,disputed,2024-08-24T12:00:00+00:00,auto-matched
R001985,T002879,pending,2024-11-21T12:00:00+00:00,auto-matched
R001986,T002884,disputed,2023-04-28T12:00:00+00:00,
R001987,T002886,reconciled,2023-06-21T12:00:00+00:00,auto-matched
R001988,T002887,disputed,2023-07-18T12:00:00+00:00,auto-matched
R001989,T002888,pending,2023-08-14T12:00:00+00:00,
R001990,T002889,disputed,2023-09-16T12:00:00+00:00,auto-matched
R001991,T002890,reconciled,2023-10-07T12:00:00+00:00,auto-matched
R001992,T002891,disputed,2023-11-05T12:00:00+00:00,
R001993,T002892,reconciled,2023-12-05T12:00:00+00:00,auto-matched
R001994,T002893,disputed,2024-01-20T12:00:00+00:00,auto-matched
R001995,T002895,disputed,2024-03-01T12:00:00+00:00,
R001996,T002896,reconciled,2024-04-08T12:00:00+00:00,auto-matched
R001997,T002898,reconciled,2024-06-30T12:00:00+00:00,auto-matched
R001998,T002900,disputed,2024-08-30T12:00:00+00:00,
R001999,T002901,pending,2024-09-12T12:00:00+00:00,auto-matched
R002000,T002903,reconciled,2024-11-28T12:00:00+00:00,auto-matched
R002001,T002904,pending,2024-12-25T12:00:00+00:00,
R002002,T002906,pending,2023-02-22T12:00:00+00:00,auto-matched
R002003,T002907,reconciled,2023-03-29T12:00:00+00:00,auto-matched
R002004,T002908,disputed,2023-04-05T12:00:00+00:00,
R002005,T002909,reconciled,2023-05-06T12:00:00+00:00,auto-matched
R002006,T002910,reconciled,2023-06-01T12:00:00+00:00,auto-matched
R002007,T002912,pending,2023-08-12T12:00:00+00:00,
R002008,T002913,reconciled,2023-09-09T12:00:00+00:00,auto-matched
R002009,T002914,reconciled,2023-10-17T12:00:00+00:00,auto-matched
R002010,T002917,pending,2024-01-22T12:00:00+00:00,
R002011,T002918,reconciled,2024-02-11T12:00:00+00:00,auto-matched
R002012,T002919,disputed,2024-03-05T12:00:00+00:00,auto-matched
R002013,T002920,disputed,2024-04-04T12:00:00+00:00,
R002014,T002922,disputed,2024-06-19T12:00:00+00:00,auto-matched
R002015,T002924,pending,2024-08-13T12:00:00+00:00,auto-matched
R002016,T002926,pending,2024-10-21T12:00:00+00:00,
R002017,T002930,reconciled,2023-02-27T12:00:00+00:00,auto-matched
R002018,T002932,pending,2023-04-01T12:00:00+00:00,auto-matched
R002019,T002933,disputed,2023-05-13T12:00:00+00:00,
R002020,T002935,pending,2023-07-08T12:00:00+00:00,auto-matched
R002021,T002936,pending,2023-08-25T12:00:00+00:00,auto-matched
R002022,T002937,pending,2023-09-25T12:00:00+00:00,
R002023,T002939,reconciled,2023-11-30T12:00:00+00:00,auto-matched
R002024,T002940,pending,2023-12-02T12:00:00+00:00,auto-matched
R002025,T002942,pending,2024-02-03T12:00:00+00:00,
R002026,T002943,reconciled,2024-03-07T12:00:00+00:00,auto-matched
R002027,T002944,pending,2024-04-01T12:00:00+00:00,auto-matched
R002028,T002945,disputed,2024-05-05T12:00:00+00:00,
R002029,T002947,pending,2024-07-17T12:00:00+00:00,auto-matched
R002030,T002948,reconciled,2024-08-21T12:00:00+00:00,auto-matched
R002031,T002949,reconciled,2024-09-22T12:00:00+00:00,
R002032,T002950,reconciled,2024-10-07T12:00:00+00:00,auto-matched
R002033,T002951,disputed,2024-11-09T12:00:00+00:00,auto-matched
R002034,T002952,disputed,2024-12-13T12:00:00+00:00,
R002035,T002953,pending,2023-01-24T12:00:00+00:00,auto-matched
R002036,T002954,reconciled,2023-02-18T12:00:00+00:00,auto-matched
R002037,T002955,disputed,2023-03-14T12:00:00+00:00,
R002038,T002956,pending,2023-04-09T12:00:00+00:00,auto-matched
R002039,T002957,disputed,2023-05-24T12:00:00+00:00,auto-matched
R002040,T002958,pending,2023-06-15T12:00:00+00:00,
R002041,T002959,pending,2023-07-23T12:00:00+00:00,auto-matched
R002042,T002962,disputed,2023-10-14T12:00:00+00:00,auto-matched
R002043,T002963,pending,2023-11-23T12:00:00+00:00,
R002044,T002964,reconciled,2023-12-18T12:00:00+00:00,auto-matched
R002045,T002966,disputed,2024-02-02T12:00:00+00:00,auto-matched
R002046,T002967,reconciled,2024-03-16T12:00:00+00:00,
R002047,T002971,reconciled,2024-07-26T12:00:00+00:00,auto-matched
R002048,T002972,disputed,2024-08-15T12:00:00+00:00,auto-matched
R002049,T002973,pending,2024-09-14T12:00:00+00:00,
R002050,T002975,pending,2024-11-27T12:00:00+00:00,auto-matched
R002051,T002976,disputed,2024-12-25T12:00:00+00:00,auto-matched
R002052,T002978,disputed,2023-02-19T12:00:00+00:00,
R002053,T002979,pending,2023-03-06T12:00:00+00:00,auto-matched
R002054,T002980,reconciled,2023-04-03T12:00:00+00:00,auto-matched
R002055,T002982,pending,2023-06-21T12:00:00+00:00,
R002056,T002984,reconciled,2023-08-30T12:00:00+00:00,auto-matched
R002057,T002985,disputed,2023-09-27T12:00:00+00:00,auto-matched
R002058,T002986,disputed,2023-10-29T12:00:00+00:00,
R002059,T002987,reconciled,2023-11-29T12:00:00+00:00,auto-matched
R002060,T002988,pending,2023-12-11T12:00:00+00:00,auto-matched
R002061,T002989,pending,2024-01-04T12:00:00+00:00,
R002062,T002991,pending,2024-03-05T12:00:00+00:00,auto-matched
R002063,T002992,pending,2024-04-26T12:00:00+00:00,auto-matched
R002064,T002994,pending,2024-06-04T12:00:00+00:00,
R002065,T002995,pending,2024-07-06T12:00:00+00:00,auto-matched
R002066,T002996,pending,2024-08-16T12:00:00+00:00,auto-matched
R002067,T002999,disputed,2024-11-13T12:00:00+00:00,
R002068,T003000,reconciled,2024-12-14T12:00:00+00:00,auto-matched
R002069,T003001,disputed,2023-01-06T12:00:00+00:00,auto-matched
R002070,T003005,pending,2023-05-01T12:00:00+00:00,
R002071,T003007,disputed,2023-07-14T12:00:00+00:00,auto-matched
R002072,T003008,pending,2023-08-28T12:00:00+00:00,auto-matched
R002073,T003010,disputed,2023-10-10T12:00:00+00:00,
R002074,T003011,reconciled,2023-11-20T12:00:00+00:00,auto-matched
R002075,T003012,reconciled,2023-12-11T12:00:00+00:00,auto-matched
R002076,T003013,disputed,2024-01-01T12:00:00+00:00,
R002077,T003014,reconciled,2024-02-27T12:00:00+00:00,auto-matched
R002078,T003015,pending,2024-03-02T12:00:00+00:00,auto-matched
R002079,T003018,pending,2024-06-05T12:00:00+00:00,
R002080,T003023,pending,2024-11-20T12:00:00+00:00,auto-matched
R002081,T003025,reconciled,2023-01-11T12:00:00+00:00,auto-matched
R002082,T003032,pending,2023-08-05T12:00:00+00:00,
R002083,T003034,disputed,2023-10-20T12:00:00+00:00,auto-matched
R002084,T003037,reconciled,2024-01-29T12:00:00+00:00,auto-matched
R002085,T003039,reconciled,2024-03-27T12:00:00+00:00,
R002086,T003040,reconciled,2024-04-20T12:00:00+00:00,auto-matched
R002087,T003041,disputed,2024-05-17T12:00:00+00:00,auto-matched
R002088,T003042,reconciled,2024-06-17T12:00:00+00:00,
R002089,T003043,reconciled,2024-07-14T12:00:00+00:00,auto-matched
R002090,T003044,reconciled,2024-08-28T12:00:00+00:00,auto-matched
R002091,T003045,reconciled,2024-09-21T12:00:00+00:00,
R002092,T003046,reconciled,2024-10-01T12:00:00+00:00,auto-matched
R002093,T003047,reconciled,2024-11-08T12:00:00+00:00,auto-matched
R002094,T003048,disputed,2024-12-11T12:00:00+00:00,
R002095,T003049,pending,2023-01-10T12:00:00+00:00,auto-matched
R002096,T003051,disputed,2023-03-05T12:00:00+00:00,auto-matched
R002097,T003052,reconciled,2023-04-22T12:00:00+00:00,
R002098,T003053,pending,2023-05-01T12:00:00+00:00,auto-matched
R002099,T003054,pending,2023-06-06T12:00:00+00:00,auto-matched
R002100,T003055,reconciled,2023-07-24T12:00:00+00:00,
R002101,T003056,pending,2023-08-11T12:00:00+00:00,auto-matched
R002102,T003059,reconciled,2023-11-04T12:00:00+00:00,auto-matched
R002103,T003061,disputed,2024-01-25T12:00:00+00:00,
R002104,T003065,disputed,2024-05-13T12:00:00+00:00,auto-matched
R002105,T003066,disputed,2024-06-04T12:00:00+00:00,auto-matched
R002106,T003068,pending,2024-08-16T12:00:00+00:00,
R002107,T003070,pending,2024-10-18T12:00:00+00:00,auto-matched
R002108,T003071,disputed,2024-11-08T12:00:00+00:00,auto-matched
R002109,T003072,disputed,2024-12-27T12:00:00+00:00,
R002110,T003073,disputed,2023-01-23T12:00:00+00:00,auto-matched
R002111,T003074,disputed,2023-02-27T12:00:00+00:00,auto-matched
R002112,T003076,disputed,2023-04-25T12:00:00+00:00,
R002113,T003077,reconciled,2023-05-01T12:00:00+00:00,auto-matched
R002114,T003079,pending,2023-07-10T12:00:00+00:00,auto-matched
R002115,T003081,disputed,2023-09-18T12:00:00+00:00,
R002116,T003083,disputed,2023-11-30T12:00:00+00:00,auto-matched
R002117,T003084,reconciled,2023-12-18T12:00:00+00:00,auto-matched
R002118,T003085,pending,2024-01-10T12:00:00+00:00,
R002119,T003086,reconciled,2024-02-25T12:00:00+00:00,auto-matched
R002120,T003087,reconciled,2024-03-07T12:00:00+00:00,auto-matched
R002121,T003088,reconciled,2024-04-14T12:00:00+00:00,
R002122,T003089,disputed,2024-05-20T12:00:00+00:00,auto-matched
R002123,T003090,pending,2024-06-10T12:00:00+00:00,auto-matched
R002124,T003093,reconciled,2024-09-13T12:00:00+00:00,
R002125,T003094,reconciled,2024-10-28T12:00:00+00:00,auto-matched
R002126,T003095,pending,2024-11-03T12:00:00+00:00,auto-matched
R002127,T003096,disputed,2024-12-16T12:00:00+00:00,
R002128,T003097,pending,2023-01-29T12:00:00+00:00,auto-matched
R002129,T003098,pending,2023-02-20T12:00:00+00:00,auto-matched
R002130,T003100,disputed,2023-04-10T12:00:00+00:00,
R002131,T003101,pending,2023-05-03T12:00:00+00:00,auto-matched
R002132,T003102,reconciled,2023-06-15T12:00:00+00:00,auto-matched
R002133,T003105,disputed,2023-09-23T12:00:00+00:00,
R002134,T003106,disputed,2023-10-22T12:00:00+00:00,auto-matched
R002135,T003108,reconciled,2023-12-10T12:00:00+00:00,auto-matched
R002136,T003109,pending,2024-01-03T12:00:00+00:00,
R002137,T003111,reconciled,2024-03-19T12:00:00+00:00,auto-matched
R002138,T003112,pending,2024-04-09T12:00:00+00:00,auto-matched
R002139,T003113,disputed,2024-05-05T12:00:00+00:00,
R002140,T003114,reconciled,2024-06-09T12:00:00+00:00,auto-matched
R002141,T003115,disputed,2024-07-25T12:00:00+00:00,auto-matched
R002142,T003116,disputed,2024-08-25T12:00:00+00:00,
R002143,T003117,reconciled,2024-09-27T12:00:00+00:00,auto-matched
R002144,T003118,disputed,2024-10-06T12:00:00+00:00,auto-matched
R002145,T003119,disputed,2024-11-05T12:00:00+00:00,
R002146,T003120,reconciled,2024-12-25T12:00:00+00:00,auto-matched
R002147,T003121,reconciled,2023-01-30T12:00:00+00:00,auto-matched
R002148,T003122,disputed,2023-02-04T12:00:00+00:00,
R002149,T003123,reconciled,2023-03-04T12:00:00+00:00,auto-matched
R002150,T003125,pending,2023-05-21T12:00:00+00:00,auto-matched
R002151,T003126,reconciled,2023-06-14T12:00:00+00:00,
R002152,T003128,pending,2023-08-06T12:00:00+00:00,auto-matched
R002153,T003131,reconciled,2023-11-27T12:00:00+00:00,auto-matched
R002154,T003132,reconciled,2023-12-30T12:00:00+00:00,
R002155,T003133,reconciled,2024-01-09T12:00:00+00:00,auto-matched
R002156,T003134,pending,2024-02-11T12:00:00+00:00,auto-matched
R002157,T003135,disputed,2024-03-05T12:00:00+00:00,
R002158,T003138,disputed,2024-06-09T12:00:00+00:00,auto-matched
R002159,T003139,pending,2024-07-06T12:00:00+00:00,auto-matched
R002160,T003141,pending,2024-09-04T12:00:00+00:00,
R002161,T003146,reconciled,2023-02-25T12:00:00+00:00,auto-matched
R002162,T003147,pending,2023-03-13T12:00:00+00:00,auto-matched
R002163,T003149,disputed,2023-05-25T12:00:00+00:00,
R002164,T003150,reconciled,2023-06-29T12:00:00+00:00,auto-matched
R002165,T003152,pending,2023-08-22T12:00:00+00:00,auto-matched
R002166,T003154,pending,2023-10-18T12:00:00+00:00,
R002167,T003155,reconciled,2023-11-18T12:00:00+00:00,auto-matched
R002168,T003156,disputed,2023-12-10T12:00:00+00:00,auto-matched
R002169,T003157,reconciled,2024-01-08T12:00:00+00:00,
R002170,T003160,pending,2024-04-28T12:00:00+00:00,auto-matched
R002171,T003161,pending,2024-05-05T12:00:00+00:00,auto-matched
R002172,T003162,reconciled,2024-06-08T12:00:00+00:00,
R002173,T003164,reconciled,2024-08-04T12:00:00+00:00,auto-matched
R002174,T003165,pending,2024-09-21T12:00:00+00:00,auto-matched
R002175,T003166,pending,2024-10-26T12:00:00+00:00,
R002176,T003167,pending,2024-11-20T12:00:00+00:00,auto-matched
R002177,T003169,disputed,2023-01-04T12:00:00+00:00,auto-matched
R002178,T003170,disputed,2023-02-11T12:00:00+00:00,
R002179,T003171,reconciled,2023-03-26T12:00:00+00:00,auto-matched
R002180,T003172,reconciled,2023-04-01T12:00:00+00:00,auto-matched
R002181,T003174,reconciled,2023-06-29T12:00:00+00:00,
R002182,T003175,disputed,2023-07-24T12:00:00+00:00,auto-matched
R002183,T003176,disputed,2023-08-09T12:00:00+00:00,auto-matched
R002184,T003179,disputed,2023-11-18T12:00:00+00:00,
R002185,T003180,reconciled,2023-12-06T12:00:00+00:00,auto-matched
R002186,T003181,disputed,2024-01-31T12:00:00+00:00,auto-matched
R002187,T003182,disputed,2024-02-13T12:00:00+00:00,
R002188,T003184,reconciled,2024-04-15T12:00:00+00:00,auto-matched
R002189,T003185,reconciled,2024-05-28T12:00:00+00:00,auto-matched
R002190,T003186,reconciled,2024-06-22T12:00:00+00:00,
R002191,T003187,disputed,2024-07-19T12:00:00+00:00,auto-matched
R002192,T003188,pending,2024-08-13T12:00:00+00:00,auto-matched
R002193,T003189,disputed,2024-09-15T12:00:00+00:00,
R002194,T003190,pending,2024-10-01T12:00:00+00:00,auto-matched
R002195,T003191,pending,2024-11-12T12:00:00+00:00,auto-matched
R002196,T003192,disputed,2024-12-15T12:00:00+00:00,
R002197,T003194,disputed,2023-02-21T12:00:00+00:00,auto-matched
R002198,T003195,disputed,2023-03-07T12:00:00+00:00,auto-matched
R002199,T003198,disputed,2023-06-17T12:00:00+00:00,
R002200,T003199,pending,2023-07-01T12:00:00+00:00,auto-matched
R002201,T003201,pending,2023-09-05T12:00:00+00:00,auto-matched
R002202,T003202,disputed,2023-10-18T12:00:00+00:00,
R002203,T003203,reconciled,2023-11-04T12:00:00+00:00,auto-matched
R002204,T003204,reconciled,2023-12-02T12:00:00+00:00,auto-matched
R002205,T003206,pending,2024-02-05T12:00:00+00:00,
R002206,T003209,pending,2024-05-27T12:00:00+00:00,auto-matched
R002207,T003210,reconciled,2024-06-04T12:00:00+00:00,auto-matched
R002208,T003211,pending,2024-07-11T12:00:00+00:00,
R002209,T003212,pending,2024-08-17T12:00:00+00:00,auto-matched
R002210,T003213,reconciled,2024-09-27T12:00:00+00:00,auto-matched
R002211,T003214,reconciled,2024-10-04T12:00:00+00:00,
R002212,T003215,pending,2024-11-02T12:00:00+00:00,auto-matched
R002213,T003216,reconciled,2024-12-28T12:00:00+00:00,auto-matched
R002214,T003217,disputed,2023-01-29T12:00:00+00:00,
R002215,T003219,pending,2023-03-05T12:00:00+00:00,auto-matched
R002216,T003221,pending,2023-05-24T12:00:00+00:00,auto-matched
R002217,T003222,pending,2023-06-15T12:00:00+00:00,
R002218,T003224,pending,2023-08-10T12:00:00+00:00,auto-matched
R002219,T003226,reconciled,2023-10-01T12:00:00+00:00,auto-matched
R002220,T003227,reconciled,2023-11-07T12:00:00+00:00,
R002221,T003228,reconciled,2023-12-11T12:00:00+00:00,auto-matched
R002222,T003230,reconciled,2024-02-16T12:00:00+00:00,auto-matched
R002223,T003233,pending,2024-05-31T12:00:00+00:00,
R002224,T003235,pending,2024-07-28T12:00:00+00:00,auto-matched
R002225,T003237,pending,2024-09-21T12:00:00+00:00,auto-matched
R002226,T003239,pending,2024-11-20T12:00:00+00:00,
R002227,T003240,disputed,2024-12-18T12:00:00+00:00,auto-matched
R002228,T003241,pending,2023-01-22T12:00:00+00:00,auto-matched
R002229,T003244,reconciled,2023-04-07T12:00:00+00:00,
R002230,T003245,reconciled,2023-05-17T12:00:00+00:00,auto-matched
R002231,T003246,disputed,2023-06-02T12:00:00+00:00,auto-matched
R002232,T003247,pending,2023-07-28T12:00:00+00:00,
R002233,T003248,pending,2023-08-06T12:00:00+00:00,auto-matched
R002234,T003249,reconciled,2023-09-29T12:00:00+00:00,auto-matched
R002235,T003250,pending,2023-10-23T12:00:00+00:00,
R002236,T003252,reconciled,2023-12-07T12:00:00+00:00,auto-matched
R002237,T003253,pending,2024-01-15T12:00:00+00:00,auto-matched
R002238,T003254,reconciled,2024-02-11T12:00:00+00:00,
R002239,T003256,disputed,2024-04-22T12:00:00+00:00,auto-matched
R002240,T003257,reconciled,2024-05-17T12:00:00+00:00,auto-matched
R002241,T003258,disputed,2024-06-19T12:00:00+00:00,
R002242,T003260,pending,2024-08-07T12:00:00+00:00,auto-matched
R002243,T003261,pending,2024-09-26T12:00:00+00:00,auto-matched
R002244,T003264,disputed,2024-12-21T12:00:00+00:00,
R002245,T003265,reconciled,2023-01-13T12:00:00+00:00,auto-matched
R002246,T003267,reconciled,2023-03-02T12:00:00+00:00,auto-matched
R002247,T003268,pending,2023-04-30T12:00:00+00:00,
R002248,T003269,pending,2023-05-01T12:00:00+00:00,auto-matched
R002249,T003270,pending,2023-06-18T12:00:00+00:00,auto-matched
R002250,T003271,reconciled,2023-07-23T12:00:00+00:00,
R002251,T003273,pending,2023-09-25T12:00:00+00:00,auto-matched
R002252,T003275,reconciled,2023-11-02T12:00:00+00:00,auto-matched
R002253,T003276,pending,2023-12-31T12:00:00+00:00,
R002254,T003278,pending,2024-02-28T12:00:00+00:00,auto-matched
R002255,T003280,pending,2024-04-08T12:00:00+00:00,auto-matched
R002256,T003281,disputed,2024-05-29T12:00:00+00:00,
R002257,T003282,reconciled,2024-06-08T12:00:00+00:00,auto-matched
R002258,T003285,disputed,2024-09-15T12:00:00+00:00,auto-matched
R002259,T003286,disputed,2024-10-15T12:00:00+00:00,
R002260,T003287,reconciled,2024-11-19T12:00:00+00:00,auto-matched
R002261,T003289,reconciled,2023-01-26T12:00:00+00:00,auto-matched
R002262,T003290,reconciled,2023-02-15T12:00:00+00:00,
R002263,T003292,pending,2023-04-16T12:00:00+00:00,auto-matched
R002264,T003294,reconciled,2023-06-23T12:00:00+00:00,auto-matched
R002265,T003295,reconciled,2023-07-21T12:00:00+00:00,
R002266,T003297,reconciled,2023-09-26T12:00:00+00:00,auto-matched
R002267,T003298,pending,2023-10-03T12:00:00+00:00,auto-matched
R002268,T003300,pending,2023-12-07T12:00:00+00:00,
R002269,T003301,reconciled,2024-01-05T12:00:00+00:00,auto-matched
R002270,T003302,reconciled,2024-02-26T12:00:00+00:00,auto-matched
R002271,T003303,reconciled,2024-03-04T12:00:00+00:00,
R002272,T003305,reconciled,2024-05-07T12:00:00+00:00,auto-matched
R002273,T003307,reconciled,2024-07-13T12:00:00+00:00,auto-matched
R002274,T003308,reconciled,2024-08-15T12:00:00+00:00,
R002275,T003309,pending,2024-09-05T12:00:00+00:00,auto-matched
R002276,T003310,disputed,2024-10-18T12:00:00+00:00,auto-matched
R002277,T003312,disputed,2024-12-28T12:00:00+00:00,
R002278,T003316,disputed,2023-04-27T12:00:00+00:00,auto-matched
R002279,T003318,disputed,2023-06-28T12:00:00+00:00,auto-matched
R002280,T003320,pending,2023-08-14T12:00:00+00:00,
R002281,T003322,reconciled,2023-10-29T12:00:00+00:00,auto-matched
R002282,T003323,disputed,2023-11-03T12:00:00+00:00,auto-matched
R002283,T003324,reconciled,2023-12-29T12:00:00+00:00,
R002284,T003325,reconciled,2024-01-23T12:00:00+00:00,auto-matched
R002285,T003326,pending,2024-02-12T12:00:00+00:00,auto-matched
R002286,T003327,reconciled,2024-03-29T12:00:00+00:00,
R002287,T003328,pending,2024-04-06T12:00:00+00:00,auto-matched
R002288,T003331,reconciled,2024-07-13T12:00:00+00:00,auto-matched
R002289,T003332,reconciled,2024-08-25T12:00:00+00:00,
R002290,T003335,disputed,2024-11-12T12:00:00+00:00,auto-matched
R002291,T003336,disputed,2024-12-03T12:00:00+00:00,auto-matched
R002292,T003340,reconciled,2023-04-30T12:00:00+00:00,
R002293,T003341,disputed,2023-05-25T12:00:00+00:00,auto-matched
R002294,T003342,pending,2023-06-11T12:00:00+00:00,auto-matched
R002295,T003343,reconciled,2023-07-27T12:00:00+00:00,
R002296,T003344,reconciled,2023-08-30T12:00:00+00:00,auto-matched
R002297,T003345,pending,2023-09-19T12:00:00+00:00,auto-matched
R002298,T003348,disputed,2023-12-29T12:00:00+00:00,
R002299,T003349,disputed,2024-01-19T12:00:00+00:00,auto-matched
R002300,T003350,disputed,2024-02-25T12:00:00+00:00,auto-matched
R002301,T003353,pending,2024-05-19T12:00:00+00:00,
R002302,T003354,disputed,2024-06-09T12:00:00+00:00,auto-matched
R002303,T003355,disputed,2024-07-30T12:00:00+00:00,auto-matched
R002304,T003357,pending,2024-09-22T12:00:00+00:00,
R002305,T003358,disputed,2024-10-30T12:00:00+00:00,auto-matched
R002306,T003361,disputed,2023-01-31T12:00:00+00:00,auto-matched
R002307,T003362,disputed,2023-02-06T12:00:00+00:00,
R002308,T003365,disputed,2023-05-10T12:00:00+00:00,auto-matched
R002309,T003368,disputed,2023-08-22T12:00:00+00:00,auto-matched
R002310,T003371,reconciled,2023-11-28T12:00:00+00:00,
R002311,T003372,reconciled,2023-12-30T12:00:00+00:00,auto-matched
R002312,T003373,disputed,2024-01-11T12:00:00+00:00,auto-matched
R002313,T003374,disputed,2024-02-26T12:00:00+00:00,
R002314,T003375,disputed,2024-03-27T12:00:00+00:00,auto-matched
R002315,T003377,pending,2024-05-11T12:00:00+00:00,auto-matched
R002316,T003381,disputed,2024-09-11T12:00:00+00:00,
R002317,T003382,disputed,2024-10-07T12:00:00+00:00,auto-matched
R002318,T003383,pending,2024-11-01T12:00:00+00:00,auto-matched
R002319,T003384,disputed,2024-12-26T12:00:00+00:00,
R002320,T003385,reconciled,2023-01-09T12:00:00+00:00,auto-matched
R002321,T003386,pending,2023-02-20T12:00:00+00:00,auto-matched
R002322,T003388,pending,2023-04-26T12:00:00+00:00,
R002323,T003389,pending,2023-05-07T12:00:00+00:00,auto-matched
R002324,T003390,pending,2023-06-19T12:00:00+00:00,auto-matched
R002325,T003391,pending,2023-07-10T12:00:00+00:00,
R002326,T003393,disputed,2023-09-16T12:00:00+00:00,auto-matched
R002327,T003394,pending,2023-10-08T12:00:00+00:00,auto-matched
R002328,T003395,reconciled,2023-11-21T12:00:00+00:00,
R002329,T003396,reconciled,2023-12-06T12:00:00+00:00,auto-matched
R002330,T003397,reconciled,2024-01-31T12:00:00+00:00,auto-matched
R002331,T003398,disputed,2024-02-20T12:00:00+00:00,
R002332,T003399,reconciled,2024-03-01T12:00:00+00:00,auto-matched
R002333,T003400,disputed,2024-04-07T12:00:00+00:00,auto-matched
R002334,T003401,reconciled,2024-05-05T12:00:00+00:00,
R002335,T003402,pending,2024-06-27T12:00:00+00:00,auto-matched
R002336,T003404,pending,2024-08-18T12:00:00+00:00,auto-matched
R002337,T003405,reconciled,2024-09-20T12:00:00+00:00,
R002338,T003406,disputed,2024-10-22T12:00:00+00:00,auto-matched
R002339,T003407,disputed,2024-11-12T12:00:00+00:00,auto-matched
R002340,T003408,reconciled,2024-12-31T12:00:00+00:00,
R002341,T003409,reconciled,2023-01-09T12:00:00+00:00,auto-matched
R002342,T003410,pending,2023-02-19T12:00:00+00:00,auto-matched
R002343,T003412,reconciled,2023-04-29T12:00:00+00:00,
R002344,T003413,disputed,2023-05-07T12:00:00+00:00,auto-matched
R002345,T003415,pending,2023-07-31T12:00:00+00:00,auto-matched
R002346,T003416,pending,2023-08-21T12:00:00+00:00,
R002347,T003417,reconciled,2023-09-07T12:00:00+00:00,auto-matched
R002348,T003418,pending,2023-10-16T12:00:00+00:00,auto-matched
R002349,T003419,pending,2023-11-19T12:00:00+00:00,
R002350,T003420,disputed,2023-12-26T12:00:00+00:00,auto-matched
R002351,T003423,pending,2024-03-02T12:00:00+00:00,auto-matched
R002352,T003424,disputed,2024-04-28T12:00:00+00:00,
R002353,T003426,disputed,2024-06-17T12:00:00+00:00,auto-matched
R002354,T003427,reconciled,2024-07-25T12:00:00+00:00,auto-matched
R002355,T003428,pending,2024-08-04T12:00:00+00:00,
R002356,T003429,pending,2024-09-30T12:00:00+00:00,auto-matched
R002357,T003430,disputed,2024-10-02T12:00:00+00:00,auto-matched
R002358,T003431,pending,2024-11-11T12:00:00+00:00,
R002359,T003434,reconciled,2023-02-06T12:00:00+00:00,auto-matched
R002360,T003435,disputed,2023-03-07T12:00:00+00:00,auto-matched
R002361,T003436,disputed,2023-04-28T12:00:00+00:00,
R002362,T003437,reconciled,2023-05-30T12:00:00+00:00,auto-matched
R002363,T003438,pending,2023-06-01T12:00:00+00:00,auto-matched
R002364,T003439,reconciled,2023-07-17T12:00:00+00:00,
R002365,T003442,reconciled,2023-10-03T12:00:00+00:00,auto-matched
R002366,T003443,reconciled,2023-11-20T12:00:00+00:00,auto-matched
R002367,T003444,disputed,2023-12-14T12:00:00+00:00,
R002368,T003445,pending,2024-01-09T12:00:00+00:00,auto-matched
R002369,T003447,reconciled,2024-03-11T12:00:00+00:00,auto-matched
R002370,T003449,reconciled,2024-05-09T12:00:00+00:00,
R002371,T003450,pending,2024-06-22T12:00:00+00:00,auto-matched
R002372,T003451,disputed,2024-07-20T12:00:00+00:00,auto-matched
R002373,T003453,pending,2024-09-18T12:00:00+00:00,
R002374,T003454,pending,2024-10-08T12:00:00+00:00,auto-matched
R002375,T003455,pending,2024-11-02T12:00:00+00:00,auto-matched
R002376,T003458,pending,2023-02-24T12:00:00+00:00,
R002377,T003460,disputed,2023-04-29T12:00:00+00:00,auto-matched
R002378,T003461,disputed,2023-05-29T12:00:00+00:00,auto-matched
R002379,T003462,reconciled,2023-06-29T12:00:00+00:00,
R002380,T003463,pending,2023-07-23T12:00:00+00:00,auto-matched
R002381,T003464,reconciled,2023-08-20T12:00:00+00:00,auto-matched
R002382,T003465,disputed,2023-09-20T12:00:00+00:00,
R002383,T003466,disputed,2023-10-10T12:00:00+00:00,auto-matched
R002384,T003468,pending,2023-12-20T12:00:00+00:00,auto-matched
R002385,T003469,pending,2024-01-30T12:00:00+00:00,
R002386,T003471,disputed,2024-03-18T12:00:00+00:00,auto-matched
R002387,T003472,reconciled,2024-04-14T12:00:00+00:00,auto-matched
R002388,T003473,reconciled,2024-05-30T12:00:00+00:00,
R002389,T003475,pending,2024-07-17T12:00:00+00:00,auto-matched
R002390,T003476,pending,2024-08-20T12:00:00+00:00,auto-matched
R002391,T003478,reconciled,2024-10-03T12:00:00+00:00,
R002392,T003479,disputed,2024-11-07T12:00:00+00:00,auto-matched
R002393,T003480,disputed,2024-12-09T12:00:00+00:00,auto-matched
R002394,T003482,disputed,2023-02-01T12:00:00+00:00,
R002395,T003483,disputed,2023-03-21T12:00:00+00:00,auto-matched
R002396,T003485,disputed,2023-05-06T12:00:00+00:00,auto-matched
R002397,T003486,disputed,2023-06-02T12:00:00+00:00,
R002398,T003489,disputed,2023-09-20T12:00:00+00:00,auto-matched
R002399,T003491,reconciled,2023-11-15T12:00:00+00:00,auto-matched
R002400,T003497,disputed,2024-05-27T12:00:00+00:00,
R002401,T003499,pending,2024-07-28T12:00:00+00:00,auto-matched
R002402,T003500,disputed,2024-08-02T12:00:00+00:00,auto-matched
R002403,T003501,pending,2024-09-01T12:00:00+00:00,
R002404,T003502,disputed,2024-10-07T12:00:00+00:00,auto-matched
R002405,T003503,pending,2024-11-23T12:00:00+00:00,auto-matched
R002406,T003504,reconciled,2024-12-03T12:00:00+00:00,
R002407,T003505,reconciled,2023-01-23T12:00:00+00:00,auto-matched
R002408,T003506,reconciled,2023-02-05T12:00:00+00:00,auto-matched
R002409,T003508,reconciled,2023-04-12T12:00:00+00:00,
R002410,T003509,pending,2023-05-29T12:00:00+00:00,auto-matched
R002411,T003510,disputed,2023-06-30T12:00:00+00:00,auto-matched
R002412,T003511,reconciled,2023-07-07T12:00:00+00:00,
R002413,T003512,pending,2023-08-05T12:00:00+00:00,auto-matched
R002414,T003513,reconciled,2023-09-24T12:00:00+00:00,auto-matched
R002415,T003514,disputed,2023-10-03T12:00:00+00:00,
R002416,T003516,reconciled,2023-12-25T12:00:00+00:00,auto-matched
R002417,T003519,reconciled,2024-03-20T12:00:00+00:00,auto-matched
R002418,T003520,disputed,2024-04-18T12:00:00+00:00,
R002419,T003522,reconciled,2024-06-01T12:00:00+00:00,auto-matched
R002420,T003523,reconciled,2024-07-02T12:00:00+00:00,auto-matched
R002421,T003524,reconciled,2024-08-04T12:00:00+00:00,
R002422,T003526,reconciled,2024-10-16T12:00:00+00:00,auto-matched
R002423,T003527,reconciled,2024-11-20T12:00:00+00:00,auto-matched
R002424,T003528,reconciled,2024-12-29T12:00:00+00:00,
R002425,T003530,reconciled,2023-02-01T12:00:00+00:00,auto-matched
R002426,T003531,disputed,2023-03-27T12:00:00+00:00,auto-matched
R002427,T003532,reconciled,2023-04-07T12:00:00+00:00,
R002428,T003533,disputed,2023-05-23T12:00:00+00:00,auto-matched
R002429,T003534,reconciled,2023-06-29T12:00:00+00:00,auto-matched
R002430,T003535,reconciled,2023-07-28T12:00:00+00:00,
R002431,T003536,disputed,2023-08-29T12:00:00+00:00,auto-matched
R002432,T003537,reconciled,2023-09-03T12:00:00+00:00,auto-matched
R002433,T003539,pending,2023-11-28T12:00:00+00:00,
R002434,T003542,reconciled,2024-02-12T12:00:00+00:00,auto-matched
R002435,T003543,reconciled,2024-03-23T12:00:00+00:00,auto-matched
R002436,T003545,disputed,2024-05-13T12:00:00+00:00,
R002437,T003546,pending,2024-06-10T12:00:00+00:00,auto-matched
R002438,T003548,reconciled,2024-08-28T12:00:00+00:00,auto-matched
R002439,T003549,disputed,2024-09-27T12:00:00+00:00,
R002440,T003550,reconciled,2024-10-21T12:00:00+00:00,auto-matched
R002441,T003552,pending,2024-12-02T12:00:00+00:00,auto-matched
R002442,T003554,pending,2023-02-01T12:00:00+00:00,
R002443,T003555,disputed,2023-03-03T12:00:00+00:00,auto-matched
R002444,T003557,disputed,2023-05-24T12:00:00+00:00,auto-matched
R002445,T003558,disputed,2023-06-18T12:00:00+00:00,
R002446,T003561,pending,2023-09-28T12:00:00+00:00,auto-matched
R002447,T003562,reconciled,2023-10-26T12:00:00+00:00,auto-matched
R002448,T003563,reconciled,2023-11-21T12:00:00+00:00,
R002449,T003566,pending,2024-02-16T12:00:00+00:00,auto-matched
R002450,T003567,reconciled,2024-03-09T12:00:00+00:00,auto-matched
R002451,T003570,disputed,2024-06-30T12:00:00+00:00,
R002452,T003573,reconciled,2024-09-04T12:00:00+00:00,auto-matched
R002453,T003574,disputed,2024-10-01T12:00:00+00:00,auto-matched
R002454,T003576,pending,2024-12-02T12:00:00+00:00,
R002455,T003577,reconciled,2023-01-13T12:00:00+00:00,auto-matched
R002456,T003578,pending,2023-02-22T12:00:00+00:00,auto-matched
R002457,T003579,pending,2023-03-29T12:00:00+00:00,
R002458,T003583,pending,2023-07-15T12:00:00+00:00,auto-matched
R002459,T003584,disputed,2023-08-28T12:00:00+00:00,auto-matched
R002460,T003585,pending,2023-09-27T12:00:00+00:00,
R002461,T003587,disputed,2023-11-15T12:00:00+00:00,auto-matched
R002462,T003592,disputed,2024-04-16T12:00:00+00:00,auto-matched
R002463,T003593,reconciled,2024-05-24T12:00:00+00:00,
R002464,T003594,disputed,2024-06-28T12:00:00+00:00,auto-matched
R002465,T003595,disputed,2024-07-26T12:00:00+00:00,auto-matched
R002466,T003596,reconciled,2024-08-18T12:00:00+00:00,
R002467,T003597,pending,2024-09-10T12:00:00+00:00,auto-matched
R002468,T003599,disputed,2024-11-02T12:00:00+00:00,auto-matched
R002469,T003600,disputed,2024-12-29T12:00:00+00:00,
R002470,T003601,disputed,2023-01-13T12:00:00+00:00,auto-matched
R002471,T003602,reconciled,2023-02-03T12:00:00+00:00,auto-matched
R002472,T003605,pending,2023-05-14T12:00:00+00:00,
R002473,T003607,disputed,2023-07-27T12:00:00+00:00,auto-matched
R002474,T003608,pending,2023-08-27T12:00:00+00:00,auto-matched
R002475,T003613,disputed,2024-01-01T12:00:00+00:00,
R002476,T003614,reconciled,2024-02-16T12:00:00+00:00,auto-matched
R002477,T003615,disputed,2024-03-03T12:00:00+00:00,auto-matched
R002478,T003617,disputed,2024-05-28T12:00:00+00:00,
R002479,T003619,reconciled,2024-07-07T12:00:00+00:00,auto-matched
R002480,T003620,reconciled,2024-08-16T12:00:00+00:00,auto-matched
R002481,T003621,disputed,2024-09-02T12:00:00+00:00,
R002482,T003623,pending,2024-11-09T12:00:00+00:00,auto-matched
R002483,T003625,reconciled,2023-01-13T12:00:00+00:00,auto-matched
R002484,T003626,disputed,2023-02-24T12:00:00+00:00,
R002485,T003627,pending,2023-03-17T12:00:00+00:00,auto-matched
R002486,T003629,reconciled,2023-05-19T12:00:00+00:00,auto-matched
R002487,T003630,disputed,2023-06-07T12:00:00+00:00,
R002488,T003631,pending,2023-07-25T12:00:00+00:00,auto-matched
R002489,T003632,disputed,2023-08-03T12:00:00+00:00,auto-matched
R002490,T003633,reconciled,2023-09-25T12:00:00+00:00,
R002491,T003635,disputed,2023-11-17T12:00:00+00:00,auto-matched
R002492,T003636,reconciled,2023-12-03T12:00:00+00:00,auto-matched
R002493,T003637,reconciled,2024-01-17T12:00:00+00:00,
R002494,T003638,disputed,2024-02-18T12:00:00+00:00,auto-matched
R002495,T003639,reconciled,2024-03-05T12:00:00+00:00,auto-matched
R002496,T003640,pending,2024-04-12T12:00:00+00:00,
R002497,T003641,disputed,2024-05-24T12:00:00+00:00,auto-matched
R002498,T003642,reconciled,2024-06-17T12:00:00+00:00,auto-matched
R002499,T003643,reconciled,2024-07-12T12:00:00+00:00,
R002500,T003644,disputed,2024-08-17T12:00:00+00:00,auto-matched
R002501,T003646,reconciled,2024-10-25T12:00:00+00:00,auto-matched
R002502,T003648,reconciled,2024-12-10T12:00:00+00:00,
R002503,T003649,reconciled,2023-01-02T12:00:00+00:00,auto-matched
R002504,T003650,pending,2023-02-19T12:00:00+00:00,auto-matched
R002505,T003653,pending,2023-05-10T12:00:00+00:00,
R002506,T003654,reconciled,2023-06-27T12:00:00+00:00,auto-matched
R002507,T003655,reconciled,2023-07-01T12:00:00+00:00,auto-matched
R002508,T003656,pending,2023-08-02T12:00:00+00:00,
R002509,T003657,pending,2023-09-02T12:00:00+00:00,auto-matched
R002510,T003658,disputed,2023-10-10T12:00:00+00:00,auto-matched
R002511,T003659,reconciled,2023-11-12T12:00:00+00:00,
R002512,T003660,pending,2023-12-08T12:00:00+00:00,auto-matched
R002513,T003661,pending,2024-01-31T12:00:00+00:00,auto-matched
R002514,T003662,reconciled,2024-02-04T12:00:00+00:00,
R002515,T003664,disputed,2024-04-20T12:00:00+00:00,auto-matched
R002516,T003665,pending,2024-05-06T12:00:00+00:00,auto-matched
R002517,T003668,pending,2024-08-10T12:00:00+00:00,
R002518,T003669,disputed,2024-09-25T12:00:00+00:00,auto-matched
R002519,T003671,reconciled,2024-11-10T12:00:00+00:00,auto-matched
R002520,T003673,pending,2023-01-17T12:00:00+00:00,
R002521,T003674,reconciled,2023-02-23T12:00:00+00:00,auto-matched
R002522,T003675,pending,2023-03-30T12:00:00+00:00,auto-matched
R002523,T003676,reconciled,2023-04-18T12:00:00+00:00,
R002524,T003677,pending,2023-05-25T12:00:00+00:00,auto-matched
R002525,T003678,reconciled,2023-06-09T12:00:00+00:00,auto-matched
R002526,T003679,pending,2023-07-20T12:00:00+00:00,
R002527,T003680,reconciled,2023-08-01T12:00:00+00:00,auto-matched
R002528,T003681,disputed,2023-09-03T12:00:00+00:00,auto-matched
R002529,T003682,reconciled,2023-10-22T12:00:00+00:00,
R002530,T003683,pending,2023-11-11T12:00:00+00:00,auto-matched
R002531,T003684,reconciled,2023-12-23T12:00:00+00:00,auto-matched
R002532,T003687,disputed,2024-03-07T12:00:00+00:00,
R002533,T003692,reconciled,2024-08-31T12:00:00+00:00,auto-matched
R002534,T003693,reconciled,2024-09-12T12:00:00+00:00,auto-matched
R002535,T003694,pending,2024-10-05T12:00:00+00:00,
R002536,T003695,reconciled,2024-11-24T12:00:00+00:00,auto-matched
R002537,T003696,reconciled,2024-12-21T12:00:00+00:00,auto-matched
R002538,T003697,disputed,2023-01-24T12:00:00+00:00,
R002539,T003700,pending,2023-04-17T12:00:00+00:00,auto-matched
R002540,T003701,reconciled,2023-05-30T12:00:00+00:00,auto-matched
R002541,T003703,pending,2023-07-16T12:00:00+00:00,
R002542,T003704,pending,2023-08-25T12:00:00+00:00,auto-matched
R002543,T003705,reconciled,2023-09-22T12:00:00+00:00,auto-matched
R002544,T003706,reconciled,2023-10-17T12:00:00+00:00,
R002545,T003710,reconciled,2024-02-16T12:00:00+00:00,auto-matched
R002546,T003711,disputed,2024-03-01T12:00:00+00:00,auto-matched
R002547,T003714,reconciled,2024-06-16T12:00:00+00:00,
R002548,T003715,disputed,2024-07-13T12:00:00+00:00,auto-matched
R002549,T003716,reconciled,2024-08-28T12:00:00+00:00,auto-matched
R002550,T003718,reconciled,2024-10-01T12:00:00+00:00,
R002551,T003719,pending,2024-11-16T12:00:00+00:00,auto-matched
R002552,T003720,disputed,2024-12-07T12:00:00+00:00,auto-matched
R002553,T003721,pending,2023-01-28T12:00:00+00:00,
R002554,T003722,disputed,2023-02-23T12:00:00+00:00,auto-matched
R002555,T003723,pending,2023-03-09T12:00:00+00:00,auto-matched
R002556,T003724,pending,2023-04-21T12:00:00+00:00,
R002557,T003725,disputed,2023-05-09T12:00:00+00:00,auto-matched
R002558,T003727,pending,2023-07-05T12:00:00+00:00,auto-matched
R002559,T003728,pending,2023-08-21T12:00:00+00:00,
R002560,T003729,disputed,2023-09-01T12:00:00+00:00,auto-matched
R002561,T003730,pending,2023-10-02T12:00:00+00:00,auto-matched
R002562,T003731,disputed,2023-11-04T12:00:00+00:00,
R002563,T003733,disputed,2024-01-06T12:00:00+00:00,auto-matched
R002564,T003734,reconciled,2024-02-29T12:00:00+00:00,auto-matched
R002565,T003735,reconciled,2024-03-26T12:00:00+00:00,
R002566,T003736,disputed,2024-04-03T12:00:00+00:00,auto-matched
R002567,T003737,pending,2024-05-11T12:00:00+00:00,auto-matched
R002568,T003739,pending,2024-07-09T12:00:00+00:00,
R002569,T003740,pending,2024-08-18T12:00:00+00:00,auto-matched
R002570,T003741,disputed,2024-09-14T12:00:00+00:00,auto-matched
R002571,T003744,reconciled,2024-12-10T12:00:00+00:00,
R002572,T003745,reconciled,2023-01-14T12:00:00+00:00,auto-matched
R002573,T003746,disputed,2023-02-14T12:00:00+00:00,auto-matched
R002574,T003747,disputed,2023-03-29T12:00:00+00:00,
R002575,T003748,pending,2023-04-03T12:00:00+00:00,auto-matched
R002576,T003750,pending,2023-06-02T12:00:00+00:00,auto-matched
R002577,T003751,disputed,2023-07-24T12:00:00+00:00,
R002578,T003752,reconciled,2023-08-12T12:00:00+00:00,auto-matched
R002579,T003754,disputed,2023-10-24T12:00:00+00:00,auto-matched
R002580,T003755,disputed,2023-11-06T12:00:00+00:00,
R002581,T003756,pending,2023-12-20T12:00:00+00:00,auto-matched
R002582,T003759,disputed,2024-03-01T12:00:00+00:00,auto-matched
R002583,T003760,reconciled,2024-04-26T12:00:00+00:00,
R002584,T003762,reconciled,2024-06-28T12:00:00+00:00,auto-matched
R002585,T003763,reconciled,2024-07-26T12:00:00+00:00,auto-matched
R002586,T003765,disputed,2024-09-27T12:00:00+00:00,
R002587,T003768,reconciled,2024-12-14T12:00:00+00:00,auto-matched
R002588,T003769,reconciled,2023-01-15T12:00:00+00:00,auto-matched
R002589,T003770,disputed,2023-02-23T12:00:00+00:00,
R002590,T003772,disputed,2023-04-03T12:00:00+00:00,auto-matched
R002591,T003773,disputed,2023-05-05T12:00:00+00:00,auto-matched
R002592,T003775,reconciled,2023-07-03T12:00:00+00:00,
R002593,T003776,pending,2023-08-17T12:00:00+00:00,auto-matched
R002594,T003777,reconciled,2023-09-24T12:00:00+00:00,auto-matched
R002595,T003778,disputed,2023-10-12T12:00:00+00:00,
R002596,T003781,disputed,2024-01-27T12:00:00+00:00,auto-matched
R002597,T003782,disputed,2024-02-16T12:00:00+00:00,auto-matched
R002598,T003786,disputed,2024-06-12T12:00:00+00:00,
R002599,T003787,reconciled,2024-07-14T12:00:00+00:00,auto-matched
R002600,T003789,pending,2024-09-04T12:00:00+00:00,auto-matched
R002601,T003790,disputed,2024-10-14T12:00:00+00:00,
R002602,T003791,pending,2024-11-17T12:00:00+00:00,auto-matched
R002603,T003793,pending,2023-01-14T12:00:00+00:00,auto-matched
R002604,T003794,pending,2023-02-22T12:00:00+00:00,
R002605,T003796,pending,2023-04-27T12:00:00+00:00,auto-matched
R002606,T003800,disputed,2023-08-13T12:00:00+00:00,auto-matched
R002607,T003804,reconciled,2023-12-26T12:00:00+00:00,
R002608,T003805,pending,2024-01-02T12:00:00+00:00,auto-matched
R002609,T003807,reconciled,2024-03-28T12:00:00+00:00,auto-matched
R002610,T003808,reconciled,2024-04-28T12:00:00+00:00,
R002611,T003809,pending,2024-05-22T12:00:00+00:00,auto-matched
R002612,T003810,disputed,2024-06-12T12:00:00+00:00,auto-matched
R002613,T003811,disputed,2024-07-30T12:00:00+00:00,
R002614,T003812,pending,2024-08-19T12:00:00+00:00,auto-matched
R002615,T003813,pending,2024-09-27T12:00:00+00:00,auto-matched
R002616,T003814,reconciled,2024-10-28T12:00:00+00:00,
R002617,T003816,disputed,2024-12-21T12:00:00+00:00,auto-matched
R002618,T003818,pending,2023-02-23T12:00:00+00:00,auto-matched
R002619,T003819,disputed,2023-03-24T12:00:00+00:00,
R002620,T003820,reconciled,2023-04-02T12:00:00+00:00,auto-matched
R002621,T003821,pending,2023-05-15T12:00:00+00:00,auto-matched
R002622,T003822,reconciled,2023-06-22T12:00:00+00:00,
R002623,T003824,pending,2023-08-29T12:00:00+00:00,auto-matched
R002624,T003825,pending,2023-09-01T12:00:00+00:00,auto-matched
R002625,T003826,disputed,2023-10-17T12:00:00+00:00,
R002626,T003828,disputed,2023-12-03T12:00:00+00:00,auto-matched
R002627,T003829,disputed,2024-01-10T12:00:00+00:00,auto-matched
R002628,T003830,reconciled,2024-02-29T12:00:00+00:00,
R002629,T003831,reconciled,2024-03-24T12:00:00+00:00,auto-matched
R002630,T003832,disputed,2024-04-05T12:00:00+00:00,auto-matched
R002631,T003833,disputed,2024-05-27T12:00:00+00:00,
R002632,T003834,reconciled,2024-06-20T12:00:00+00:00,auto-matched
R002633,T003835,disputed,2024-07-15T12:00:00+00:00,auto-matched
R002634,T003836,disputed,2024-08-07T12:00:00+00:00,
R002635,T003837,pending,2024-09-25T12:00:00+00:00,auto-matched
R002636,T003838,reconciled,2024-10-31T12:00:00+00:00,auto-matched
R002637,T003839,reconciled,2024-11-14T12:00:00+00:00,
R002638,T003840,disputed,2024-12-17T12:00:00+00:00,auto-matched
R002639,T003841,disputed,2023-01-21T12:00:00+00:00,auto-matched
R002640,T003842,disputed,2023-02-23T12:00:00+00:00,
R002641,T003843,reconciled,2023-03-23T12:00:00+00:00,auto-matched
R002642,T003844,pending,2023-04-01T12:00:00+00:00,auto-matched
R002643,T003847,pending,2023-07-04T12:00:00+00:00,
R002644,T003848,disputed,2023-08-26T12:00:00+00:00,auto-matched
R002645,T003850,reconciled,2023-10-20T12:00:00+00:00,auto-matched
R002646,T003851,reconciled,2023-11-21T12:00:00+00:00,
R002647,T003853,pending,2024-01-04T12:00:00+00:00,auto-matched
R002648,T003855,disputed,2024-03-13T12:00:00+00:00,auto-matched
R002649,T003857,pending,2024-05-19T12:00:00+00:00,
R002650,T003858,pending,2024-06-01T12:00:00+00:00,auto-matched
R002651,T003859,disputed,2024-07-25T12:00:00+00:00,auto-matched
R002652,T003860,disputed,2024-08-04T12:00:00+00:00,
R002653,T003861,disputed,2024-09-26T12:00:00+00:00,auto-matched
R002654,T003862,disputed,2024-10-09T12:00:00+00:00,auto-matched
R002655,T003865,pending,2023-01-18T12:00:00+00:00,
R002656,T003866,pending,2023-02-08T12:00:00+00:00,auto-matched
R002657,T003867,reconciled,2023-03-07T12:00:00+00:00,auto-matched
R002658,T003868,disputed,2023-04-09T12:00:00+00:00,
R002659,T003869,disputed,2023-05-31T12:00:00+00:00,auto-matched
R002660,T003870,reconciled,2023-06-01T12:00:00+00:00,auto-matched
R002661,T003872,disputed,2023-08-04T12:00:00+00:00,
R002662,T003875,disputed,2023-11-11T12:00:00+00:00,auto-matched
R002663,T003877,pending,2024-01-29T12:00:00+00:00,auto-matched
R002664,T003878,reconciled,2024-02-28T12:00:00+00:00,
R002665,T003879,disputed,2024-03-24T12:00:00+00:00,auto-matched
R002666,T003881,disputed,2024-05-22T12:00:00+00:00,auto-matched
R002667,T003882,pending,2024-06-22T12:00:00+00:00,
R002668,T003884,pending,2024-08-01T12:00:00+00:00,auto-matched
R002669,T003885,reconciled,2024-09-27T12:00:00+00:00,auto-matched
R002670,T003886,reconciled,2024-10-26T12:00:00+00:00,
R002671,T003887,reconciled,2024-11-05T12:00:00+00:00,auto-matched
R002672,T003888,disputed,2024-12-20T12:00:00+00:00,auto-matched
R002673,T003890,reconciled,2023-02-04T12:00:00+00:00,
R002674,T003891,pending,2023-03-24T12:00:00+00:00,auto-matched
R002675,T003892,disputed,2023-04-13T12:00:00+00:00,auto-matched
R002676,T003894,reconciled,2023-06-12T12:00:00+00:00,
R002677,T003896,pending,2023-08-31T12:00:00+00:00,auto-matched
R002678,T003897,disputed,2023-09-25T12:00:00+00:00,auto-matched
R002679,T003899,disputed,2023-11-17T12:00:00+00:00,
R002680,T003900,reconciled,2023-12-16T12:00:00+00:00,auto-matched
R002681,T003901,disputed,2024-01-03T12:00:00+00:00,auto-matched
R002682,T003902,pending,2024-02-26T12:00:00+00:00,
R002683,T003904,disputed,2024-04-12T12:00:00+00:00,auto-matched
R002684,T003906,reconciled,2024-06-30T12:00:00+00:00,auto-matched
R002685,T003908,reconciled,2024-08-19T12:00:00+00:00,
R002686,T003910,reconciled,2024-10-15T12:00:00+00:00,auto-matched
R002687,T003911,pending,2024-11-20T12:00:00+00:00,auto-matched
R002688,T003913,disputed,2023-01-16T12:00:00+00:00,
R002689,T003914,pending,2023-02-21T12:00:00+00:00,auto-matched
R002690,T003916,reconciled,2023-04-08T12:00:00+00:00,auto-matched
R002691,T003917,reconciled,2023-05-17T12:00:00+00:00,
R002692,T003918,pending,2023-06-18T12:00:00+00:00,auto-matched
R002693,T003922,reconciled,2023-10-18T12:00:00+00:00,auto-matched
R002694,T003923,reconciled,2023-11-29T12:00:00+00:00,
R002695,T003927,reconciled,2024-03-16T12:00:00+00:00,auto-matched
R002696,T003928,disputed,2024-04-28T12:00:00+00:00,auto-matched
R002697,T003929,pending,2024-05-03T12:00:00+00:00,
R002698,T003930,pending,2024-06-13T12:00:00+00:00,auto-matched
R002699,T003931,reconciled,2024-07-15T12:00:00+00:00,auto-matched
R002700,T003933,disputed,2024-09-15T12:00:00+00:00,
R002701,T003937,disputed,2023-01-29T12:00:00+00:00,auto-matched
R002702,T003940,disputed,2023-04-10T12:00:00+00:00,auto-matched
R002703,T003942,disputed,2023-06-04T12:00:00+00:00,
R002704,T003943,pending,2023-07-12T12:00:00+00:00,auto-matched
R002705,T003944,pending,2023-08-07T12:00:00+00:00,auto-matched
R002706,T003945,pending,2023-09-07T12:00:00+00:00,
R002707,T003947,reconciled,2023-11-04T12:00:00+00:00,auto-matched
R002708,T003948,reconciled,2023-12-03T12:00:00+00:00,auto-matched
R002709,T003949,pending,2024-01-02T12:00:00+00:00,
R002710,T003950,pending,2024-02-29T12:00:00+00:00,auto-matched
R002711,T003952,pending,2024-04-17T12:00:00+00:00,auto-matched
R002712,T003953,disputed,2024-05-08T12:00:00+00:00,
R002713,T003954,pending,2024-06-01T12:00:00+00:00,auto-matched
R002714,T003955,pending,2024-07-30T12:00:00+00:00,auto-matched
R002715,T003956,pending,2024-08-22T12:00:00+00:00,
R002716,T003957,pending,2024-09-04T12:00:00+00:00,auto-matched
R002717,T003959,pending,2024-11-14T12:00:00+00:00,auto-matched
R002718,T003960,reconciled,2024-12-10T12:00:00+00:00,
R002719,T003961,pending,2023-01-27T12:00:00+00:00,auto-matched
R002720,T003962,reconciled,2023-02-10T12:00:00+00:00,auto-matched
R002721,T003964,reconciled,2023-04-30T12:00:00+00:00,
R002722,T003965,reconciled,2023-05-29T12:00:00+00:00,auto-matched
R002723,T003969,pending,2023-09-09T12:00:00+00:00,auto-matched
R002724,T003970,reconciled,2023-10-30T12:00:00+00:00,
R002725,T003971,pending,2023-11-15T12:00:00+00:00,auto-matched
R002726,T003973,reconciled,2024-01-27T12:00:00+00:00,auto-matched
R002727,T003974,disputed,2024-02-22T12:00:00+00:00,
R002728,T003975,disputed,2024-03-07T12:00:00+00:00,auto-matched
R002729,T003976,disputed,2024-04-19T12:00:00+00:00,auto-matched
R002730,T003978,pending,2024-06-20T12:00:00+00:00,
R002731,T003981,reconciled,2024-09-08T12:00:00+00:00,auto-matched
R002732,T003982,pending,2024-10-15T12:00:00+00:00,auto-matched
R002733,T003983,reconciled,2024-11-07T12:00:00+00:00,
R002734,T003984,disputed,2024-12-24T12:00:00+00:00,auto-matched
R002735,T003988,reconciled,2023-04-21T12:00:00+00:00,auto-matched
R002736,T003990,reconciled,2023-06-10T12:00:00+00:00,
R002737,T003991,reconciled,2023-07-22T12:00:00+00:00,auto-matched
R002738,T003994,disputed,2023-10-24T12:00:00+00:00,auto-matched
R002739,T003995,reconciled,2023-11-09T12:00:00+00:00,
R002740,T003996,reconciled,2023-12-15T12:00:00+00:00,auto-matched
R002741,T003997,disputed,2024-01-12T12:00:00+00:00,auto-matched
R002742,T003998,disputed,2024-02-26T12:00:00+00:00,
R002743,T004000,reconciled,2024-04-14T12:00:00+00:00,auto-matched
R002744,T004001,pending,2024-05-12T12:00:00+00:00,auto-matched
R002745,T004002,pending,2024-06-28T12:00:00+00:00,
R002746,T004003,pending,2024-07-24T12:00:00+00:00,auto-matched
R002747,T004004,reconciled,2024-08-25T12:00:00+00:00,auto-matched
R002748,T004006,disputed,2024-10-15T12:00:00+00:00,
R002749,T004007,pending,2024-11-22T12:00:00+00:00,auto-matched
R002750,T004008,disputed,2024-12-27T12:00:00+00:00,auto-matched
R002751,T004011,reconciled,2023-03-22T12:00:00+00:00,
R002752,T004013,pending,2023-05-25T12:00:00+00:00,auto-matched
R002753,T004015,reconciled,2023-07-10T12:00:00+00:00,auto-matched
R002754,T004017,pending,2023-09-28T12:00:00+00:00,
R002755,T004018,disputed,2023-10-19T12:00:00+00:00,auto-matched
R002756,T004021,disputed,2024-01-20T12:00:00+00:00,auto-matched
R002757,T004022,disputed,2024-02-21T12:00:00+00:00,
R002758,T004024,reconciled,2024-04-05T12:00:00+00:00,auto-matched
R002759,T004025,pending,2024-05-20T12:00:00+00:00,auto-matched
R002760,T004026,pending,2024-06-17T12:00:00+00:00,
R002761,T004028,pending,2024-08-26T12:00:00+00:00,auto-matched
R002762,T004030,reconciled,2024-10-27T12:00:00+00:00,auto-matched
R002763,T004031,disputed,2024-11-24T12:00:00+00:00,
R002764,T004032,pending,2024-12-16T12:00:00+00:00,auto-matched
R002765,T004034,disputed,2023-02-08T12:00:00+00:00,auto-matched
R002766,T004035,reconciled,2023-03-04T12:00:00+00:00,
R002767,T004036,pending,2023-04-08T12:00:00+00:00,auto-matched
R002768,T004037,disputed,2023-05-31T12:00:00+00:00,auto-matched
R002769,T004038,reconciled,2023-06-02T12:00:00+00:00,
R002770,T004039,reconciled,2023-07-29T12:00:00+00:00,auto-matched
R002771,T004041,reconciled,2023-09-12T12:00:00+00:00,auto-matched
R002772,T004042,pending,2023-10-06T12:00:00+00:00,
R002773,T004043,pending,2023-11-18T12:00:00+00:00,auto-matched
R002774,T004044,pending,2023-12-26T12:00:00+00:00,auto-matched
R002775,T004045,reconciled,2024-01-17T12:00:00+00:00,
R002776,T004049,disputed,2024-05-02T12:00:00+00:00,auto-matched
R002777,T004052,pending,2024-08-24T12:00:00+00:00,auto-matched
R002778,T004053,disputed,2024-09-19T12:00:00+00:00,
R002779,T004054,reconciled,2024-10-02T12:00:00+00:00,auto-matched
R002780,T004056,reconciled,2024-12-23T12:00:00+00:00,auto-matched
R002781,T004057,disputed,2023-01-01T12:00:00+00:00,
R002782,T004058,disputed,2023-02-04T12:00:00+00:00,auto-matched
R002783,T004060,reconciled,2023-04-29T12:00:00+00:00,auto-matched
R002784,T004061,disputed,2023-05-15T12:00:00+00:00,
R002785,T004063,disputed,2023-07-13T12:00:00+00:00,auto-matched
R002786,T004066,disputed,2023-10-22T12:00:00+00:00,auto-matched
R002787,T004067,disputed,2023-11-17T12:00:00+00:00,
R002788,T004068,disputed,2023-12-31T12:00:00+00:00,auto-matched
R002789,T004070,reconciled,2024-02-28T12:00:00+00:00,auto-matched
R002790,T004071,disputed,2024-03-28T12:00:00+00:00,
R002791,T004072,reconciled,2024-04-27T12:00:00+00:00,auto-matched
R002792,T004073,pending,2024-05-27T12:00:00+00:00,auto-matched
R002793,T004074,disputed,2024-06-06T12:00:00+00:00,
R002794,T004075,pending,2024-07-20T12:00:00+00:00,auto-matched
R002795,T004076,disputed,2024-08-04T12:00:00+00:00,auto-matched
R002796,T004078,reconciled,2024-10-08T12:00:00+00:00,
R002797,T004079,pending,2024-11-07T12:00:00+00:00,auto-matched
R002798,T004080,pending,2024-12-27T12:00:00+00:00,auto-matched
R002799,T004081,pending,2023-01-26T12:00:00+00:00,
R002800,T004082,reconciled,2023-02-01T12:00:00+00:00,auto-matched
R002801,T004085,reconciled,2023-05-16T12:00:00+00:00,auto-matched
R002802,T004086,pending,2023-06-11T12:00:00+00:00,
R002803,T004093,pending,2024-01-01T12:00:00+00:00,auto-matched
R002804,T004094,reconciled,2024-02-04T12:00:00+00:00,auto-matched
R002805,T004095,reconciled,2024-03-06T12:00:00+00:00,
R002806,T004098,pending,2024-06-14T12:00:00+00:00,auto-matched
R002807,T004099,pending,2024-07-22T12:00:00+00:00,auto-matched
R002808,T004100,disputed,2024-08-19T12:00:00+00:00,
R002809,T004101,disputed,2024-09-14T12:00:00+00:00,auto-matched
R002810,T004103,disputed,2024-11-02T12:00:00+00:00,auto-matched
R002811,T004104,pending,2024-12-31T12:00:00+00:00,
R002812,T004105,pending,2023-01-06T12:00:00+00:00,auto-matched
R002813,T004107,pending,2023-03-25T12:00:00+00:00,auto-matched
R002814,T004108,reconciled,2023-04-03T12:00:00+00:00,
R002815,T004109,disputed,2023-05-24T12:00:00+00:00,auto-matched
R002816,T004111,pending,2023-07-21T12:00:00+00:00,auto-matched
R002817,T004112,reconciled,2023-08-30T12:00:00+00:00,
R002818,T004116,pending,2023-12-22T12:00:00+00:00,auto-matched
R002819,T004117,pending,2024-01-20T12:00:00+00:00,auto-matched
R002820,T004118,pending,2024-02-20T12:00:00+00:00,
R002821,T004119,reconciled,2024-03-24T12:00:00+00:00,auto-matched
R002822,T004121,reconciled,2024-05-29T12:00:00+00:00,auto-matched
R002823,T004122,pending,2024-06-23T12:00:00+00:00,
R002824,T004128,disputed,2024-12-11T12:00:00+00:00,auto-matched
R002825,T004129,reconciled,2023-01-01T12:00:00+00:00,auto-matched
R002826,T004134,disputed,2023-06-05T12:00:00+00:00,
R002827,T004135,disputed,2023-07-26T12:00:00+00:00,auto-matched
R002828,T004137,reconciled,2023-09-02T12:00:00+00:00,auto-matched
R002829,T004139,pending,2023-11-06T12:00:00+00:00,
R002830,T004140,pending,2023-12-09T12:00:00+00:00,auto-matched
R002831,T004142,reconciled,2024-02-03T12:00:00+00:00,auto-matched
R002832,T004143,reconciled,2024-03-02T12:00:00+00:00,
R002833,T004144,reconciled,2024-04-20T12:00:00+00:00,auto-matched
R002834,T004145,disputed,2024-05-17T12:00:00+00:00,auto-matched
R002835,T004146,disputed,2024-06-08T12:00:00+00:00,
R002836,T004147,reconciled,2024-07-27T12:00:00+00:00,auto-matched
R002837,T004148,disputed,2024-08-24T12:00:00+00:00,auto-matched
R002838,T004150,reconciled,2024-10-30T12:00:00+00:00,
R002839,T004153,reconciled,2023-01-08T12:00:00+00:00,auto-matched
R002840,T004156,pending,2023-04-18T12:00:00+00:00,auto-matched
R002841,T004157,reconciled,2023-05-26T12:00:00+00:00,
R002842,T004158,reconciled,2023-06-29T12:00:00+00:00,auto-matched
R002843,T004159,disputed,2023-07-27T12:00:00+00:00,auto-matched
R002844,T004160,disputed,2023-08-04T12:00:00+00:00,
R002845,T004161,reconciled,2023-09-20T12:00:00+00:00,auto-matched
R002846,T004163,pending,2023-11-17T12:00:00+00:00,auto-matched
R002847,T004164,reconciled,2023-12-04T12:00:00+00:00,
R002848,T004167,pending,2024-03-26T12:00:00+00:00,auto-matched
R002849,T004168,reconciled,2024-04-27T12:00:00+00:00,auto-matched
R002850,T004170,disputed,2024-06-07T12:00:00+00:00,
R002851,T004171,pending,2024-07-14T12:00:00+00:00,auto-matched
R002852,T004173,disputed,2024-09-18T12:00:00+00:00,auto-matched
R002853,T004176,pending,2024-12-04T12:00:00+00:00,
R002854,T004178,reconciled,2023-02-22T12:00:00+00:00,auto-matched
R002855,T004179,reconciled,2023-03-07T12:00:00+00:00,auto-matched
R002856,T004180,pending,2023-04-13T12:00:00+00:00,
R002857,T004183,disputed,2023-07-30T12:00:00+00:00,auto-matched
R002858,T004184,disputed,2023-08-25T12:00:00+00:00,auto-matched
R002859,T004185,disputed,2023-09-11T12:00:00+00:00,
R002860,T004186,pending,2023-10-15T12:00:00+00:00,auto-matched
R002861,T004187,disputed,2023-11-15T12:00:00+00:00,auto-matched
R002862,T004188,pending,2023-12-13T12:00:00+00:00,
R002863,T004190,pending,2024-02-28T12:00:00+00:00,auto-matched
R002864,T004191,reconciled,2024-03-21T12:00:00+00:00,auto-matched
R002865,T004193,pending,2024-05-26T12:00:00+00:00,
R002866,T004196,pending,2024-08-24T12:00:00+00:00,auto-matched
R002867,T004197,reconciled,2024-09-02T12:00:00+00:00,auto-matched
R002868,T004199,disputed,2024-11-01T12:00:00+00:00,
R002869,T004200,disputed,2024-12-21T12:00:00+00:00,auto-matched
R002870,T004201,reconciled,2023-01-01T12:00:00+00:00,auto-matched
R002871,T004203,disputed,2023-03-22T12:00:00+00:00,
R002872,T004205,disputed,2023-05-01T12:00:00+00:00,auto-matched
R002873,T004206,disputed,2023-06-30T12:00:00+00:00,auto-matched
R002874,T004207,reconciled,2023-07-06T12:00:00+00:00,
R002875,T004208,reconciled,2023-08-31T12:00:00+00:00,auto-matched
R002876,T004209,disputed,2023-09-25T12:00:00+00:00,auto-matched
R002877,T004211,pending,2023-11-10T12:00:00+00:00,
R002878,T004212,reconciled,2023-12-03T12:00:00+00:00,auto-matched
R002879,T004214,pending,2024-02-22T12:00:00+00:00,auto-matched
R002880,T004215,disputed,2024-03-10T12:00:00+00:00,
R002881,T004216,reconciled,2024-04-17T12:00:00+00:00,auto-matched
R002882,T004218,reconciled,2024-06-26T12:00:00+00:00,auto-matched
R002883,T004224,pending,2024-12-07T12:00:00+00:00,
R002884,T004225,reconciled,2023-01-04T12:00:00+00:00,auto-matched
R002885,T004226,pending,2023-02-19T12:00:00+00:00,auto-matched
R002886,T004229,pending,2023-05-21T12:00:00+00:00,
R002887,T004231,reconciled,2023-07-10T12:00:00+00:00,auto-matched
R002888,T004232,reconciled,2023-08-06T12:00:00+00:00,auto-matched
R002889,T004233,pending,2023-09-01T12:00:00+00:00,
R002890,T004235,disputed,2023-11-11T12:00:00+00:00,auto-matched
R002891,T004236,reconciled,2023-12-01T12:00:00+00:00,auto-matched
R002892,T004237,pending,2024-01-04T12:00:00+00:00,
R002893,T004238,reconciled,2024-02-14T12:00:00+00:00,auto-matched
R002894,T004239,disputed,2024-03-04T12:00:00+00:00,auto-matched
R002895,T004240,disputed,2024-04-24T12:00:00+00:00,
R002896,T004241,reconciled,2024-05-19T12:00:00+00:00,auto-matched
R002897,T004242,disputed,2024-06-19T12:00:00+00:00,auto-matched
R002898,T004244,reconciled,2024-08-24T12:00:00+00:00,
R002899,T004245,reconciled,2024-09-08T12:00:00+00:00,auto-matched
R002900,T004246,pending,2024-10-05T12:00:00+00:00,auto-matched
R002901,T004248,disputed,2024-12-25T12:00:00+00:00,
R002902,T004249,reconciled,2023-01-24T12:00:00+00:00,auto-matched
R002903,T004250,disputed,2023-02-15T12:00:00+00:00,auto-matched
R002904,T004251,pending,2023-03-04T12:00:00+00:00,
R002905,T004253,disputed,2023-05-11T12:00:00+00:00,auto-matched
R002906,T004255,pending,2023-07-19T12:00:00+00:00,auto-matched
R002907,T004256,disputed,2023-08-25T12:00:00+00:00,
R002908,T004258,reconciled,2023-10-25T12:00:00+00:00,auto-matched
R002909,T004259,reconciled,2023-11-27T12:00:00+00:00,auto-matched
R002910,T004260,disputed,2023-12-17T12:00:00+00:00,
R002911,T004261,pending,2024-01-22T12:00:00+00:00,auto-matched
R002912,T004262,pending,2024-02-20T12:00:00+00:00,auto-matched
R002913,T004264,reconciled,2024-04-14T12:00:00+00:00,
R002914,T004266,disputed,2024-06-08T12:00:00+00:00,auto-matched
R002915,T004267,pending,2024-07-12T12:00:00+00:00,auto-matched
R002916,T004269,pending,2024-09-07T12:00:00+00:00,
R002917,T004270,pending,2024-10-16T12:00:00+00:00,auto-matched
R002918,T004271,reconciled,2024-11-23T12:00:00+00:00,auto-matched
R002919,T004273,reconciled,2023-01-18T12:00:00+00:00,
R002920,T004276,disputed,2023-04-27T12:00:00+00:00,auto-matched
R002921,T004277,reconciled,2023-05-24T12:00:00+00:00,auto-matched
R002922,T004278,disputed,2023-06-06T12:00:00+00:00,
R002923,T004279,pending,2023-07-22T12:00:00+00:00,auto-matched
R002924,T004280,reconciled,2023-08-04T12:00:00+00:00,auto-matched
R002925,T004281,reconciled,2023-09-17T12:00:00+00:00,
R002926,T004283,reconciled,2023-11-21T12:00:00+00:00,auto-matched
R002927,T004284,reconciled,2023-12-02T12:00:00+00:00,auto-matched
R002928,T004286,pending,2024-02-04T12:00:00+00:00,
R002929,T004287,disputed,2024-03-07T12:00:00+00:00,auto-matched
R002930,T004288,disputed,2024-04-05T12:00:00+00:00,auto-matched
R002931,T004289,disputed,2024-05-28T12:00:00+00:00,
R002932,T004291,disputed,2024-07-13T12:00:00+00:00,auto-matched
R002933,T004295,reconciled,2024-11-04T12:00:00+00:00,auto-matched
R002934,T004296,reconciled,2024-12-14T12:00:00+00:00,
R002935,T004297,reconciled,2023-01-12T12:00:00+00:00,auto-matched
R002936,T004298,disputed,2023-02-05T12:00:00+00:00,auto-matched
R002937,T004299,pending,2023-03-22T12:00:00+00:00,
R002938,T004300,reconciled,2023-04-19T12:00:00+00:00,auto-matched
R002939,T004302,pending,2023-06-16T12:00:00+00:00,auto-matched
R002940,T004303,disputed,2023-07-19T12:00:00+00:00,
R002941,T004304,reconciled,2023-08-28T12:00:00+00:00,auto-matched
R002942,T004305,pending,2023-09-10T12:00:00+00:00,auto-matched
R002943,T004306,pending,2023-10-31T12:00:00+00:00,
R002944,T004307,disputed,2023-11-29T12:00:00+00:00,auto-matched
R002945,T004309,reconciled,2024-01-02T12:00:00+00:00,auto-matched
R002946,T004310,pending,2024-02-02T12:00:00+00:00,
R002947,T004314,reconciled,2024-06-28T12:00:00+00:00,auto-matched
R002948,T004316,pending,2024-08-25T12:00:00+00:00,auto-matched
R002949,T004318,reconciled,2024-10-09T12:00:00+00:00,
R002950,T004319,reconciled,2024-11-22T12:00:00+00:00,auto-matched
R002951,T004321,pending,2023-01-06T12:00:00+00:00,auto-matched
R002952,T004324,pending,2023-04-18T12:00:00+00:00,
R002953,T004325,pending,2023-05-05T12:00:00+00:00,auto-matched
R002954,T004326,reconciled,2023-06-26T12:00:00+00:00,auto-matched
R002955,T004327,disputed,2023-07-28T12:00:00+00:00,
R002956,T004330,disputed,2023-10-25T12:00:00+00:00,auto-matched
R002957,T004331,disputed,2023-11-19T12:00:00+00:00,auto-matched
R002958,T004332,reconciled,2023-12-31T12:00:00+00:00,
R002959,T004333,pending,2024-01-27T12:00:00+00:00,auto-matched
R002960,T004334,reconciled,2024-02-08T12:00:00+00:00,auto-matched
R002961,T004335,disputed,2024-03-30T12:00:00+00:00,
R002962,T004336,disputed,2024-04-26T12:00:00+00:00,auto-matched
R002963,T004337,disputed,2024-05-03T12:00:00+00:00,auto-matched
R002964,T004339,pending,2024-07-27T12:00:00+00:00,
R002965,T004342,pending,2024-10-25T12:00:00+00:00,auto-matched
R002966,T004343,disputed,2024-11-09T12:00:00+00:00,auto-matched
R002967,T004344,reconciled,2024-12-22T12:00:00+00:00,
R002968,T004345,disputed,2023-01-01T12:00:00+00:00,auto-matched
R002969,T004346,reconciled,2023-02-07T12:00:00+00:00,auto-matched
R002970,T004347,pending,2023-03-28T12:00:00+00:00,
R002971,T004349,reconciled,2023-05-17T12:00:00+00:00,auto-matched
R002972,T004350,pending,2023-06-14T12:00:00+00:00,auto-matched
R002973,T004351,reconciled,2023-07-25T12:00:00+00:00,
R002974,T004352,reconciled,2023-08-22T12:00:00+00:00,auto-matched
R002975,T004353,reconciled,2023-09-30T12:00:00+00:00,auto-matched
R002976,T004354,pending,2023-10-09T12:00:00+00:00,
R002977,T004355,reconciled,2023-11-22T12:00:00+00:00,auto-matched
R002978,T004356,disputed,2023-12-20T12:00:00+00:00,auto-matched
R002979,T004357,reconciled,2024-01-27T12:00:00+00:00,
R002980,T004358,reconciled,2024-02-01T12:00:00+00:00,auto-matched
R002981,T004360,reconciled,2024-04-16T12:00:00+00:00,auto-matched
R002982,T004361,disputed,2024-05-25T12:00:00+00:00,
R002983,T004362,pending,2024-06-16T12:00:00+00:00,auto-matched
R002984,T004363,reconciled,2024-07-10T12:00:00+00:00,auto-matched
R002985,T004364,pending,2024-08-14T12:00:00+00:00,
R002986,T004365,disputed,2024-09-08T12:00:00+00:00,auto-matched
R002987,T004366,disputed,2024-10-21T12:00:00+00:00,auto-matched
R002988,T004367,pending,2024-11-05T12:00:00+00:00,
R002989,T004370,disputed,2023-02-17T12:00:00+00:00,auto-matched
R002990,T004371,reconciled,2023-03-06T12:00:00+00:00,auto-matched
R002991,T004372,pending,2023-04-28T12:00:00+00:00,
R002992,T004373,reconciled,2023-05-29T12:00:00+00:00,auto-matched
R002993,T004376,reconciled,2023-08-22T12:00:00+00:00,auto-matched
R002994,T004377,disputed,2023-09-02T12:00:00+00:00,
R002995,T004378,reconciled,2023-10-16T12:00:00+00:00,auto-matched
R002996,T004379,pending,2023-11-29T12:00:00+00:00,auto-matched
R002997,T004380,pending,2023-12-11T12:00:00+00:00,
R002998,T004381,reconciled,2024-01-10T12:00:00+00:00,auto-matched
R002999,T004382,reconciled,2024-02-01T12:00:00+00:00,auto-matched
R003000,T004383,reconciled,2024-03-24T12:00:00+00:00,
R003001,T004384,disputed,2024-04-10T12:00:00+00:00,auto-matched
R003002,T004386,pending,2024-06-28T12:00:00+00:00,auto-matched
R003003,T004388,disputed,2024-08-09T12:00:00+00:00,
R003004,T004389,disputed,2024-09-17T12:00:00+00:00,auto-matched
R003005,T004390,reconciled,2024-10-15T12:00:00+00:00,auto-matched
R003006,T004391,reconciled,2024-11-18T12:00:00+00:00,
R003007,T004392,reconciled,2024-12-19T12:00:00+00:00,auto-matched
R003008,T004393,disputed,2023-01-02T12:00:00+00:00,auto-matched
R003009,T004395,reconciled,2023-03-20T12:00:00+00:00,
R003010,T004396,reconciled,2023-04-14T12:00:00+00:00,auto-matched
R003011,T004397,reconciled,2023-05-10T12:00:00+00:00,auto-matched
R003012,T004398,pending,2023-06-04T12:00:00+00:00,
R003013,T004399,pending,2023-07-15T12:00:00+00:00,auto-matched
R003014,T004402,reconciled,2023-10-28T12:00:00+00:00,auto-matched
R003015,T004403,reconciled,2023-11-08T12:00:00+00:00,
R003016,T004404,pending,2023-12-05T12:00:00+00:00,auto-matched
R003017,T004405,reconciled,2024-01-11T12:00:00+00:00,auto-matched
R003018,T004407,disputed,2024-03-08T12:00:00+00:00,
R003019,T004408,reconciled,2024-04-11T12:00:00+00:00,auto-matched
R003020,T004409,reconciled,2024-05-28T12:00:00+00:00,auto-matched
R003021,T004411,pending,2024-07-13T12:00:00+00:00,
R003022,T004412,pending,2024-08-28T12:00:00+00:00,auto-matched
R003023,T004414,pending,2024-10-05T12:00:00+00:00,auto-matched
R003024,T004415,disputed,2024-11-28T12:00:00+00:00,
R003025,T004416,pending,2024-12-15T12:00:00+00:00,auto-matched
R003026,T004420,pending,2023-04-27T12:00:00+00:00,auto-matched
R003027,T004422,disputed,2023-06-22T12:00:00+00:00,
R003028,T004423,reconciled,2023-07-14T12:00:00+00:00,auto-matched
R003029,T004424,reconciled,2023-08-28T12:00:00+00:00,auto-matched
R003030,T004425,reconciled,2023-09-08T12:00:00+00:00,
R003031,T004427,pending,2023-11-05T12:00:00+00:00,auto-matched
R003032,T004429,pending,2024-01-06T12:00:00+00:00,auto-matched
R003033,T004430,reconciled,2024-02-10T12:00:00+00:00,
R003034,T004433,disputed,2024-05-15T12:00:00+00:00,auto-matched
R003035,T004434,reconciled,2024-06-28T12:00:00+00:00,auto-matched
R003036,T004436,reconciled,2024-08-18T12:00:00+00:00,
R003037,T004437,pending,2024-09-20T12:00:00+00:00,auto-matched
R003038,T004438,pending,2024-10-16T12:00:00+00:00,auto-matched
R003039,T004441,reconciled,2023-01-13T12:00:00+00:00,
R003040,T004442,disputed,2023-02-17T12:00:00+00:00,auto-matched
R003041,T004443,disputed,2023-03-26T12:00:00+00:00,auto-matched
R003042,T004444,pending,2023-04-10T12:00:00+00:00,
R003043,T004446,disputed,2023-06-06T12:00:00+00:00,auto-matched
R003044,T004447,pending,2023-07-09T12:00:00+00:00,auto-matched
R003045,T004449,reconciled,2023-09-26T12:00:00+00:00,
R003046,T004450,pending,2023-10-09T12:00:00+00:00,auto-matched
R003047,T004454,reconciled,2024-02-23T12:00:00+00:00,auto-matched
R003048,T004456,reconciled,2024-04-01T12:00:00+00:00,
R003049,T004461,pending,2024-09-08T12:00:00+00:00,auto-matched
R003050,T004462,disputed,2024-10-06T12:00:00+00:00,auto-matched
R003051,T004464,pending,2024-12-16T12:00:00+00:00,
R003052,T004466,reconciled,2023-02-15T12:00:00+00:00,auto-matched
R003053,T004467,pending,2023-03-05T12:00:00+00:00,auto-matched
R003054,T004468,disputed,2023-04-03T12:00:00+00:00,
R003055,T004469,pending,2023-05-30T12:00:00+00:00,auto-matched
R003056,T004471,disputed,2023-07-26T12:00:00+00:00,auto-matched
R003057,T004472,reconciled,2023-08-03T12:00:00+00:00,
R003058,T004473,disputed,2023-09-10T12:00:00+00:00,auto-matched
R003059,T004474,pending,2023-10-17T12:00:00+00:00,auto-matched
R003060,T004475,disputed,2023-11-25T12:00:00+00:00,
R003061,T004476,pending,2023-12-01T12:00:00+00:00,auto-matched
R003062,T004477,pending,2024-01-28T12:00:00+00:00,auto-matched
R003063,T004478,reconciled,2024-02-28T12:00:00+00:00,
R003064,T004479,reconciled,2024-03-13T12:00:00+00:00,auto-matched
R003065,T004480,reconciled,2024-04-26T12:00:00+00:00,auto-matched
R003066,T004482,disputed,2024-06-16T12:00:00+00:00,
R003067,T004483,reconciled,2024-07-28T12:00:00+00:00,auto-matched
R003068,T004484,disputed,2024-08-02T12:00:00+00:00,auto-matched
R003069,T004485,disputed,2024-09-19T12:00:00+00:00,
R003070,T004489,disputed,2023-01-09T12:00:00+00:00,auto-matched
R003071,T004492,disputed,2023-04-28T12:00:00+00:00,auto-matched
R003072,T004493,reconciled,2023-05-01T12:00:00+00:00,
R003073,T004495,pending,2023-07-09T12:00:00+00:00,auto-matched
R003074,T004496,pending,2023-08-03T12:00:00+00:00,auto-matched
R003075,T004498,pending,2023-10-22T12:00:00+00:00,
R003076,T004500,pending,2023-12-27T12:00:00+00:00,auto-matched
R003077,T004501,pending,2024-01-08T12:00:00+00:00,auto-matched
R003078,T004502,pending,2024-02-02T12:00:00+00:00,
R003079,T004503,reconciled,2024-03-04T12:00:00+00:00,auto-matched
R003080,T004505,reconciled,2024-05-08T12:00:00+00:00,auto-matched
R003081,T004506,disputed,2024-06-05T12:00:00+00:00,
R003082,T004508,reconciled,2024-08-30T12:00:00+00:00,auto-matched
R003083,T004509,reconciled,2024-09-02T12:00:00+00:00,auto-matched
R003084,T004510,disputed,2024-10-05T12:00:00+00:00,
R003085,T004512,disputed,2024-12-12T12:00:00+00:00,auto-matched
R003086,T004514,pending,2023-02-14T12:00:00+00:00,auto-matched
R003087,T004517,disputed,2023-05-19T12:00:00+00:00,
R003088,T004518,reconciled,2023-06-30T12:00:00+00:00,auto-matched
R003089,T004520,pending,2023-08-15T12:00:00+00:00,auto-matched
R003090,T004521,disputed,2023-09-03T12:00:00+00:00,
R003091,T004522,pending,2023-10-21T12:00:00+00:00,auto-matched
R003092,T004523,pending,2023-11-07T12:00:00+00:00,auto-matched
R003093,T004525,pending,2024-01-21T12:00:00+00:00,
R003094,T004526,pending,2024-02-19T12:00:00+00:00,auto-matched
R003095,T004530,pending,2024-06-12T12:00:00+00:00,auto-matched
R003096,T004531,pending,2024-07-12T12:00:00+00:00,
R003097,T004532,pending,2024-08-29T12:00:00+00:00,auto-matched
R003098,T004533,disputed,2024-09-12T12:00:00+00:00,auto-matched
R003099,T004534,pending,2024-10-14T12:00:00+00:00,
R003100,T004535,reconciled,2024-11-03T12:00:00+00:00,auto-matched
R003101,T004539,pending,2023-03-26T12:00:00+00:00,auto-matched
R003102,T004541,disputed,2023-05-31T12:00:00+00:00,
R003103,T004542,reconciled,2023-06-24T12:00:00+00:00,auto-matched
R003104,T004543,pending,2023-07-18T12:00:00+00:00,auto-matched
R003105,T004546,pending,2023-10-21T12:00:00+00:00,
R003106,T004547,pending,2023-11-23T12:00:00+00:00,auto-matched
R003107,T004548,pending,2023-12-19T12:00:00+00:00,auto-matched
R003108,T004549,pending,2024-01-13T12:00:00+00:00,
R003109,T004550,pending,2024-02-24T12:00:00+00:00,auto-matched
R003110,T004552,disputed,2024-04-10T12:00:00+00:00,auto-matched
R003111,T004553,disputed,2024-05-03T12:00:00+00:00,
R003112,T004556,disputed,2024-08-12T12:00:00+00:00,auto-matched
R003113,T004557,pending,2024-09-07T12:00:00+00:00,auto-matched
R003114,T004558,pending,2024-10-06T12:00:00+00:00,
R003115,T004560,reconciled,2024-12-28T12:00:00+00:00,auto-matched
R003116,T004561,pending,2023-01-15T12:00:00+00:00,auto-matched
R003117,T004563,disputed,2023-03-25T12:00:00+00:00,
R003118,T004564,disputed,2023-04-30T12:00:00+00:00,auto-matched
R003119,T004565,disputed,2023-05-18T12:00:00+00:00,auto-matched
R003120,T004566,disputed,2023-06-03T12:00:00+00:00,
R003121,T004567,disputed,2023-07-10T12:00:00+00:00,auto-matched
R003122,T004569,reconciled,2023-09-23T12:00:00+00:00,auto-matched
R003123,T004571,disputed,2023-11-18T12:00:00+00:00,
R003124,T004575,pending,2024-03-03T12:00:00+00:00,auto-matched
R003125,T004576,pending,2024-04-29T12:00:00+00:00,auto-matched
R003126,T004577,pending,2024-05-22T12:00:00+00:00,
R003127,T004578,disputed,2024-06-16T12:00:00+00:00,auto-matched
R003128,T004581,reconciled,2024-09-20T12:00:00+00:00,auto-matched
R003129,T004582,pending,2024-10-25T12:00:00+00:00,
R003130,T004584,reconciled,2024-12-08T12:00:00+00:00,auto-matched
R003131,T004585,pending,2023-01-03T12:00:00+00:00,auto-matched
R003132,T004587,disputed,2023-03-12T12:00:00+00:00,
R003133,T004588,reconciled,2023-04-29T12:00:00+00:00,auto-matched
R003134,T004589,pending,2023-05-26T12:00:00+00:00,auto-matched
R003135,T004590,pending,2023-06-14T12:00:00+00:00,
R003136,T004591,reconciled,2023-07-03T12:00:00+00:00,auto-matched
R003137,T004592,reconciled,2023-08-27T12:00:00+00:00,auto-matched
R003138,T004594,disputed,2023-10-22T12:00:00+00:00,
R003139,T004595,disputed,2023-11-16T12:00:00+00:00,auto-matched
R003140,T004596,disputed,2023-12-28T12:00:00+00:00,auto-matched
R003141,T004597,pending,2024-01-04T12:00:00+00:00,
R003142,T004600,reconciled,2024-04-10T12:00:00+00:00,auto-matched
R003143,T004602,pending,2024-06-01T12:00:00+00:00,auto-matched
R003144,T004604,disputed,2024-08-06T12:00:00+00:00,
R003145,T004606,reconciled,2024-10-04T12:00:00+00:00,auto-matched
R003146,T004609,pending,2023-01-24T12:00:00+00:00,auto-matched
R003147,T004610,reconciled,2023-02-22T12:00:00+00:00,
R003148,T004611,disputed,2023-03-10T12:00:00+00:00,auto-matched
R003149,T004613,disputed,2023-05-06T12:00:00+00:00,auto-matched
R003150,T004615,reconciled,2023-07-12T12:00:00+00:00,
R003151,T004616,pending,2023-08-03T12:00:00+00:00,auto-matched
R003152,T004617,pending,2023-09-16T12:00:00+00:00,auto-matched
R003153,T004618,reconciled,2023-10-02T12:00:00+00:00,
R003154,T004620,disputed,2023-12-26T12:00:00+00:00,auto-matched
R003155,T004621,disputed,2024-01-27T12:00:00+00:00,auto-matched
R003156,T004622,disputed,2024-02-11T12:00:00+00:00,
R003157,T004626,pending,2024-06-08T12:00:00+00:00,auto-matched
R003158,T004627,reconciled,2024-07-16T12:00:00+00:00,auto-matched
R003159,T004628,disputed,2024-08-28T12:00:00+00:00,
R003160,T004629,disputed,2024-09-20T12:00:00+00:00,auto-matched
R003161,T004630,pending,2024-10-12T12:00:00+00:00,auto-matched
R003162,T004631,disputed,2024-11-18T12:00:00+00:00,
R003163,T004633,pending,2023-01-11T12:00:00+00:00,auto-matched
R003164,T004635,reconciled,2023-03-06T12:00:00+00:00,auto-matched
R003165,T004636,reconciled,2023-04-06T12:00:00+00:00,
R003166,T004637,disputed,2023-05-22T12:00:00+00:00,auto-matched
R003167,T004638,disputed,2023-06-18T12:00:00+00:00,auto-matched
R003168,T004639,reconciled,2023-07-13T12:00:00+00:00,
R003169,T004640,disputed,2023-08-16T12:00:00+00:00,auto-matched
R003170,T004641,pending,2023-09-24T12:00:00+00:00,auto-matched
R003171,T004642,reconciled,2023-10-05T12:00:00+00:00,
R003172,T004643,pending,2023-11-12T12:00:00+00:00,auto-matched
R003173,T004644,reconciled,2023-12-18T12:00:00+00:00,auto-matched
R003174,T004646,disputed,2024-02-19T12:00:00+00:00,
R003175,T004647,reconciled,2024-03-14T12:00:00+00:00,auto-matched
R003176,T004648,disputed,2024-04-04T12:00:00+00:00,auto-matched
R003177,T004649,reconciled,2024-05-26T12:00:00+00:00,
R003178,T004651,disputed,2024-07-04T12:00:00+00:00,auto-matched
R003179,T004655,reconciled,2024-11-28T12:00:00+00:00,auto-matched
R003180,T004656,disputed,2024-12-24T12:00:00+00:00,
R003181,T004658,disputed,2023-02-04T12:00:00+00:00,auto-matched
R003182,T004659,pending,2023-03-11T12:00:00+00:00,auto-matched
R003183,T004661,disputed,2023-05-01T12:00:00+00:00,
R003184,T004662,reconciled,2023-06-12T12:00:00+00:00,auto-matched
R003185,T004663,disputed,2023-07-06T12:00:00+00:00,auto-matched
R003186,T004665,disputed,2023-09-18T12:00:00+00:00,
R003187,T004667,reconciled,2023-11-12T12:00:00+00:00,auto-matched
R003188,T004668,disputed,2023-12-17T12:00:00+00:00,auto-matched
R003189,T004670,pending,2024-02-17T12:00:00+00:00,
R003190,T004671,pending,2024-03-05T12:00:00+00:00,auto-matched
R003191,T004672,reconciled,2024-04-14T12:00:00+00:00,auto-matched
R003192,T004673,reconciled,2024-05-23T12:00:00+00:00,
R003193,T004674,reconciled,2024-06-03T12:00:00+00:00,auto-matched
R003194,T004675,pending,2024-07-12T12:00:00+00:00,auto-matched
R003195,T004677,disputed,2024-09-15T12:00:00+00:00,
R003196,T004678,pending,2024-10-20T12:00:00+00:00,auto-matched
R003197,T004680,reconciled,2024-12-09T12:00:00+00:00,auto-matched
R003198,T004682,disputed,2023-02-12T12:00:00+00:00,
R003199,T004683,disputed,2023-03-12T12:00:00+00:00,auto-matched
R003200,T004684,reconciled,2023-04-05T12:00:00+00:00,auto-matched
R003201,T004685,disputed,2023-05-22T12:00:00+00:00,
R003202,T004687,reconciled,2023-07-31T12:00:00+00:00,auto-matched
R003203,T004689,pending,2023-09-22T12:00:00+00:00,auto-matched
R003204,T004690,pending,2023-10-06T12:00:00+00:00,
R003205,T004692,pending,2023-12-21T12:00:00+00:00,auto-matched
R003206,T004693,disputed,2024-01-11T12:00:00+00:00,auto-matched
R003207,T004695,reconciled,2024-03-14T12:00:00+00:00,
R003208,T004696,reconciled,2024-04-11T12:00:00+00:00,auto-matched
R003209,T004697,disputed,2024-05-31T12:00:00+00:00,auto-matched
R003210,T004698,reconciled,2024-06-22T12:00:00+00:00,
R003211,T004700,pending,2024-08-23T12:00:00+00:00,auto-matched
R003212,T004701,reconciled,2024-09-19T12:00:00+00:00,auto-matched
R003213,T004702,pending,2024-10-27T12:00:00+00:00,
R003214,T004703,pending,2024-11-28T12:00:00+00:00,auto-matched
R003215,T004704,disputed,2024-12-22T12:00:00+00:00,auto-matched
R003216,T004706,reconciled,2023-02-06T12:00:00+00:00,
R003217,T004707,pending,2023-03-09T12:00:00+00:00,auto-matched
R003218,T004708,reconciled,2023-04-18T12:00:00+00:00,auto-matched
R003219,T004712,reconciled,2023-08-26T12:00:00+00:00,
R003220,T004714,reconciled,2023-10-08T12:00:00+00:00,auto-matched
R003221,T004715,reconciled,2023-11-03T12:00:00+00:00,auto-matched
R003222,T004716,disputed,2023-12-06T12:00:00+00:00,
R003223,T004717,reconciled,2024-01-21T12:00:00+00:00,auto-matched
R003224,T004718,pending,2024-02-12T12:00:00+00:00,auto-matched
R003225,T004719,disputed,2024-03-20T12:00:00+00:00,
R003226,T004720,reconciled,2024-04-26T12:00:00+00:00,auto-matched
R003227,T004723,pending,2024-07-28T12:00:00+00:00,auto-matched
R003228,T004724,pending,2024-08-15T12:00:00+00:00,
R003229,T004728,pending,2024-12-15T12:00:00+00:00,auto-matched
R003230,T004730,disputed,2023-02-28T12:00:00+00:00,auto-matched
R003231,T004732,pending,2023-04-29T12:00:00+00:00,
R003232,T004733,reconciled,2023-05-12T12:00:00+00:00,auto-matched
R003233,T004735,disputed,2023-07-06T12:00:00+00:00,auto-matched
R003234,T004738,disputed,2023-10-11T12:00:00+00:00,
R003235,T004739,pending,2023-11-27T12:00:00+00:00,auto-matched
R003236,T004741,reconciled,2024-01-29T12:00:00+00:00,auto-matched
R003237,T004744,reconciled,2024-04-22T12:00:00+00:00,
R003238,T004745,pending,2024-05-04T12:00:00+00:00,auto-matched
R003239,T004746,reconciled,2024-06-13T12:00:00+00:00,auto-matched
R003240,T004747,pending,2024-07-04T12:00:00+00:00,
R003241,T004748,disputed,2024-08-16T12:00:00+00:00,auto-matched
R003242,T004749,reconciled,2024-09-19T12:00:00+00:00,auto-matched
R003243,T004750,pending,2024-10-24T12:00:00+00:00,
R003244,T004751,disputed,2024-11-24T12:00:00+00:00,auto-matched
R003245,T004753,pending,2023-01-10T12:00:00+00:00,auto-matched
R003246,T004755,disputed,2023-03-24T12:00:00+00:00,
R003247,T004757,pending,2023-05-30T12:00:00+00:00,auto-matched
R003248,T004759,pending,2023-07-06T12:00:00+00:00,auto-matched
R003249,T004760,disputed,2023-08-20T12:00:00+00:00,
R003250,T004761,pending,2023-09-05T12:00:00+00:00,auto-matched
R003251,T004762,reconciled,2023-10-20T12:00:00+00:00,auto-matched
R003252,T004765,reconciled,2024-01-21T12:00:00+00:00,
R003253,T004766,reconciled,2024-02-12T12:00:00+00:00,auto-matched
R003254,T004767,pending,2024-03-08T12:00:00+00:00,auto-matched
R003255,T004769,disputed,2024-05-14T12:00:00+00:00,
R003256,T004770,reconciled,2024-06-29T12:00:00+00:00,auto-matched
R003257,T004771,reconciled,2024-07-26T12:00:00+00:00,auto-matched
R003258,T004772,reconciled,2024-08-07T12:00:00+00:00,
R003259,T004775,pending,2024-11-22T12:00:00+00:00,auto-matched
R003260,T004776,reconciled,2024-12-18T12:00:00+00:00,auto-matched
R003261,T004777,disputed,2023-01-02T12:00:00+00:00,
R003262,T004778,pending,2023-02-07T12:00:00+00:00,auto-matched
R003263,T004779,reconciled,2023-03-03T12:00:00+00:00,auto-matched
R003264,T004780,pending,2023-04-07T12:00:00+00:00,
R003265,T004781,pending,2023-05-16T12:00:00+00:00,auto-matched
R003266,T004782,reconciled,2023-06-01T12:00:00+00:00,auto-matched
R003267,T004783,reconciled,2023-07-29T12:00:00+00:00,
R003268,T004784,reconciled,2023-08-06T12:00:00+00:00,auto-matched
R003269,T004786,disputed,2023-10-17T12:00:00+00:00,auto-matched
R003270,T004787,reconciled,2023-11-30T12:00:00+00:00,
R003271,T004788,disputed,2023-12-04T12:00:00+00:00,auto-matched
R003272,T004790,disputed,2024-02-05T12:00:00+00:00,auto-matched
R003273,T004791,disputed,2024-03-22T12:00:00+00:00,
R003274,T004792,reconciled,2024-04-14T12:00:00+00:00,auto-matched
R003275,T004796,reconciled,2024-08-22T12:00:00+00:00,auto-matched
R003276,T004798,pending,2024-10-13T12:00:00+00:00,
R003277,T004799,disputed,2024-11-08T12:00:00+00:00,auto-matched
R003278,T004800,disputed,2024-12-17T12:00:00+00:00,auto-matched
R003279,T004802,pending,2023-02-12T12:00:00+00:00,
R003280,T004803,reconciled,2023-03-01T12:00:00+00:00,auto-matched
R003281,T004804,reconciled,2023-04-26T12:00:00+00:00,auto-matched
R003282,T004806,reconciled,2023-06-12T12:00:00+00:00,
R003283,T004807,disputed,2023-07-24T12:00:00+00:00,auto-matched
R003284,T004808,disputed,2023-08-21T12:00:00+00:00,auto-matched
R003285,T004811,disputed,2023-11-06T12:00:00+00:00,
R003286,T004812,disputed,2023-12-31T12:00:00+00:00,auto-matched
R003287,T004813,pending,2024-01-27T12:00:00+00:00,auto-matched
R003288,T004814,disputed,2024-02-07T12:00:00+00:00,
R003289,T004815,reconciled,2024-03-16T12:00:00+00:00,auto-matched
R003290,T004816,reconciled,2024-04-30T12:00:00+00:00,auto-matched
R003291,T004818,reconciled,2024-06-15T12:00:00+00:00,
R003292,T004819,disputed,2024-07-08T12:00:00+00:00,auto-matched
R003293,T004820,disputed,2024-08-15T12:00:00+00:00,auto-matched
R003294,T004821,pending,2024-09-04T12:00:00+00:00,
R003295,T004823,pending,2024-11-15T12:00:00+00:00,auto-matched
R003296,T004824,pending,2024-12-21T12:00:00+00:00,auto-matched
R003297,T004825,reconciled,2023-01-28T12:00:00+00:00,
R003298,T004826,disputed,2023-02-13T12:00:00+00:00,auto-matched
R003299,T004827,disputed,2023-03-28T12:00:00+00:00,auto-matched
R003300,T004828,disputed,2023-04-30T12:00:00+00:00,
R003301,T004829,disputed,2023-05-31T12:00:00+00:00,auto-matched
R003302,T004830,disputed,2023-06-27T12:00:00+00:00,auto-matched
R003303,T004831,pending,2023-07-26T12:00:00+00:00,
R003304,T004833,reconciled,2023-09-02T12:00:00+00:00,auto-matched
R003305,T004834,pending,2023-10-10T12:00:00+00:00,auto-matched
R003306,T004835,disputed,2023-11-24T12:00:00+00:00,
R003307,T004836,pending,2023-12-27T12:00:00+00:00,auto-matched
R003308,T004837,pending,2024-01-26T12:00:00+00:00,auto-matched
R003309,T004838,reconciled,2024-02-26T12:00:00+00:00,
R003310,T004839,pending,2024-03-11T12:00:00+00:00,auto-matched
R003311,T004840,reconciled,2024-04-15T12:00:00+00:00,auto-matched
R003312,T004841,reconciled,2024-05-13T12:00:00+00:00,
R003313,T004842,disputed,2024-06-11T12:00:00+00:00,auto-matched
R003314,T004843,reconciled,2024-07-13T12:00:00+00:00,auto-matched
R003315,T004844,pending,2024-08-25T12:00:00+00:00,
R003316,T004845,disputed,2024-09-19T12:00:00+00:00,auto-matched
R003317,T004846,reconciled,2024-10-22T12:00:00+00:00,auto-matched
R003318,T004847,disputed,2024-11-17T12:00:00+00:00,
R003319,T004848,pending,2024-12-08T12:00:00+00:00,auto-matched
R003320,T004849,reconciled,2023-01-10T12:00:00+00:00,auto-matched
R003321,T004850,pending,2023-02-06T12:00:00+00:00,
R003322,T004851,disputed,2023-03-26T12:00:00+00:00,auto-matched
R003323,T004852,pending,2023-04-13T12:00:00+00:00,auto-matched
R003324,T004855,pending,2023-07-09T12:00:00+00:00,
R003325,T004857,pending,2023-09-20T12:00:00+00:00,auto-matched
R003326,T004858,reconciled,2023-10-23T12:00:00+00:00,auto-matched
R003327,T004859,reconciled,2023-11-06T12:00:00+00:00,
R003328,T004862,reconciled,2024-02-26T12:00:00+00:00,auto-matched
R003329,T004864,disputed,2024-04-28T12:00:00+00:00,auto-matched
R003330,T004866,pending,2024-06-19T12:00:00+00:00,
R003331,T004867,pending,2024-07-25T12:00:00+00:00,auto-matched
R003332,T004868,reconciled,2024-08-02T12:00:00+00:00,auto-matched
R003333,T004869,reconciled,2024-09-04T12:00:00+00:00,
R003334,T004870,reconciled,2024-10-05T12:00:00+00:00,auto-matched
R003335,T004873,reconciled,2023-01-09T12:00:00+00:00,auto-matched
R003336,T004874,pending,2023-02-22T12:00:00+00:00,
R003337,T004876,reconciled,2023-04-15T12:00:00+00:00,auto-matched
R003338,T004877,disputed,2023-05-28T12:00:00+00:00,auto-matched
R003339,T004878,reconciled,2023-06-29T12:00:00+00:00,
R003340,T004879,pending,2023-07-04T12:00:00+00:00,auto-matched
R003341,T004880,pending,2023-08-01T12:00:00+00:00,auto-matched
R003342,T004882,reconciled,2023-10-07T12:00:00+00:00,
R003343,T004883,reconciled,2023-11-22T12:00:00+00:00,auto-matched
R003344,T004884,disputed,2023-12-23T12:00:00+00:00,auto-matched
R003345,T004885,reconciled,2024-01-23T12:00:00+00:00,
R003346,T004886,reconciled,2024-02-09T12:00:00+00:00,auto-matched
R003347,T004887,disputed,2024-03-12T12:00:00+00:00,auto-matched
R003348,T004890,pending,2024-06-29T12:00:00+00:00,
R003349,T004891,pending,2024-07-16T12:00:00+00:00,auto-matched
R003350,T004892,reconciled,2024-08-09T12:00:00+00:00,auto-matched
R003351,T004893,disputed,2024-09-01T12:00:00+00:00,
R003352,T004894,disputed,2024-10-24T12:00:00+00:00,auto-matched
R003353,T004896,disputed,2024-12-31T12:00:00+00:00,auto-matched
R003354,T004897,pending,2023-01-06T12:00:00+00:00,
R003355,T004898,reconciled,2023-02-06T12:00:00+00:00,auto-matched
R003356,T004899,disputed,2023-03-15T12:00:00+00:00,auto-matched
R003357,T004900,reconciled,2023-04-28T12:00:00+00:00,
R003358,T004903,pending,2023-07-22T12:00:00+00:00,auto-matched
R003359,T004906,reconciled,2023-10-19T12:00:00+00:00,auto-matched
R003360,T004907,reconciled,2023-11-22T12:00:00+00:00,
R003361,T004908,reconciled,2023-12-30T12:00:00+00:00,auto-matched
R003362,T004911,reconciled,2024-03-15T12:00:00+00:00,auto-matched
R003363,T004912,pending,2024-04-05T12:00:00+00:00,
R003364,T004913,pending,2024-05-25T12:00:00+00:00,auto-matched
R003365,T004915,disputed,2024-07-08T12:00:00+00:00,auto-matched
R003366,T004916,disputed,2024-08-29T12:00:00+00:00,
R003367,T004919,disputed,2024-11-03T12:00:00+00:00,auto-matched
R003368,T004923,reconciled,2023-03-20T12:00:00+00:00,auto-matched
R003369,T004924,reconciled,2023-04-19T12:00:00+00:00,
R003370,T004926,pending,2023-06-10T12:00:00+00:00,auto-matched
R003371,T004927,reconciled,2023-07-06T12:00:00+00:00,auto-matched
R003372,T004929,reconciled,2023-09-09T12:00:00+00:00,
R003373,T004930,disputed,2023-10-30T12:00:00+00:00,auto-matched
R003374,T004931,disputed,2023-11-01T12:00:00+00:00,auto-matched
R003375,T004932,pending,2023-12-22T12:00:00+00:00,
R003376,T004933,reconciled,2024-01-14T12:00:00+00:00,auto-matched
R003377,T004936,disputed,2024-04-12T12:00:00+00:00,auto-matched
R003378,T004938,reconciled,2024-06-03T12:00:00+00:00,
R003379,T004939,reconciled,2024-07-14T12:00:00+00:00,auto-matched
R003380,T004940,pending,2024-08-09T12:00:00+00:00,auto-matched
R003381,T004941,pending,2024-09-06T12:00:00+00:00,
R003382,T004942,reconciled,2024-10-24T12:00:00+00:00,auto-matched
R003383,T004943,pending,2024-11-15T12:00:00+00:00,auto-matched
R003384,T004945,reconciled,2023-01-23T12:00:00+00:00,
R003385,T004946,reconciled,2023-02-19T12:00:00+00:00,auto-matched
R003386,T004947,disputed,2023-03-12T12:00:00+00:00,auto-matched
R003387,T004949,disputed,2023-05-12T12:00:00+00:00,
R003388,T004950,pending,2023-06-07T12:00:00+00:00,auto-matched
R003389,T004951,disputed,2023-07-19T12:00:00+00:00,auto-matched
R003390,T004952,disputed,2023-08-21T12:00:00+00:00,
R003391,T004953,disputed,2023-09-02T12:00:00+00:00,auto-matched
R003392,T004954,reconciled,2023-10-15T12:00:00+00:00,auto-matched
R003393,T004956,reconciled,2023-12-24T12:00:00+00:00,
R003394,T004957,reconciled,2024-01-28T12:00:00+00:00,auto-matched
R003395,T004958,reconciled,2024-02-13T12:00:00+00:00,auto-matched
R003396,T004960,pending,2024-04-22T12:00:00+00:00,
R003397,T004961,reconciled,2024-05-28T12:00:00+00:00,auto-matched
R003398,T004963,disputed,2024-07-31T12:00:00+00:00,auto-matched
R003399,T004966,disputed,2024-10-31T12:00:00+00:00,
R003400,T004968,pending,2024-12-29T12:00:00+00:00,auto-matched
R003401,T004969,pending,2023-01-18T12:00:00+00:00,auto-matched
R003402,T004970,reconciled,2023-02-25T12:00:00+00:00,
R003403,T004971,disputed,2023-03-05T12:00:00+00:00,auto-matched
R003404,T004972,reconciled,2023-04-10T12:00:00+00:00,auto-matched
R003405,T004973,disputed,2023-05-29T12:00:00+00:00,
R003406,T004974,disputed,2023-06-01T12:00:00+00:00,auto-matched
R003407,T004975,reconciled,2023-07-15T12:00:00+00:00,auto-matched
R003408,T004977,pending,2023-09-13T12:00:00+00:00,
R003409,T004979,pending,2023-11-16T12:00:00+00:00,auto-matched
R003410,T004980,reconciled,2023-12-06T12:00:00+00:00,auto-matched
R003411,T004981,pending,2024-01-30T12:00:00+00:00,
R003412,T004982,disputed,2024-02-06T12:00:00+00:00,auto-matched
R003413,T004983,reconciled,2024-03-06T12:00:00+00:00,auto-matched
R003414,T004984,disputed,2024-04-23T12:00:00+00:00,
R003415,T004985,pending,2024-05-16T12:00:00+00:00,auto-matched
R003416,T004986,reconciled,2024-06-06T12:00:00+00:00,auto-matched
R003417,T004987,pending,2024-07-01T12:00:00+00:00,
R003418,T004988,disputed,2024-08-08T12:00:00+00:00,auto-matched
R003419,T004989,reconciled,2024-09-25T12:00:00+00:00,auto-matched
R003420,T004991,reconciled,2024-11-15T12:00:00+00:00,
R003421,T004994,reconciled,2023-02-24T12:00:00+00:00,auto-matched
R003422,T004995,disputed,2023-03-22T12:00:00+00:00,auto-matched
R003423,T004996,pending,2023-04-03T12:00:00+00:00,
R003424,T004997,disputed,2023-05-23T12:00:00+00:00,auto-matched
R003425,T004998,reconciled,2023-06-07T12:00:00+00:00,auto-matched
R003426,T004999,reconciled,2023-07-05T12:00:00+00:00,
R003427,T005000,disputed,2023-08-01T12:00:00+00:00,auto-matched
R003428,T005001,pending,2023-09-06T12:00:00+00:00,auto-matched
R003429,T005002,pending,2023-10-31T12:00:00+00:00,
R003430,T005003,pending,2023-11-25T12:00:00+00:00,auto-matched
R003431,T005004,pending,2023-12-10T12:00:00+00:00,auto-matched
R003432,T005005,reconciled,2024-01-05T12:00:00+00:00,
R003433,T005007,disputed,2024-03-29T12:00:00+00:00,auto-matched
R003434,T005010,disputed,2024-06-22T12:00:00+00:00,auto-matched
R003435,T005013,pending,2024-09-21T12:00:00+00:00,
R003436,T005016,disputed,2024-12-06T12:00:00+00:00,auto-matched
R003437,T005019,pending,2023-03-31T12:00:00+00:00,auto-matched
R003438,T005020,pending,2023-04-14T12:00:00+00:00,
R003439,T005022,pending,2023-06-24T12:00:00+00:00,auto-matched
R003440,T005023,disputed,2023-07-19T12:00:00+00:00,auto-matched
R003441,T005024,pending,2023-08-17T12:00:00+00:00,
R003442,T005025,reconciled,2023-09-06T12:00:00+00:00,auto-matched
R003443,T005026,reconciled,2023-10-06T12:00:00+00:00,auto-matched
R003444,T005027,pending,2023-11-05T12:00:00+00:00,
R003445,T005030,disputed,2024-02-18T12:00:00+00:00,auto-matched
R003446,T005031,disputed,2024-03-16T12:00:00+00:00,auto-matched
R003447,T005033,disputed,2024-05-29T12:00:00+00:00,
R003448,T005034,pending,2024-06-08T12:00:00+00:00,auto-matched
R003449,T005036,pending,2024-08-19T12:00:00+00:00,auto-matched
R003450,T005039,pending,2024-11-05T12:00:00+00:00,
R003451,T005040,reconciled,2024-12-14T12:00:00+00:00,auto-matched
R003452,T005042,disputed,2023-02-09T12:00:00+00:00,auto-matched
R003453,T005043,reconciled,2023-03-19T12:00:00+00:00,
R003454,T005045,reconciled,2023-05-10T12:00:00+00:00,auto-matched
R003455,T005047,reconciled,2023-07-04T12:00:00+00:00,auto-matched
R003456,T005048,pending,2023-08-03T12:00:00+00:00,
R003457,T005049,pending,2023-09-01T12:00:00+00:00,auto-matched
R003458,T005050,reconciled,2023-10-24T12:00:00+00:00,auto-matched
R003459,T005053,pending,2024-01-18T12:00:00+00:00,
R003460,T005054,reconciled,2024-02-08T12:00:00+00:00,auto-matched
R003461,T005055,disputed,2024-03-14T12:00:00+00:00,auto-matched
R003462,T005056,pending,2024-04-02T12:00:00+00:00,
R003463,T005057,reconciled,2024-05-27T12:00:00+00:00,auto-matched
R003464,T005060,reconciled,2024-08-11T12:00:00+00:00,auto-matched
R003465,T005062,disputed,2024-10-18T12:00:00+00:00,
R003466,T005063,reconciled,2024-11-14T12:00:00+00:00,auto-matched
R003467,T005066,reconciled,2023-02-01T12:00:00+00:00,auto-matched
R003468,T005069,pending,2023-05-09T12:00:00+00:00,
R003469,T005070,pending,2023-06-22T12:00:00+00:00,auto-matched
R003470,T005071,disputed,2023-07-12T12:00:00+00:00,auto-matched
R003471,T005073,pending,2023-09-04T12:00:00+00:00,
R003472,T005074,pending,2023-10-20T12:00:00+00:00,auto-matched
R003473,T005076,pending,2023-12-10T12:00:00+00:00,auto-matched
R003474,T005077,disputed,2024-01-24T12:00:00+00:00,
R003475,T005079,disputed,2024-03-14T12:00:00+00:00,auto-matched
R003476,T005080,reconciled,2024-04-09T12:00:00+00:00,auto-matched
R003477,T005083,disputed,2024-07-23T12:00:00+00:00,
R003478,T005085,disputed,2024-09-13T12:00:00+00:00,auto-matched
R003479,T005087,reconciled,2024-11-19T12:00:00+00:00,auto-matched
R003480,T005088,disputed,2024-12-12T12:00:00+00:00,
R003481,T005089,pending,2023-01-18T12:00:00+00:00,auto-matched
R003482,T005091,disputed,2023-03-29T12:00:00+00:00,auto-matched
R003483,T005092,disputed,2023-04-02T12:00:00+00:00,
R003484,T005093,pending,2023-05-30T12:00:00+00:00,auto-matched
R003485,T005094,pending,2023-06-13T12:00:00+00:00,auto-matched
R003486,T005095,disputed,2023-07-01T12:00:00+00:00,
R003487,T005096,pending,2023-08-31T12:00:00+00:00,auto-matched
R003488,T005097,pending,2023-09-07T12:00:00+00:00,auto-matched
R003489,T005098,pending,2023-10-23T12:00:00+00:00,
R003490,T005102,disputed,2024-02-12T12:00:00+00:00,auto-matched
R003491,T005104,disputed,2024-04-10T12:00:00+00:00,auto-matched
R003492,T005105,reconciled,2024-05-24T12:00:00+00:00,
R003493,T005106,disputed,2024-06-12T12:00:00+00:00,auto-matched
R003494,T005107,pending,2024-07-09T12:00:00+00:00,auto-matched
R003495,T005110,disputed,2024-10-08T12:00:00+00:00,
R003496,T005111,reconciled,2024-11-01T12:00:00+00:00,auto-matched
R003497,T005112,disputed,2024-12-16T12:00:00+00:00,auto-matched
R003498,T005113,disputed,2023-01-21T12:00:00+00:00,
R003499,T005114,disputed,2023-02-19T12:00:00+00:00,auto-matched
R003500,T005115,reconciled,2023-03-07T12:00:00+00:00,auto-matched
R003501,T005117,pending,2023-05-01T12:00:00+00:00,
R003502,T005118,reconciled,2023-06-23T12:00:00+00:00,auto-matched
R003503,T005119,pending,2023-07-05T12:00:00+00:00,auto-matched
R003504,T005120,disputed,2023-08-15T12:00:00+00:00,
R003505,T005121,reconciled,2023-09-12T12:00:00+00:00,auto-matched
R003506,T005123,disputed,2023-11-27T12:00:00+00:00,auto-matched
R003507,T005124,disputed,2023-12-10T12:00:00+00:00,
R003508,T005125,reconciled,2024-01-21T12:00:00+00:00,auto-matched
R003509,T005126,reconciled,2024-02-23T12:00:00+00:00,auto-matched
R003510,T005127,disputed,2024-03-18T12:00:00+00:00,
R003511,T005132,pending,2024-08-31T12:00:00+00:00,auto-matched
R003512,T005134,pending,2024-10-25T12:00:00+00:00,auto-matched
R003513,T005135,disputed,2024-11-19T12:00:00+00:00,
R003514,T005136,pending,2024-12-28T12:00:00+00:00,auto-matched
R003515,T005137,disputed,2023-01-08T12:00:00+00:00,auto-matched
R003516,T005138,pending,2023-02-13T12:00:00+00:00,
R003517,T005139,reconciled,2023-03-04T12:00:00+00:00,auto-matched
R003518,T005145,disputed,2023-09-23T12:00:00+00:00,auto-matched
R003519,T005146,reconciled,2023-10-13T12:00:00+00:00,
R003520,T005147,pending,2023-11-08T12:00:00+00:00,auto-matched
R003521,T005149,pending,2024-01-11T12:00:00+00:00,auto-matched
R003522,T005150,disputed,2024-02-01T12:00:00+00:00,
R003523,T005151,disputed,2024-03-11T12:00:00+00:00,auto-matched
R003524,T005152,disputed,2024-04-11T12:00:00+00:00,auto-matched
R003525,T005153,disputed,2024-05-14T12:00:00+00:00,
R003526,T005154,disputed,2024-06-26T12:00:00+00:00,auto-matched
R003527,T005155,disputed,2024-07-23T12:00:00+00:00,auto-matched
R003528,T005156,reconciled,2024-08-12T12:00:00+00:00,
R003529,T005157,pending,2024-09-07T12:00:00+00:00,auto-matched
R003530,T005158,pending,2024-10-27T12:00:00+00:00,auto-matched
R003531,T005160,pending,2024-12-17T12:00:00+00:00,
R003532,T005161,reconciled,2023-01-11T12:00:00+00:00,auto-matched
R003533,T005162,disputed,2023-02-27T12:00:00+00:00,auto-matched
R003534,T005163,disputed,2023-03-06T12:00:00+00:00,
R003535,T005164,disputed,2023-04-07T12:00:00+00:00,auto-matched
R003536,T005165,reconciled,2023-05-16T12:00:00+00:00,auto-matched
R003537,T005167,disputed,2023-07-14T12:00:00+00:00,
R003538,T005169,disputed,2023-09-17T12:00:00+00:00,auto-matched
R003539,T005170,pending,2023-10-17T12:00:00+00:00,auto-matched
R003540,T005172,reconciled,2023-12-03T12:00:00+00:00,
R003541,T005175,disputed,2024-03-03T12:00:00+00:00,auto-matched
R003542,T005177,reconciled,2024-05-30T12:00:00+00:00,auto-matched
R003543,T005178,disputed,2024-06-02T12:00:00+00:00,
R003544,T005179,reconciled,2024-07-17T12:00:00+00:00,auto-matched
R003545,T005183,reconciled,2024-11-22T12:00:00+00:00,auto-matched
R003546,T005184,pending,2024-12-14T12:00:00+00:00,
R003547,T005186,disputed,2023-02-14T12:00:00+00:00,auto-matched
R003548,T005189,disputed,2023-05-31T12:00:00+00:00,auto-matched
R003549,T005190,pending,2023-06-21T12:00:00+00:00,
R003550,T005191,pending,2023-07-26T12:00:00+00:00,auto-matched
R003551,T005192,reconciled,2023-08-27T12:00:00+00:00,auto-matched
R003552,T005193,reconciled,2023-09-17T12:00:00+00:00,
R003553,T005197,reconciled,2024-01-19T12:00:00+00:00,auto-matched
R003554,T005198,pending,2024-02-22T12:00:00+00:00,auto-matched
R003555,T005199,reconciled,2024-03-09T12:00:00+00:00,
